vote_decision,year,ons_const_code,constituency_name,under_30,over_65,age,gender,left_right,weight
Labour,2015,E14000535,Ashfield,35.06780226465451,17.48042467178209,45,Male,5,0.5941370129585266
Labour,2015,E14000535,Ashfield,35.06780226465451,17.48042467178209,49,Male,5,1.1882740259170532
Labour,2015,E14000535,Ashfield,35.06780226465451,17.48042467178209,62,Male,5,0.48416298627853394
Labour,2015,E14000535,Ashfield,35.06780226465451,17.48042467178209,26,Female,3,1.4195929765701294
Conservatives,2015,E14000546,Bassetlaw,33.86636868064119,18.51302404438964,67,Female,5,0.48507601022720337
Labour,2015,E14000546,Bassetlaw,33.86636868064119,18.51302404438964,65,Female,5,0.48507601022720337
Labour,2015,E14000546,Bassetlaw,33.86636868064119,18.51302404438964,65,Male,3,0.9683250188827515
Labour,2015,E14000546,Bassetlaw,33.86636868064119,18.51302404438964,56,Male,5,0.9683250188827515
Conservatives,2015,E14000546,Bassetlaw,33.86636868064119,18.51302404438964,83,Male,5,1.1135690212249756
Labour,2015,E14000546,Bassetlaw,33.86636868064119,18.51302404438964,56,Female,3,0.48507601022720337
Conservatives,2015,E14000546,Bassetlaw,33.86636868064119,18.51302404438964,86,Female,10,0.7427840232849121
Labour,2015,E14000546,Bassetlaw,33.86636868064119,18.51302404438964,35,Female,,0.9967989921569824
Labour,2015,E14000546,Bassetlaw,33.86636868064119,18.51302404438964,23,Female,5,1.1312689781188965
Conservatives,2015,E14000546,Bassetlaw,33.86636868064119,18.51302404438964,71,Male,10,0.48416298627853394
Labour,2015,E14000577,Bolsover,34.19177966191398,18.51851851851852,33,Female,,1.4195929765701294
Labour,2015,E14000577,Bolsover,34.19177966191398,18.51851851851852,44,Female,0,1.4951980113983154
Conservatives,2015,E14000577,Bolsover,34.19177966191398,18.51851851851852,70,Female,5,0.9701529741287231
Labour,2015,E14000577,Bolsover,34.19177966191398,18.51851851851852,49,Male,6,1.7824100255966187
Labour,2015,E14000577,Bolsover,34.19177966191398,18.51851851851852,55,Female,2,0.9701529741287231
Labour,2015,E14000577,Bolsover,34.19177966191398,18.51851851851852,-1,Female,4,1.1028269529342651
Conservatives,2015,E14000607,Broxtowe,34.15147781954492,18.18555137884196,61,Female,5,0.48507601022720337
Conservatives,2015,E14000607,Broxtowe,34.15147781954492,18.18555137884196,54,Female,5,0.9967989921569824
Labour,2015,E14000607,Broxtowe,34.15147781954492,18.18555137884196,34,Female,5,1.4195929765701294
Conservatives,2015,E14000607,Broxtowe,34.15147781954492,18.18555137884196,66,Female,6,0.9701529741287231
Conservatives,2015,E14000607,Broxtowe,34.15147781954492,18.18555137884196,75,Female,5,0.7427840232849121
Conservatives,2015,E14000625,Charnwood,33.38434584371174,19.32494617300629,37,Male,6,1.1882740259170532
Labour,2015,E14000625,Charnwood,33.38434584371174,19.32494617300629,37,Female,,0.4983989894390106
Conservatives,2015,E14000625,Charnwood,33.38434584371174,19.32494617300629,49,Female,,1.4951980113983154
Conservatives,2015,E14000625,Charnwood,33.38434584371174,19.32494617300629,49,Female,,0.9967989921569824
Conservatives,2015,E14000625,Charnwood,33.38434584371174,19.32494617300629,68,Male,7,0.48416298627853394
Labour,2015,E14000625,Charnwood,33.38434584371174,19.32494617300629,33,Male,8,0.6443650126457214
Labour,2015,E14000625,Charnwood,33.38434584371174,19.32494617300629,58,Male,4,0.9683250188827515
Conservatives,2015,E14000625,Charnwood,33.38434584371174,19.32494617300629,53,Female,,0.9967989921569824
Conservatives,2015,E14000625,Charnwood,33.38434584371174,19.32494617300629,71,Female,,0.9701529741287231
Labour,2015,E14000625,Charnwood,33.38434584371174,19.32494617300629,42,Female,5,0.9967989921569824
Conservatives,2015,E14000660,Daventry,33.01651571656899,17.48108684070325,63,Female,6,0.9701529741287231
Conservatives,2015,E14000660,Daventry,33.01651571656899,17.48108684070325,37,Female,5,1.4951980113983154
Conservatives,2015,E14000660,Daventry,33.01651571656899,17.48108684070325,40,Female,7,0.4983989894390106
Conservatives,2015,E14000660,Daventry,33.01651571656899,17.48108684070325,71,Female,5,0.9701529741287231
Labour,2015,E14000662,Derby North,41.74815346431028,15.07829710036582,37,Female,3,0.9967989921569824
Conservatives,2015,E14000662,Derby North,41.74815346431028,15.07829710036582,73,Female,6,0.9701529741287231
Labour,2015,E14000662,Derby North,41.74815346431028,15.07829710036582,37,Male,0,0.5941370129585266
Conservatives,2015,E14000662,Derby North,41.74815346431028,15.07829710036582,76,Female,5,1.4855680465698242
Conservatives,2015,E14000662,Derby North,41.74815346431028,15.07829710036582,23,Female,6,2.26253604888916
Labour,2015,E14000662,Derby North,41.74815346431028,15.07829710036582,70,Female,5,0.9701529741287231
Labour,2015,E14000663,Derby South,43.84406115177107,13.27000760275165,39,Female,3,2.491997003555298
Labour,2015,E14000663,Derby South,43.84406115177107,13.27000760275165,65,Male,5,0.48416298627853394
Labour,2015,E14000663,Derby South,43.84406115177107,13.27000760275165,34,Female,5,0.7097970247268677
Labour,2015,E14000663,Derby South,43.84406115177107,13.27000760275165,54,Female,3,0.4983989894390106
Labour,2015,E14000663,Derby South,43.84406115177107,13.27000760275165,38,Female,,0.9967989921569824
Conservatives,2015,E14000663,Derby South,43.84406115177107,13.27000760275165,73,Female,6,0.48507601022720337
Conservatives,2015,E14000714,Grantham and Stamford,33.81517563774655,18.60505215966894,54,Male,6,0.5941370129585266
Conservatives,2015,E14000714,Grantham and Stamford,33.81517563774655,18.60505215966894,63,Male,6,0.9683250188827515
Conservatives,2015,E14000714,Grantham and Stamford,33.81517563774655,18.60505215966894,88,Female,,0.7427840232849121
Conservatives,2015,E14000714,Grantham and Stamford,33.81517563774655,18.60505215966894,78,Male,6,1.1135690212249756
Conservatives,2015,E14000714,Grantham and Stamford,33.81517563774655,18.60505215966894,85,Male,5,1.1135690212249756
Conservatives,2015,E14000714,Grantham and Stamford,33.81517563774655,18.60505215966894,74,Female,6,0.9701529741287231
Conservatives,2015,E14000728,Harborough,34.91784387355705,18.93862629393416,45,Male,6,1.1882740259170532
Conservatives,2015,E14000728,Harborough,34.91784387355705,18.93862629393416,76,Female,,0.7427840232849121
Conservatives,2015,E14000728,Harborough,34.91784387355705,18.93862629393416,60,Female,,0.48507601022720337
Labour,2015,E14000783,Leicester South,50.84879324653986,10.37497799424916,65,Male,7,1.4524869918823242
Conservatives,2015,E14000783,Leicester South,50.84879324653986,10.37497799424916,53,Female,7,0.9967989921569824
Labour,2015,E14000783,Leicester South,50.84879324653986,10.37497799424916,21,Female,5,2.26253604888916
Labour,2015,E14000792,Lincoln,42.89314800534166,14.87200707205598,27,Female,4,0.7097970247268677
Conservatives,2015,E14000792,Lincoln,42.89314800534166,14.87200707205598,51,Male,6,1.1882740259170532
Conservatives,2015,E14000792,Lincoln,42.89314800534166,14.87200707205598,22,Female,5,1.1312689781188965
Labour,2015,E14000792,Lincoln,42.89314800534166,14.87200707205598,22,Male,4,0.7986099720001221
Labour,2015,E14000792,Lincoln,42.89314800534166,14.87200707205598,35,Female,4,0.4983989894390106
Conservatives,2015,E14000792,Lincoln,42.89314800534166,14.87200707205598,58,Male,7,0.9683250188827515
Conservatives,2015,E14000792,Lincoln,42.89314800534166,14.87200707205598,56,Female,5,0.9701529741287231
Labour,2015,E14000797,Loughborough,42.97871482299323,14.83811770874295,82,Female,5,0.7427840232849121
Labour,2015,E14000797,Loughborough,42.97871482299323,14.83811770874295,84,Female,5,0.7427840232849121
Labour,2015,E14000797,Loughborough,42.97871482299323,14.83811770874295,73,Female,,1.4552279710769653
Labour,2015,E14000797,Loughborough,42.97871482299323,14.83811770874295,29,Female,,0.7097970247268677
Conservatives,2015,E14000797,Loughborough,42.97871482299323,14.83811770874295,64,Male,7,0.9683250188827515
Labour,2015,E14000810,Mansfield,35.96864051461719,17.17879501464591,54,Male,6,0.5941370129585266
Labour,2015,E14000810,Mansfield,35.96864051461719,17.17879501464591,62,Female,7,0.9701529741287231
Conservatives,2015,E14000810,Mansfield,35.96864051461719,17.17879501464591,46,Male,5,0.5941370129585266
Labour,2015,E14000810,Mansfield,35.96864051461719,17.17879501464591,51,Female,3,0.9967989921569824
Labour,2015,E14000810,Mansfield,35.96864051461719,17.17879501464591,71,Male,10,0.48416298627853394
Conservatives,2015,E14000810,Mansfield,35.96864051461719,17.17879501464591,77,Male,5,0.5567839741706848
Conservatives,2015,E14000810,Mansfield,35.96864051461719,17.17879501464591,46,Female,5,0.4983989894390106
Labour,2015,E14000810,Mansfield,35.96864051461719,17.17879501464591,54,Male,5,1.1882740259170532
Conservatives,2015,E14000810,Mansfield,35.96864051461719,17.17879501464591,37,Female,6,0.9967989921569824
Labour,2015,E14000810,Mansfield,35.96864051461719,17.17879501464591,79,Female,5,1.4855680465698242
Labour,2015,E14000829,Newark,32.48531894033577,19.30117145254051,39,Male,,1.1882740259170532
Conservatives,2015,E14000829,Newark,32.48531894033577,19.30117145254051,58,Female,,0.9701529741287231
Conservatives,2015,E14000829,Newark,32.48531894033577,19.30117145254051,70,Female,8,0.48507601022720337
Conservatives,2015,E14000829,Newark,32.48531894033577,19.30117145254051,65,Male,7,0.9683250188827515
Conservatives,2015,E14000829,Newark,32.48531894033577,19.30117145254051,60,Female,7,0.48507601022720337
Labour,2015,E14000843,North East Derbyshire,31.36131756013897,20.91340868112054,60,Male,4,0.9683250188827515
Conservatives,2015,E14000843,North East Derbyshire,31.36131756013897,20.91340868112054,69,Female,5,0.9701529741287231
Conservatives,2015,E14000843,North East Derbyshire,31.36131756013897,20.91340868112054,61,Male,8,0.9683250188827515
Labour,2015,E14000843,North East Derbyshire,31.36131756013897,20.91340868112054,53,Female,5,0.9967989921569824
Conservatives,2015,E14000843,North East Derbyshire,31.36131756013897,20.91340868112054,57,Female,5,0.9701529741287231
Conservatives,2015,E14000843,North East Derbyshire,31.36131756013897,20.91340868112054,75,Female,,0.7427840232849121
Conservatives,2015,E14000843,North East Derbyshire,31.36131756013897,20.91340868112054,54,Male,6,1.1882740259170532
Labour,2015,E14000861,Northampton North,39.97122702803044,15.16846111007982,63,Male,1,0.48416298627853394
Labour,2015,E14000861,Northampton North,39.97122702803044,15.16846111007982,43,Male,10,2.37654709815979
Labour,2015,E14000861,Northampton North,39.97122702803044,15.16846111007982,50,Male,5,0.5941370129585266
Conservatives,2015,E14000861,Northampton North,39.97122702803044,15.16846111007982,37,Female,7,0.9967989921569824
Conservatives,2015,E14000861,Northampton North,39.97122702803044,15.16846111007982,64,Male,7,0.9683250188827515
Conservatives,2015,E14000861,Northampton North,39.97122702803044,15.16846111007982,71,Female,5,0.9701529741287231
Conservatives,2015,E14000862,Northampton South,41.51150990760028,12.57383966244726,81,Female,5,1.4855680465698242
Labour,2015,E14000862,Northampton South,41.51150990760028,12.57383966244726,26,Female,,2.1293880939483643
Conservatives,2015,E14000862,Northampton South,41.51150990760028,12.57383966244726,56,Male,5,0.48416298627853394
Conservatives,2015,E14000908,Rushcliffe,34.03641418236577,18.29028147804935,-1,Female,6,1.1028269529342651
Labour,2015,E14000908,Rushcliffe,34.03641418236577,18.29028147804935,26,Female,4,2.1293880939483643
Conservatives,2015,E14000908,Rushcliffe,34.03641418236577,18.29028147804935,52,Female,5,0.9967989921569824
Labour,2015,E14000908,Rushcliffe,34.03641418236577,18.29028147804935,64,Male,1,0.9683250188827515
Conservatives,2015,E14000908,Rushcliffe,34.03641418236577,18.29028147804935,67,Male,5,1.4524869918823242
Conservatives,2015,E14000908,Rushcliffe,34.03641418236577,18.29028147804935,47,Female,5,0.4983989894390106
Labour,2015,E14000908,Rushcliffe,34.03641418236577,18.29028147804935,18,Male,5,2.680999994277954
Labour,2015,E14000908,Rushcliffe,34.03641418236577,18.29028147804935,43,Male,4,1.1882740259170532
Labour,2015,E14000908,Rushcliffe,34.03641418236577,18.29028147804935,60,Male,4,1.936648964881897
Labour,2015,E14000909,Rutland and Melton,32.82305847848919,19.76200384440084,60,Female,3,0.9701529741287231
Conservatives,2015,E14000909,Rutland and Melton,32.82305847848919,19.76200384440084,68,Male,6,0.9683250188827515
Conservatives,2015,E14000909,Rutland and Melton,32.82305847848919,19.76200384440084,59,Female,5,0.9701529741287231
Conservatives,2015,E14000909,Rutland and Melton,32.82305847848919,19.76200384440084,68,Female,6,0.48507601022720337
Conservatives,2015,E14000929,Sleaford and North Hykeham,30.98977092637948,21.44863852470825,67,Male,6,0.9683250188827515
Conservatives,2015,E14000929,Sleaford and North Hykeham,30.98977092637948,21.44863852470825,73,Female,5,0.48507601022720337
Conservatives,2015,E14000929,Sleaford and North Hykeham,30.98977092637948,21.44863852470825,48,Female,7,0.9967989921569824
Conservatives,2015,E14000929,Sleaford and North Hykeham,30.98977092637948,21.44863852470825,76,Female,10,1.4855680465698242
Conservatives,2015,E14000929,Sleaford and North Hykeham,30.98977092637948,21.44863852470825,36,Male,6,1.1882740259170532
Conservatives,2015,E14000929,Sleaford and North Hykeham,30.98977092637948,21.44863852470825,65,Female,8,0.9701529741287231
Conservatives,2015,E14000929,Sleaford and North Hykeham,30.98977092637948,21.44863852470825,67,Male,7,0.9683250188827515
Conservatives,2015,E14000929,Sleaford and North Hykeham,30.98977092637948,21.44863852470825,62,Male,7,0.9683250188827515
Conservatives,2015,E14001025,Wellingborough,36.25222543543176,16.14747689786076,70,Male,6,0.9683250188827515
Labour,2015,E14001025,Wellingborough,36.25222543543176,16.14747689786076,30,Female,3,1.4195929765701294
Conservatives,2015,E14001025,Wellingborough,36.25222543543176,16.14747689786076,76,Female,9,0.7427840232849121
Conservatives,2015,E14001025,Wellingborough,36.25222543543176,16.14747689786076,86,Male,7,1.1135690212249756
Conservatives,2015,E14000552,Bedford,40.36866997803416,14.75372528842539,33,Male,5,1.453590989112854
Labour,2015,E14000552,Bedford,40.36866997803416,14.75372528842539,40,Male,4,1.340283989906311
Labour,2015,E14000552,Bedford,40.36866997803416,14.75372528842539,59,Female,,1.6413880586624146
Conservatives,2015,E14000594,Brentwood and Ongar,33.00128016179524,19.35303419860796,70,Female,5,0.5471299886703491
Conservatives,2015,E14000594,Brentwood and Ongar,33.00128016179524,19.35303419860796,50,Female,6,1.1243150234222412
Conservatives,2015,E14000594,Brentwood and Ongar,33.00128016179524,19.35303419860796,77,Male,5,1.2560219764709473
Conservatives,2015,E14000594,Brentwood and Ongar,33.00128016179524,19.35303419860796,52,Male,7,1.340283989906311
Conservatives,2015,E14000594,Brentwood and Ongar,33.00128016179524,19.35303419860796,45,Female,6,1.1243150234222412
Conservatives,2015,E14000594,Brentwood and Ongar,33.00128016179524,19.35303419860796,51,Male,6,1.340283989906311
Conservatives,2015,E14000606,Broxbourne,36.73853628909809,16.74967101933394,57,Female,8,0.5471299886703491
Conservatives,2015,E14000606,Broxbourne,36.73853628909809,16.74967101933394,54,Male,5,2.010425090789795
Conservatives,2015,E14000606,Broxbourne,36.73853628909809,16.74967101933394,60,Female,5,1.6413880586624146
Labour,2015,E14000622,Castle Point,32.02440604015407,21.58934678619718,79,Male,4,1.2560219764709473
Conservatives,2015,E14000622,Castle Point,32.02440604015407,21.58934678619718,69,Female,5,1.0942599773406982
Conservatives,2015,E14000622,Castle Point,32.02440604015407,21.58934678619718,71,Female,8,1.0942599773406982
Conservatives,2015,E14000622,Castle Point,32.02440604015407,21.58934678619718,19,Male,5,2.680999994277954
Labour,2015,E14000642,Clacton,28.80539837626964,30.20771096193723,19,Female,5,2.551971912384033
Conservatives,2015,E14000642,Clacton,28.80539837626964,30.20771096193723,59,Male,7,1.0921980142593384
Conservatives,2015,E14000642,Clacton,28.80539837626964,30.20771096193723,43,Male,8,1.340283989906311
Labour,2015,E14000644,Colchester,42.16646717613479,13.29067305036369,70,Male,5,0.5460990071296692
Labour,2015,E14000644,Colchester,42.16646717613479,13.29067305036369,25,Female,2,1.601194977760315
Conservatives,2015,E14000693,Epping Forest,34.50002103403307,17.43090320137983,36,Female,10,1.1243150234222412
Conservatives,2015,E14000693,Epping Forest,34.50002103403307,17.43090320137983,81,Male,6,0.6280109882354736
Conservatives,2015,E14000693,Epping Forest,34.50002103403307,17.43090320137983,81,Female,7,1.6756089925765991
Conservatives,2015,E14000717,Great Yarmouth,34.90650410682895,20.94122968430359,77,Female,7,1.6756089925765991
Conservatives,2015,E14000717,Great Yarmouth,34.90650410682895,20.94122968430359,18,Male,8,1.8015450239181519
Conservatives,2015,E14000717,Great Yarmouth,34.90650410682895,20.94122968430359,66,Female,6,0.5471299886703491
Conservatives,2015,E14000717,Great Yarmouth,34.90650410682895,20.94122968430359,36,Female,5,1.1243150234222412
Conservatives,2015,E14000717,Great Yarmouth,34.90650410682895,20.94122968430359,77,Female,8,0.8378049731254578
Labour,2015,E14000729,Harlow,37.8568405976368,15.55938934279483,61,Female,4,1.0942599773406982
Labour,2015,E14000729,Harlow,37.8568405976368,15.55938934279483,51,Female,5,1.1243150234222412
Conservatives,2015,E14000729,Harlow,37.8568405976368,15.55938934279483,50,Male,5,1.340283989906311
Conservatives,2015,E14000729,Harlow,37.8568405976368,15.55938934279483,81,Female,5,1.6756089925765991
Labour,2015,E14000729,Harlow,37.8568405976368,15.55938934279483,36,Male,0,1.340283989906311
Conservatives,2015,E14000734,Harwich and North Essex,32.71470878578479,21.07381814193266,63,Female,10,1.0942599773406982
Conservatives,2015,E14000734,Harwich and North Essex,32.71470878578479,21.07381814193266,71,Male,5,1.0921980142593384
Conservatives,2015,E14000739,Hemel Hempstead,37.51463404787857,15.12050381494489,44,Female,7,1.1243150234222412
Conservatives,2015,E14000739,Hemel Hempstead,37.51463404787857,15.12050381494489,59,Female,4,0.5471299886703491
Conservatives,2015,E14000739,Hemel Hempstead,37.51463404787857,15.12050381494489,31,Female,,1.601194977760315
Conservatives,2015,E14000739,Hemel Hempstead,37.51463404787857,15.12050381494489,23,Female,,1.2759859561920166
Conservatives,2015,E14000739,Hemel Hempstead,37.51463404787857,15.12050381494489,63,Male,8,2.680999994277954
Labour,2015,E14000739,Hemel Hempstead,37.51463404787857,15.12050381494489,90,Male,,0.6280109882354736
Conservatives,2015,E14000739,Hemel Hempstead,37.51463404787857,15.12050381494489,45,Female,4,1.1243150234222412
Conservatives,2015,E14000739,Hemel Hempstead,37.51463404787857,15.12050381494489,62,Female,6,0.5471299886703491
Conservatives,2015,E14000744,Hertford and Stortford,35.64862104187947,14.83820786985409,18,Male,9,1.8015450239181519
Labour,2015,E14000744,Hertford and Stortford,35.64862104187947,14.83820786985409,82,Male,5,0.6280109882354736
Conservatives,2015,E14000744,Hertford and Stortford,35.64862104187947,14.83820786985409,42,Male,9,0.6701419949531555
Labour,2015,E14000757,Huntingdon,35.89079031456365,16.13647660299652,31,Male,3,1.453590989112854
Conservatives,2015,E14000757,Huntingdon,35.89079031456365,16.13647660299652,65,Male,7,1.6382960081100464
Conservatives,2015,E14000757,Huntingdon,35.89079031456365,16.13647660299652,71,Male,10,1.0921980142593384
Conservatives,2015,E14000801,Luton South,47.45144309312035,10.40206934107823,49,Female,5,0.5621569752693176
Labour,2015,E14000801,Luton South,47.45144309312035,10.40206934107823,70,Female,,1.0942599773406982
Conservatives,2015,E14000801,Luton South,47.45144309312035,10.40206934107823,64,Female,5,1.0942599773406982
Conservatives,2015,E14000801,Luton South,47.45144309312035,10.40206934107823,56,Female,8,1.6413880586624146
Conservatives,2015,E14000806,Maldon,32.12946383323761,18.99050643602824,48,Female,6,0.5621569752693176
Labour,2015,E14000806,Maldon,32.12946383323761,18.99050643602824,59,Female,5,0.5471299886703491
Conservatives,2015,E14000806,Maldon,32.12946383323761,18.99050643602824,41,Female,5,0.5621569752693176
Conservatives,2015,E14000806,Maldon,32.12946383323761,18.99050643602824,64,Female,8,0.5471299886703491
Conservatives,2015,E14000816,Mid Norfolk,32.51602564102564,22.20452724358974,35,Male,5,1.340283989906311
Conservatives,2015,E14000842,North East Cambridgeshire,33.98501459386345,19.74887876414893,74,Female,8,0.5471299886703491
Labour,2015,E14000842,North East Cambridgeshire,33.98501459386345,19.74887876414893,32,Female,3,1.601194977760315
Conservatives,2015,E14000842,North East Cambridgeshire,33.98501459386345,19.74887876414893,67,Female,9,1.6413880586624146
Conservatives,2015,E14000842,North East Cambridgeshire,33.98501459386345,19.74887876414893,39,Female,5,1.1243150234222412
Conservatives,2015,E14000845,North East Hertfordshire,33.94727452091598,17.72348508700124,67,Female,6,1.0942599773406982
Conservatives,2015,E14000845,North East Hertfordshire,33.94727452091598,17.72348508700124,61,Male,5,1.6382960081100464
Conservatives,2015,E14000845,North East Hertfordshire,33.94727452091598,17.72348508700124,66,Female,7,1.0942599773406982
Conservatives,2015,E14000845,North East Hertfordshire,33.94727452091598,17.72348508700124,83,Female,7,0.8378049731254578
Conservatives,2015,E14000845,North East Hertfordshire,33.94727452091598,17.72348508700124,61,Female,6,1.0942599773406982
Conservatives,2015,E14000845,North East Hertfordshire,33.94727452091598,17.72348508700124,96,Male,6,0.6280109882354736
Conservatives,2015,E14000845,North East Hertfordshire,33.94727452091598,17.72348508700124,36,Male,5,1.340283989906311
Labour,2015,E14000845,North East Hertfordshire,33.94727452091598,17.72348508700124,63,Female,5,0.5471299886703491
Labour,2015,E14000845,North East Hertfordshire,33.94727452091598,17.72348508700124,65,Female,3,1.0942599773406982
Labour,2015,E14000845,North East Hertfordshire,33.94727452091598,17.72348508700124,39,Male,3,1.340283989906311
Labour,2015,E14000864,Norwich South,43.10644460535843,15.53429192096824,38,Male,,1.340283989906311
Labour,2015,E14000864,Norwich South,43.10644460535843,15.53429192096824,69,Female,4,0.5471299886703491
Labour,2015,E14000864,Norwich South,43.10644460535843,15.53429192096824,34,Female,10,0.8005970120429993
Conservatives,2015,E14000910,Saffron Walden,33.86655420316009,17.76596475053698,71,Female,,0.5471299886703491
Conservatives,2015,E14000910,Saffron Walden,33.86655420316009,17.76596475053698,70,Female,7,0.5471299886703491
Conservatives,2015,E14000910,Saffron Walden,33.86655420316009,17.76596475053698,47,Female,6,0.5621569752693176
Conservatives,2015,E14000910,Saffron Walden,33.86655420316009,17.76596475053698,75,Female,8,0.8378049731254578
Conservatives,2015,E14000910,Saffron Walden,33.86655420316009,17.76596475053698,49,Female,9,0.5621569752693176
Conservatives,2015,E14000910,Saffron Walden,33.86655420316009,17.76596475053698,77,Male,6,0.6280109882354736
Labour,2015,E14000910,Saffron Walden,33.86655420316009,17.76596475053698,23,Female,5,0.6379929780960083
Conservatives,2015,E14000910,Saffron Walden,33.86655420316009,17.76596475053698,51,Female,7,0.5621569752693176
Labour,2015,E14000934,South Cambridgeshire,34.67447430491681,16.77306546941452,82,Female,3,0.8378049731254578
Conservatives,2015,E14000934,South Cambridgeshire,34.67447430491681,16.77306546941452,41,Male,7,1.340283989906311
Conservatives,2015,E14000934,South Cambridgeshire,34.67447430491681,16.77306546941452,42,Male,8,1.340283989906311
Conservatives,2015,E14000934,South Cambridgeshire,34.67447430491681,16.77306546941452,53,Male,7,0.6701419949531555
Conservatives,2015,E14000934,South Cambridgeshire,34.67447430491681,16.77306546941452,34,Female,6,1.601194977760315
Conservatives,2015,E14000934,South Cambridgeshire,34.67447430491681,16.77306546941452,78,Female,9,0.8378049731254578
Conservatives,2015,E14000934,South Cambridgeshire,34.67447430491681,16.77306546941452,42,Female,4,1.1243150234222412
Labour,2015,E14000934,South Cambridgeshire,34.67447430491681,16.77306546941452,42,Male,7,2.010425090789795
Conservatives,2015,E14000934,South Cambridgeshire,34.67447430491681,16.77306546941452,33,Female,5,1.601194977760315
Conservatives,2015,E14000937,South East Cambridgeshire,34.88617255769783,16.67552426837662,56,Male,10,1.0921980142593384
Conservatives,2015,E14000937,South East Cambridgeshire,34.88617255769783,16.67552426837662,70,Female,10,0.5471299886703491
Conservatives,2015,E14000937,South East Cambridgeshire,34.88617255769783,16.67552426837662,34,Female,4,1.601194977760315
Conservatives,2015,E14000937,South East Cambridgeshire,34.88617255769783,16.67552426837662,54,Male,6,1.340283989906311
Conservatives,2015,E14000937,South East Cambridgeshire,34.88617255769783,16.67552426837662,52,Female,7,1.6864709854125977
Labour,2015,E14000937,South East Cambridgeshire,34.88617255769783,16.67552426837662,64,Female,3,0.5471299886703491
Conservatives,2015,E14000937,South East Cambridgeshire,34.88617255769783,16.67552426837662,40,Female,6,1.1243150234222412
Conservatives,2015,E14000946,South Suffolk,31.29087104368297,21.71614787688552,61,Male,8,1.0921980142593384
Conservatives,2015,E14000946,South Suffolk,31.29087104368297,21.71614787688552,42,Female,3,1.6864709854125977
Conservatives,2015,E14000946,South Suffolk,31.29087104368297,21.71614787688552,57,Male,7,2.1843950748443604
Conservatives,2015,E14000946,South Suffolk,31.29087104368297,21.71614787688552,81,Female,7,0.8378049731254578
Labour,2015,E14000946,South Suffolk,31.29087104368297,21.71614787688552,54,Female,,1.1243150234222412
Conservatives,2015,E14000946,South Suffolk,31.29087104368297,21.71614787688552,-1,Female,,0.621953010559082
Conservatives,2015,E14000951,South West Hertfordshire,34.38547512558281,17.05457273357453,73,Female,7,0.5471299886703491
Conservatives,2015,E14000951,South West Hertfordshire,34.38547512558281,17.05457273357453,50,Female,7,1.1243150234222412
Conservatives,2015,E14000951,South West Hertfordshire,34.38547512558281,17.05457273357453,49,Female,8,0.5621569752693176
Conservatives,2015,E14000951,South West Hertfordshire,34.38547512558281,17.05457273357453,61,Male,4,1.0921980142593384
Conservatives,2015,E14000951,South West Hertfordshire,34.38547512558281,17.05457273357453,60,Male,7,0.5460990071296692
Labour,2015,E14000951,South West Hertfordshire,34.38547512558281,17.05457273357453,40,Female,4,1.1243150234222412
Conservatives,2015,E14000951,South West Hertfordshire,34.38547512558281,17.05457273357453,52,Female,6,1.1243150234222412
Labour,2015,E14000960,St. Albans,36.5061486950022,14.64218793197014,26,Female,5,0.8005970120429993
Conservatives,2015,E14000960,St. Albans,36.5061486950022,14.64218793197014,47,Female,5,0.5621569752693176
Conservatives,2015,E14000960,St. Albans,36.5061486950022,14.64218793197014,78,Female,5,0.8378049731254578
Conservatives,2015,E14000960,St. Albans,36.5061486950022,14.64218793197014,28,Female,,1.601194977760315
Conservatives,2015,E14000968,Stevenage,38.52237981994224,14.75072192967556,81,Female,7,0.8378049731254578
Labour,2015,E14000968,Stevenage,38.52237981994224,14.75072192967556,75,Female,5,1.6756089925765991
Conservatives,2015,E14000981,Suffolk Coastal,29.18515673173148,25.28227885208285,56,Female,,1.0942599773406982
Labour,2015,E14000981,Suffolk Coastal,29.18515673173148,25.28227885208285,51,Female,5,1.1243150234222412
Conservatives,2015,E14000981,Suffolk Coastal,29.18515673173148,25.28227885208285,54,Female,7,1.6864709854125977
Labour,2015,E14000981,Suffolk Coastal,29.18515673173148,25.28227885208285,49,Female,2,0.5621569752693176
Conservatives,2015,E14000981,Suffolk Coastal,29.18515673173148,25.28227885208285,89,Male,8,1.2560219764709473
Labour,2015,E14000995,Thurrock,41.67304632058836,11.29499806459937,45,Male,4,2.010425090789795
Labour,2015,E14000995,Thurrock,41.67304632058836,11.29499806459937,35,Female,4,1.1243150234222412
Labour,2015,E14000995,Thurrock,41.67304632058836,11.29499806459937,36,Female,6,0.5621569752693176
Conservatives,2015,E14000995,Thurrock,41.67304632058836,11.29499806459937,46,Male,4,1.340283989906311
Labour,2015,E14000995,Thurrock,41.67304632058836,11.29499806459937,27,Female,5,1.601194977760315
Conservatives,2015,E14001027,Welwyn Hatfield,42.50052204947131,14.89074928336845,26,Female,5,1.601194977760315
Labour,2015,E14001027,Welwyn Hatfield,42.50052204947131,14.89074928336845,68,Female,3,1.0942599773406982
Conservatives,2015,E14001027,Welwyn Hatfield,42.50052204947131,14.89074928336845,72,Female,8,0.5471299886703491
Conservatives,2015,E14001027,Welwyn Hatfield,42.50052204947131,14.89074928336845,22,Female,5,1.9139779806137085
Conservatives,2015,E14001027,Welwyn Hatfield,42.50052204947131,14.89074928336845,50,Male,6,0.6701419949531555
Conservatives,2015,E14000553,Bermondsey and Old Southwark,47.23684418520099,6.930810451937212,47,Female,5,0.6097970008850098
Conservatives,2015,E14000558,Bexleyheath and Crayford,38.18299790547309,15.95027775248156,66,Female,5,1.1869920492172241
Conservatives,2015,E14000558,Bexleyheath and Crayford,38.18299790547309,15.95027775248156,53,Female,5,1.8293910026550293
Conservatives,2015,E14000558,Bexleyheath and Crayford,38.18299790547309,15.95027775248156,48,Male,8,0.7269330024719238
Conservatives,2015,E14000558,Bexleyheath and Crayford,38.18299790547309,15.95027775248156,79,Male,7,1.3624639511108398
Conservatives,2015,E14000558,Bexleyheath and Crayford,38.18299790547309,15.95027775248156,82,Female,6,0.9088039994239807
Labour,2015,E14000591,Brent Central,45.52379982246541,9.388233239715364,23,Female,5,2.0761780738830566
Conservatives,2015,E14000591,Brent Central,45.52379982246541,9.388233239715364,42,Male,5,2.680999994277954
Labour,2015,E14000592,Brent North,43.03648703340494,11.99293297219887,-1,Male,6,2.492666006088257
Labour,2015,E14000592,Brent North,43.03648703340494,11.99293297219887,25,Male,5,2.680999994277954
Conservatives,2015,E14000604,Bromley and Chislehurst,36.18855279636253,16.54462784741575,56,Female,5,0.5934960246086121
Conservatives,2015,E14000604,Bromley and Chislehurst,36.18855279636253,16.54462784741575,49,Female,5,1.2195940017700195
Conservatives,2015,E14000604,Bromley and Chislehurst,36.18855279636253,16.54462784741575,42,Male,7,1.4538660049438477
Conservatives,2015,E14000604,Bromley and Chislehurst,36.18855279636253,16.54462784741575,40,Female,6,0.6097970008850098
Conservatives,2015,E14000604,Bromley and Chislehurst,36.18855279636253,16.54462784741575,57,Female,5,0.5934960246086121
Labour,2015,E14000604,Bromley and Chislehurst,36.18855279636253,16.54462784741575,44,Female,3,1.2195940017700195
Conservatives,2015,E14000604,Bromley and Chislehurst,36.18855279636253,16.54462784741575,82,Female,5,1.8176089525222778
Conservatives,2015,E14000604,Bromley and Chislehurst,36.18855279636253,16.54462784741575,67,Male,5,1.1847560405731201
Labour,2015,E14000615,Camberwell and Peckham,44.40771085876735,7.785124494913196,46,Male,4,1.4538660049438477
Labour,2015,E14000615,Camberwell and Peckham,44.40771085876735,7.785124494913196,58,Female,5,1.1869920492172241
Labour,2015,E14000615,Camberwell and Peckham,44.40771085876735,7.785124494913196,57,Female,4,0.5934960246086121
Labour,2015,E14000615,Camberwell and Peckham,44.40771085876735,7.785124494913196,59,Male,5,0.5923780202865601
Conservatives,2015,E14000629,Chelsea and Fulham,39.45239694598711,11.56891870157147,79,Female,8,0.9088039994239807
Conservatives,2015,E14000629,Chelsea and Fulham,39.45239694598711,11.56891870157147,26,Male,4,2.680999994277954
Labour,2015,E14000639,Cities of London and Westminster,37.6809090909091,11.94181818181818,29,Female,5,0.86844402551651
Labour,2015,E14000655,Croydon North,43.92255446767222,9.732880538649262,27,Female,4,0.86844402551651
Labour,2015,E14000655,Croydon North,43.92255446767222,9.732880538649262,50,Female,3,0.6097970008850098
Conservatives,2015,E14000655,Croydon North,43.92255446767222,9.732880538649262,63,Male,4,0.5923780202865601
Labour,2015,E14000657,Dagenham and Rainham,41.56332647663826,14.58614947595259,31,Female,,1.73688805103302
Conservatives,2015,E14000657,Dagenham and Rainham,41.56332647663826,14.58614947595259,49,Female,5,0.6097970008850098
Labour,2015,E14000657,Dagenham and Rainham,41.56332647663826,14.58614947595259,46,Female,7,0.6097970008850098
Labour,2015,E14000673,Dulwich and West Norwood,41.3507987914096,8.67091241338134,40,Male,2,0.7269330024719238
Labour,2015,E14000673,Dulwich and West Norwood,41.3507987914096,8.67091241338134,75,Male,6,1.3624639511108398
Labour,2015,E14000673,Dulwich and West Norwood,41.3507987914096,8.67091241338134,37,Male,3,1.4538660049438477
Labour,2015,E14000673,Dulwich and West Norwood,41.3507987914096,8.67091241338134,77,Male,10,0.6812319755554199
Labour,2015,E14000673,Dulwich and West Norwood,41.3507987914096,8.67091241338134,75,Female,3,0.9088039994239807
Labour,2015,E14000673,Dulwich and West Norwood,41.3507987914096,8.67091241338134,47,Female,5,0.6097970008850098
Conservatives,2015,E14000673,Dulwich and West Norwood,41.3507987914096,8.67091241338134,41,Male,,1.4538660049438477
Labour,2015,E14000673,Dulwich and West Norwood,41.3507987914096,8.67091241338134,-1,Male,3,0.6231669783592224
Labour,2015,E14000673,Dulwich and West Norwood,41.3507987914096,8.67091241338134,62,Female,3,0.5934960246086121
Labour,2015,E14000673,Dulwich and West Norwood,41.3507987914096,8.67091241338134,50,Female,,0.6097970008850098
Labour,2015,E14000676,"Ealing, Southall",43.33643132168353,10.35204722559824,57,Female,5,2.3739840984344482
Labour,2015,E14000676,"Ealing, Southall",43.33643132168353,10.35204722559824,23,Female,5,1.384119987487793
Labour,2015,E14000676,"Ealing, Southall",43.33643132168353,10.35204722559824,36,Female,5,0.6097970008850098
Labour,2015,E14000676,"Ealing, Southall",43.33643132168353,10.35204722559824,50,Female,7,1.2195940017700195
Conservatives,2015,E14000676,"Ealing, Southall",43.33643132168353,10.35204722559824,45,Female,6,0.6097970008850098
Labour,2015,E14000676,"Ealing, Southall",43.33643132168353,10.35204722559824,34,Female,2,1.73688805103302
Labour,2015,E14000676,"Ealing, Southall",43.33643132168353,10.35204722559824,33,Male,3,0.7883880138397217
Conservatives,2015,E14000676,"Ealing, Southall",43.33643132168353,10.35204722559824,26,Female,5,1.73688805103302
Labour,2015,E14000676,"Ealing, Southall",43.33643132168353,10.35204722559824,50,Male,3,0.7269330024719238
Conservatives,2015,E14000676,"Ealing, Southall",43.33643132168353,10.35204722559824,80,Female,7,0.9088039994239807
Conservatives,2015,E14000687,Edmonton,46.2827617594303,10.41861876333003,86,Female,6,1.8176089525222778
Labour,2015,E14000687,Edmonton,46.2827617594303,10.41861876333003,23,Male,4,1.9542169570922852
Labour,2015,E14000687,Edmonton,46.2827617594303,10.41861876333003,88,Male,3,0.6812319755554199
Labour,2015,E14000687,Edmonton,46.2827617594303,10.41861876333003,50,Female,3,0.6097970008850098
Labour,2015,E14000687,Edmonton,46.2827617594303,10.41861876333003,63,Male,5,1.1847560405731201
Conservatives,2015,E14000687,Edmonton,46.2827617594303,10.41861876333003,67,Female,10,1.7804880142211914
Labour,2015,E14000691,Enfield North,42.63437260438803,12.12579934596761,45,Female,4,1.2195940017700195
Labour,2015,E14000691,Enfield North,42.63437260438803,12.12579934596761,32,Male,10,1.5767749547958374
Conservatives,2015,E14000691,Enfield North,42.63437260438803,12.12579934596761,62,Male,,1.1847560405731201
Labour,2015,E14000703,Finchley and Golders Green,40.71040063677368,13.65000663305917,31,Male,6,2.680999994277954
Labour,2015,E14000703,Finchley and Golders Green,40.71040063677368,13.65000663305917,26,Female,3,1.73688805103302
Labour,2015,E14000703,Finchley and Golders Green,40.71040063677368,13.65000663305917,19,Male,7,2.680999994277954
Conservatives,2015,E14000703,Finchley and Golders Green,40.71040063677368,13.65000663305917,55,Female,,2.3739840984344482
Labour,2015,E14000703,Finchley and Golders Green,40.71040063677368,13.65000663305917,38,Male,6,1.4538660049438477
Labour,2015,E14000703,Finchley and Golders Green,40.71040063677368,13.65000663305917,29,Male,2,2.680999994277954
Labour,2015,E14000703,Finchley and Golders Green,40.71040063677368,13.65000663305917,68,Female,2,0.5934960246086121
Labour,2015,E14000720,Hackney North and Stoke Newington,48.08647567871536,6.858227373551188,37,Male,3,0.7269330024719238
Labour,2015,E14000720,Hackney North and Stoke Newington,48.08647567871536,6.858227373551188,26,Male,4,0.7883880138397217
Conservatives,2015,E14000720,Hackney North and Stoke Newington,48.08647567871536,6.858227373551188,33,Male,5,1.5767749547958374
Labour,2015,E14000726,Hammersmith,43.42332284583375,8.693629689772997,22,Female,0,2.680999994277954
Labour,2015,E14000726,Hammersmith,43.42332284583375,8.693629689772997,-1,Male,5,0.6231669783592224
Labour,2015,E14000726,Hammersmith,43.42332284583375,8.693629689772997,35,Male,4,0.7269330024719238
Conservatives,2015,E14000726,Hammersmith,43.42332284583375,8.693629689772997,-1,Female,7,0.6746609807014465
Conservatives,2015,E14000727,Hampstead and Kilburn,39.19562424512843,11.03862634530614,54,Female,,1.2195940017700195
Labour,2015,E14000727,Hampstead and Kilburn,39.19562424512843,11.03862634530614,45,Male,5,1.4538660049438477
Labour,2015,E14000731,Harrow East,40.21935023756517,14.7714459189869,20,Female,5,2.680999994277954
Labour,2015,E14000731,Harrow East,40.21935023756517,14.7714459189869,31,Female,6,1.73688805103302
Labour,2015,E14000731,Harrow East,40.21935023756517,14.7714459189869,62,Male,3,1.1847560405731201
Labour,2015,E14000731,Harrow East,40.21935023756517,14.7714459189869,72,Female,8,0.5934960246086121
Conservatives,2015,E14000731,Harrow East,40.21935023756517,14.7714459189869,75,Male,5,0.6812319755554199
Labour,2015,E14000731,Harrow East,40.21935023756517,14.7714459189869,93,Male,6,0.6812319755554199
Conservatives,2015,E14000731,Harrow East,40.21935023756517,14.7714459189869,37,Male,5,1.4538660049438477
Conservatives,2015,E14000731,Harrow East,40.21935023756517,14.7714459189869,43,Female,6,0.6097970008850098
Labour,2015,E14000737,Hayes and Harlington,45.93173708152869,9.737317606893482,84,Female,5,0.9088039994239807
Labour,2015,E14000737,Hayes and Harlington,45.93173708152869,9.737317606893482,54,Female,3,1.2195940017700195
Conservatives,2015,E14000737,Hayes and Harlington,45.93173708152869,9.737317606893482,76,Female,5,1.8176089525222778
Labour,2015,E14000737,Hayes and Harlington,45.93173708152869,9.737317606893482,-1,Female,5,0.6746609807014465
Conservatives,2015,E14000737,Hayes and Harlington,45.93173708152869,9.737317606893482,59,Male,4,1.7771339416503906
Labour,2015,E14000737,Hayes and Harlington,45.93173708152869,9.737317606893482,32,Male,4,1.5767749547958374
Labour,2015,E14000741,Hendon,44.40208392229717,11.60050078752877,56,Female,,0.5934960246086121
Labour,2015,E14000741,Hendon,44.40208392229717,11.60050078752877,34,Female,,0.86844402551651
Conservatives,2015,E14000741,Hendon,44.40208392229717,11.60050078752877,21,Male,,1.9542169570922852
Labour,2015,E14000741,Hendon,44.40208392229717,11.60050078752877,-1,Male,,0.6231669783592224
Labour,2015,E14000751,Hornchurch and Upminster,35.0212939735138,19.26180891818836,36,Female,5,0.6097970008850098
Conservatives,2015,E14000751,Hornchurch and Upminster,35.0212939735138,19.26180891818836,66,Female,5,1.1869920492172241
Labour,2015,E14000751,Hornchurch and Upminster,35.0212939735138,19.26180891818836,35,Female,5,0.6097970008850098
Conservatives,2015,E14000751,Hornchurch and Upminster,35.0212939735138,19.26180891818836,83,Female,5,0.9088039994239807
Conservatives,2015,E14000751,Hornchurch and Upminster,35.0212939735138,19.26180891818836,30,Male,,1.5767749547958374
Conservatives,2015,E14000751,Hornchurch and Upminster,35.0212939735138,19.26180891818836,44,Female,,0.6097970008850098
Labour,2015,E14000759,Ilford North,40.29964226184094,13.51996802776126,32,Male,5,0.7883880138397217
Conservatives,2015,E14000759,Ilford North,40.29964226184094,13.51996802776126,47,Male,6,1.4538660049438477
Labour,2015,E14000759,Ilford North,40.29964226184094,13.51996802776126,62,Female,3,0.5934960246086121
Conservatives,2015,E14000759,Ilford North,40.29964226184094,13.51996802776126,39,Female,9,0.6097970008850098
Conservatives,2015,E14000759,Ilford North,40.29964226184094,13.51996802776126,57,Female,5,0.5934960246086121
Labour,2015,E14000759,Ilford North,40.29964226184094,13.51996802776126,60,Female,5,0.5934960246086121
Labour,2015,E14000763,Islington North,43.63045936464061,8.59484483275184,31,Male,3,1.5767749547958374
Labour,2015,E14000763,Islington North,43.63045936464061,8.59484483275184,47,Female,3,0.6097970008850098
Labour,2015,E14000763,Islington North,43.63045936464061,8.59484483275184,67,Female,5,2.3739840984344482
Labour,2015,E14000763,Islington North,43.63045936464061,8.59484483275184,43,Female,4,0.6097970008850098
Labour,2015,E14000763,Islington North,43.63045936464061,8.59484483275184,26,Female,7,0.86844402551651
Labour,2015,E14000763,Islington North,43.63045936464061,8.59484483275184,24,Female,4,0.6920599937438965
Labour,2015,E14000763,Islington North,43.63045936464061,8.59484483275184,34,Male,4,1.5767749547958374
Labour,2015,E14000763,Islington North,43.63045936464061,8.59484483275184,42,Female,4,1.2195940017700195
Labour,2015,E14000763,Islington North,43.63045936464061,8.59484483275184,20,Female,1,1.384119987487793
Conservatives,2015,E14000770,Kingston and Surbiton,39.98830528296131,12.95486517177675,58,Female,5,1.1869920492172241
Conservatives,2015,E14000770,Kingston and Surbiton,39.98830528296131,12.95486517177675,32,Male,5,0.7883880138397217
Conservatives,2015,E14000770,Kingston and Surbiton,39.98830528296131,12.95486517177675,29,Female,4,0.86844402551651
Conservatives,2015,E14000770,Kingston and Surbiton,39.98830528296131,12.95486517177675,56,Male,5,1.1847560405731201
Conservatives,2015,E14000788,Lewisham West and Penge,39.25542252790278,10.16104837111885,46,Male,5,0.7269330024719238
Labour,2015,E14000788,Lewisham West and Penge,39.25542252790278,10.16104837111885,19,Female,5,2.0761780738830566
Labour,2015,E14000788,Lewisham West and Penge,39.25542252790278,10.16104837111885,47,Male,0,0.7269330024719238
Labour,2015,E14000790,Leyton and Wanstead,44.86144572531027,9.435320541739056,57,Female,7,1.1869920492172241
Labour,2015,E14000790,Leyton and Wanstead,44.86144572531027,9.435320541739056,41,Female,5,0.6097970008850098
Labour,2015,E14000790,Leyton and Wanstead,44.86144572531027,9.435320541739056,55,Female,5,1.1869920492172241
Labour,2015,E14000790,Leyton and Wanstead,44.86144572531027,9.435320541739056,19,Female,7,2.680999994277954
Labour,2015,E14000790,Leyton and Wanstead,44.86144572531027,9.435320541739056,34,Female,1,1.73688805103302
Conservatives,2015,E14000790,Leyton and Wanstead,44.86144572531027,9.435320541739056,81,Female,,0.9088039994239807
Conservatives,2015,E14000790,Leyton and Wanstead,44.86144572531027,9.435320541739056,-1,Male,5,0.6231669783592224
Labour,2015,E14000790,Leyton and Wanstead,44.86144572531027,9.435320541739056,29,Female,2,1.73688805103302
Labour,2015,E14000790,Leyton and Wanstead,44.86144572531027,9.435320541739056,67,Female,3,0.5934960246086121
Conservatives,2015,E14000790,Leyton and Wanstead,44.86144572531027,9.435320541739056,53,Female,5,1.2195940017700195
Conservatives,2015,E14000887,Putney,42.34549659514326,10.08394363784316,64,Female,4,1.1869920492172241
Conservatives,2015,E14000887,Putney,42.34549659514326,10.08394363784316,35,Male,6,1.4538660049438477
Conservatives,2015,E14000887,Putney,42.34549659514326,10.08394363784316,71,Female,8,1.1869920492172241
Conservatives,2015,E14000887,Putney,42.34549659514326,10.08394363784316,26,Male,4,2.680999994277954
Labour,2015,E14000887,Putney,42.34549659514326,10.08394363784316,27,Male,5,2.680999994277954
Labour,2015,E14000900,Romford,37.51225311281206,16.27839072309008,48,Female,,2.439188003540039
Conservatives,2015,E14000900,Romford,37.51225311281206,16.27839072309008,40,Male,5,1.4538660049438477
Conservatives,2015,E14000900,Romford,37.51225311281206,16.27839072309008,45,Female,5,1.2195940017700195
Conservatives,2015,E14000900,Romford,37.51225311281206,16.27839072309008,67,Male,7,1.1847560405731201
Labour,2015,E14000978,Streatham,44.06411348504077,7.925525441997113,43,Male,4,1.4538660049438477
Labour,2015,E14000978,Streatham,44.06411348504077,7.925525441997113,46,Male,5,0.7269330024719238
Conservatives,2015,E14000978,Streatham,44.06411348504077,7.925525441997113,35,Female,7,1.2195940017700195
Labour,2015,E14000978,Streatham,44.06411348504077,7.925525441997113,27,Female,3,1.73688805103302
Conservatives,2015,E14000978,Streatham,44.06411348504077,7.925525441997113,50,Male,7,1.4538660049438477
Labour,2015,E14000978,Streatham,44.06411348504077,7.925525441997113,38,Female,5,1.2195940017700195
Labour,2015,E14000978,Streatham,44.06411348504077,7.925525441997113,33,Female,5,0.86844402551651
Labour,2015,E14000978,Streatham,44.06411348504077,7.925525441997113,50,Female,3,1.2195940017700195
Conservatives,2015,E14000978,Streatham,44.06411348504077,7.925525441997113,30,Male,5,1.5767749547958374
Labour,2015,E14000978,Streatham,44.06411348504077,7.925525441997113,35,Male,4,1.4538660049438477
Conservatives,2015,E14000984,Sutton and Cheam,35.60491014932929,15.54247869737619,39,Male,5,1.4538660049438477
Conservatives,2015,E14000984,Sutton and Cheam,35.60491014932929,15.54247869737619,62,Female,5,1.1869920492172241
Conservatives,2015,E14000984,Sutton and Cheam,35.60491014932929,15.54247869737619,59,Male,6,1.1847560405731201
Conservatives,2015,E14000998,Tooting,43.11628777247638,8.491907568528394,71,Male,6,1.1847560405731201
Labour,2015,E14000998,Tooting,43.11628777247638,8.491907568528394,29,Male,5,0.7883880138397217
Labour,2015,E14000998,Tooting,43.11628777247638,8.491907568528394,52,Male,5,1.4538660049438477
Conservatives,2015,E14000998,Tooting,43.11628777247638,8.491907568528394,36,Male,5,1.4538660049438477
Labour,2015,E14001013,Walthamstow,45.24235370248869,8.168034297115842,53,Female,4,0.6097970008850098
Labour,2015,E14001013,Walthamstow,45.24235370248869,8.168034297115842,73,Male,,0.5923780202865601
Labour,2015,E14001013,Walthamstow,45.24235370248869,8.168034297115842,50,Male,3,0.7269330024719238
Labour,2015,E14001032,West Ham,51.0484248333776,6.824878906299403,22,Female,,2.680999994277954
Labour,2015,E14001032,West Ham,51.0484248333776,6.824878906299403,25,Male,5,2.680999994277954
Labour,2015,E14001032,West Ham,51.0484248333776,6.824878906299403,63,Female,5,0.5934960246086121
Labour,2015,E14001032,West Ham,51.0484248333776,6.824878906299403,29,Female,,0.86844402551651
Labour,2015,E14001032,West Ham,51.0484248333776,6.824878906299403,30,Female,5,0.86844402551651
Labour,2015,E14001040,Wimbledon,37.14819233362726,12.31910368795062,45,Female,3,0.6097970008850098
Labour,2015,E14001040,Wimbledon,37.14819233362726,12.31910368795062,62,Male,5,0.5923780202865601
Conservatives,2015,E14001040,Wimbledon,37.14819233362726,12.31910368795062,37,Male,4,0.7269330024719238
Conservatives,2015,E14001040,Wimbledon,37.14819233362726,12.31910368795062,47,Female,3,1.2195940017700195
Conservatives,2015,E14001040,Wimbledon,37.14819233362726,12.31910368795062,37,Female,7,0.6097970008850098
Conservatives,2015,E14001040,Wimbledon,37.14819233362726,12.31910368795062,69,Male,6,0.5923780202865601
Conservatives,2015,E14000554,Berwick-upon-Tweed,29.59137853614728,22.13344251036742,54,Female,,1.4630060195922852
Conservatives,2015,E14000554,Berwick-upon-Tweed,29.59137853614728,22.13344251036742,71,Female,10,0.47463300824165344
Conservatives,2015,E14000554,Berwick-upon-Tweed,29.59137853614728,22.13344251036742,65,Female,6,0.9492650032043457
Conservatives,2015,E14000554,Berwick-upon-Tweed,29.59137853614728,22.13344251036742,64,Male,7,0.9474769830703735
Conservatives,2015,E14000554,Berwick-upon-Tweed,29.59137853614728,22.13344251036742,61,Male,9,0.47373801469802856
Conservatives,2015,E14000554,Berwick-upon-Tweed,29.59137853614728,22.13344251036742,33,Female,7,0.6945149898529053
Labour,2015,E14000554,Berwick-upon-Tweed,29.59137853614728,22.13344251036742,30,Female,2,2.0835421085357666
Conservatives,2015,E14000554,Berwick-upon-Tweed,29.59137853614728,22.13344251036742,76,Male,7,0.5447970032691956
Conservatives,2015,E14000554,Berwick-upon-Tweed,29.59137853614728,22.13344251036742,57,Female,8,0.9492650032043457
Conservatives,2015,E14000554,Berwick-upon-Tweed,29.59137853614728,22.13344251036742,70,Male,6,0.9474769830703735
Labour,2015,E14000569,Bishop Auckland,33.20748654510403,19.07324742090587,72,Male,5,0.47373801469802856
Conservatives,2015,E14000569,Bishop Auckland,33.20748654510403,19.07324742090587,63,Male,8,0.9474769830703735
Conservatives,2015,E14000569,Bishop Auckland,33.20748654510403,19.07324742090587,53,Female,5,1.9506750106811523
Labour,2015,E14000574,Blaydon,32.59591531586639,19.81287026653527,68,Male,1,0.47373801469802856
Labour,2015,E14000574,Blaydon,32.59591531586639,19.81287026653527,79,Male,,0.5447970032691956
Conservatives,2015,E14000574,Blaydon,32.59591531586639,19.81287026653527,86,Female,8,0.7267919778823853
Labour,2015,E14000574,Blaydon,32.59591531586639,19.81287026653527,46,Female,3,0.4876689910888672
Labour,2015,E14000574,Blaydon,32.59591531586639,19.81287026653527,83,Female,2,0.7267919778823853
Conservatives,2015,E14000574,Blaydon,32.59591531586639,19.81287026653527,79,Male,7,1.0895940065383911
Conservatives,2015,E14000574,Blaydon,32.59591531586639,19.81287026653527,62,Female,,1.898529052734375
Conservatives,2015,E14000574,Blaydon,32.59591531586639,19.81287026653527,46,Female,5,0.9753379821777344
Labour,2015,E14000575,Blyth Valley,34.54133910969406,17.12098717355855,25,Male,6,1.8914740085601807
Conservatives,2015,E14000575,Blyth Valley,34.54133910969406,17.12098717355855,51,Male,5,1.1626900434494019
Labour,2015,E14000575,Blyth Valley,34.54133910969406,17.12098717355855,74,Male,,0.9474769830703735
Labour,2015,E14000658,Darlington,36.81153395976678,17.18279969808679,79,Female,3,0.7267919778823853
Labour,2015,E14000658,Darlington,36.81153395976678,17.18279969808679,54,Female,5,0.9753379821777344
Labour,2015,E14000658,Darlington,36.81153395976678,17.18279969808679,56,Female,5,0.47463300824165344
Conservatives,2015,E14000709,Gateshead,38.66738619770173,15.53552155418704,59,Female,,0.47463300824165344
Labour,2015,E14000709,Gateshead,38.66738619770173,15.53552155418704,43,Female,,0.9753379821777344
Labour,2015,E14000709,Gateshead,38.66738619770173,15.53552155418704,73,Female,5,0.47463300824165344
Labour,2015,E14000709,Gateshead,38.66738619770173,15.53552155418704,79,Female,5,0.7267919778823853
Conservatives,2015,E14000746,Hexham,29.71299648460045,21.9948580723018,71,Female,,0.9492650032043457
Conservatives,2015,E14000746,Hexham,29.71299648460045,21.9948580723018,71,Female,6,0.9492650032043457
Labour,2015,E14000746,Hexham,29.71299648460045,21.9948580723018,39,Male,4,1.1626900434494019
Conservatives,2015,E14000746,Hexham,29.71299648460045,21.9948580723018,59,Female,2,0.9492650032043457
Conservatives,2015,E14000746,Hexham,29.71299648460045,21.9948580723018,46,Male,5,2.325378894805908
Conservatives,2015,E14000746,Hexham,29.71299648460045,21.9948580723018,58,Male,5,0.9474769830703735
Conservatives,2015,E14000746,Hexham,29.71299648460045,21.9948580723018,57,Female,,1.898529052734375
Conservatives,2015,E14000746,Hexham,29.71299648460045,21.9948580723018,71,Male,7,0.9474769830703735
Labour,2015,E14000754,Houghton and Sunderland South,34.2107077998207,18.44095538033609,25,Female,2,1.3890290260314941
Labour,2015,E14000754,Houghton and Sunderland South,34.2107077998207,18.44095538033609,72,Male,,0.47373801469802856
Labour,2015,E14000754,Houghton and Sunderland South,34.2107077998207,18.44095538033609,45,Male,1,1.1626900434494019
Labour,2015,E14000754,Houghton and Sunderland South,34.2107077998207,18.44095538033609,48,Female,3,0.4876689910888672
Labour,2015,E14000754,Houghton and Sunderland South,34.2107077998207,18.44095538033609,84,Female,5,0.7267919778823853
Labour,2015,E14000765,Jarrow,34.63007446552967,17.82969012731204,60,Male,3,0.47373801469802856
Labour,2015,E14000765,Jarrow,34.63007446552967,17.82969012731204,33,Female,5,1.3890290260314941
Labour,2015,E14000765,Jarrow,34.63007446552967,17.82969012731204,56,Female,3,1.4238970279693604
Conservatives,2015,E14000819,Middlesbrough,44.23693602514249,13.93703723432589,59,Female,8,0.47463300824165344
Conservatives,2015,E14000819,Middlesbrough,44.23693602514249,13.93703723432589,63,Male,8,0.47373801469802856
Conservatives,2015,E14000819,Middlesbrough,44.23693602514249,13.93703723432589,75,Female,5,1.453583002090454
Conservatives,2015,E14000819,Middlesbrough,44.23693602514249,13.93703723432589,81,Female,6,0.7267919778823853
Labour,2015,E14000819,Middlesbrough,44.23693602514249,13.93703723432589,71,Female,3,0.9492650032043457
Labour,2015,E14000833,Newcastle upon Tyne North,35.67963034270312,18.05159799768964,53,Male,7,1.7440340518951416
Labour,2015,E14000833,Newcastle upon Tyne North,35.67963034270312,18.05159799768964,40,Female,0,0.9753379821777344
Labour,2015,E14000833,Newcastle upon Tyne North,35.67963034270312,18.05159799768964,23,Male,1,0.7814159989356995
Labour,2015,E14000833,Newcastle upon Tyne North,35.67963034270312,18.05159799768964,70,Female,5,0.9492650032043457
Labour,2015,E14000944,South Shields,35.29661943762607,18.3245437091404,38,Female,4,0.4876689910888672
Labour,2015,E14000944,South Shields,35.29661943762607,18.3245437091404,57,Female,6,0.47463300824165344
Labour,2015,E14000982,Sunderland Central,37.40101116283726,17.19877859538469,40,Female,3,0.9753379821777344
Conservatives,2015,E14000982,Sunderland Central,37.40101116283726,17.19877859538469,20,Female,,2.2138240337371826
Conservatives,2015,E14000532,Altrincham and Sale West,34.68128500584941,17.18897205743806,39,Male,6,1.0190529823303223
Conservatives,2015,E14000532,Altrincham and Sale West,34.68128500584941,17.18897205743806,90,Male,6,0.9549869894981384
Conservatives,2015,E14000532,Altrincham and Sale West,34.68128500584941,17.18897205743806,71,Male,7,0.8304269909858704
Conservatives,2015,E14000532,Altrincham and Sale West,34.68128500584941,17.18897205743806,42,Male,7,1.0190529823303223
Labour,2015,E14000532,Altrincham and Sale West,34.68128500584941,17.18897205743806,45,Female,3,0.8548460006713867
Conservatives,2015,E14000532,Altrincham and Sale West,34.68128500584941,17.18897205743806,77,Male,8,0.4774929881095886
Labour,2015,E14000559,Birkenhead,38.46517597784233,15.69614267378234,33,Female,5,0.6087149977684021
Labour,2015,E14000559,Birkenhead,38.46517597784233,15.69614267378234,56,Female,4,0.42800000309944153
Labour,2015,E14000559,Birkenhead,38.46517597784233,15.69614267378234,58,Female,,0.42800000309944153
Conservatives,2015,E14000559,Birkenhead,38.46517597784233,15.69614267378234,27,Female,5,0.6087149977684021
Conservatives,2015,E14000559,Birkenhead,38.46517597784233,15.69614267378234,84,Female,8,1.2740099430084229
Conservatives,2015,E14000559,Birkenhead,38.46517597784233,15.69614267378234,64,Male,6,0.8304269909858704
Labour,2015,E14000559,Birkenhead,38.46517597784233,15.69614267378234,46,Female,5,0.8548460006713867
Labour,2015,E14000559,Birkenhead,38.46517597784233,15.69614267378234,20,Male,,2.680999994277954
Labour,2015,E14000559,Birkenhead,38.46517597784233,15.69614267378234,42,Male,,1.0190529823303223
Labour,2015,E14000559,Birkenhead,38.46517597784233,15.69614267378234,72,Female,6,0.42800000309944153
Labour,2015,E14000559,Birkenhead,38.46517597784233,15.69614267378234,43,Female,3,1.28226900100708
Conservatives,2015,E14000570,Blackburn,44.92754974544506,12.37248941685471,34,Male,4,1.1052039861679077
Labour,2015,E14000570,Blackburn,44.92754974544506,12.37248941685471,50,Male,5,2.547632932662964
Conservatives,2015,E14000570,Blackburn,44.92754974544506,12.37248941685471,32,Female,4,1.2174309492111206
Conservatives,2015,E14000570,Blackburn,44.92754974544506,12.37248941685471,43,Female,5,0.8548460006713867
Labour,2015,E14000570,Blackburn,44.92754974544506,12.37248941685471,32,Female,8,1.2174309492111206
Labour,2015,E14000570,Blackburn,44.92754974544506,12.37248941685471,26,Male,5,0.5526019930839539
Conservatives,2015,E14000570,Blackburn,44.92754974544506,12.37248941685471,51,Male,8,0.5095270276069641
Labour,2015,E14000570,Blackburn,44.92754974544506,12.37248941685471,21,Female,5,0.4850830137729645
Labour,2015,E14000570,Blackburn,44.92754974544506,12.37248941685471,22,Female,0,0.4850830137729645
Labour,2015,E14000570,Blackburn,44.92754974544506,12.37248941685471,40,Male,5,1.0190529823303223
Labour,2015,E14000570,Blackburn,44.92754974544506,12.37248941685471,44,Male,5,1.0190529823303223
Labour,2015,E14000579,Bolton South East,42.24399736601571,13.80876094626869,49,Male,3,0.5095270276069641
Labour,2015,E14000579,Bolton South East,42.24399736601571,13.80876094626869,38,Male,5,1.0190529823303223
Labour,2015,E14000579,Bolton South East,42.24399736601571,13.80876094626869,68,Female,3,0.42800000309944153
Labour,2015,E14000579,Bolton South East,42.24399736601571,13.80876094626869,34,Female,5,0.6087149977684021
Conservatives,2015,E14000580,Bolton West,35.01581625636089,16.61394581213038,68,Male,8,0.8304269909858704
Conservatives,2015,E14000580,Bolton West,35.01581625636089,16.61394581213038,65,Female,5,0.42800000309944153
Labour,2015,E14000579,Bolton South East,42.24399736601571,13.80876094626869,75,Female,3,0.6370049715042114
Labour,2015,E14000579,Bolton South East,42.24399736601571,13.80876094626869,24,Male,3,0.6848809719085693
Labour,2015,E14000580,Bolton West,35.01581625636089,16.61394581213038,59,Female,5,0.8319939970970154
Labour,2015,E14000580,Bolton West,35.01581625636089,16.61394581213038,72,Male,3,0.42800000309944153
Conservatives,2015,E14000580,Bolton West,35.01581625636089,16.61394581213038,52,Male,4,1.5285789966583252
Conservatives,2015,E14000580,Bolton West,35.01581625636089,16.61394581213038,55,Male,7,0.42800000309944153
Conservatives,2015,E14000580,Bolton West,35.01581625636089,16.61394581213038,72,Male,6,0.8304269909858704
Conservatives,2015,E14000580,Bolton West,35.01581625636089,16.61394581213038,73,Male,7,0.8304269909858704
Conservatives,2015,E14000609,Burnley,37.81228821833469,16.23496709128293,59,Female,7,0.8319939970970154
Labour,2015,E14000609,Burnley,37.81228821833469,16.23496709128293,70,Female,4,0.8319939970970154
Conservatives,2015,E14000609,Burnley,37.81228821833469,16.23496709128293,30,Female,5,1.2174309492111206
Conservatives,2015,E14000611,Bury North,36.44545850627163,16.31199981655163,50,Female,5,0.8548460006713867
Labour,2015,E14000611,Bury North,36.44545850627163,16.31199981655163,47,Male,5,1.0190529823303223
Conservatives,2015,E14000611,Bury North,36.44545850627163,16.31199981655163,64,Female,6,0.42800000309944153
Labour,2015,E14000611,Bury North,36.44545850627163,16.31199981655163,57,Female,5,0.42800000309944153
Conservatives,2015,E14000611,Bury North,36.44545850627163,16.31199981655163,71,Male,8,0.42800000309944153
Labour,2015,E14000611,Bury North,36.44545850627163,16.31199981655163,47,Male,2,1.5285789966583252
Conservatives,2015,E14000611,Bury North,36.44545850627163,16.31199981655163,35,Male,4,0.5095270276069641
Labour,2015,E14000611,Bury North,36.44545850627163,16.31199981655163,41,Female,2,0.42800000309944153
Conservatives,2015,E14000611,Bury North,36.44545850627163,16.31199981655163,70,Female,8,0.8319939970970154
Conservatives,2015,E14000611,Bury North,36.44545850627163,16.31199981655163,43,Female,9,0.42800000309944153
Labour,2015,E14000611,Bury North,36.44545850627163,16.31199981655163,43,Male,3,0.5095270276069641
Conservatives,2015,E14000637,Chorley,34.69430750431889,16.73829688619222,45,Female,5,0.8548460006713867
Labour,2015,E14000637,Chorley,34.69430750431889,16.73829688619222,63,Female,5,0.42800000309944153
Conservatives,2015,E14000637,Chorley,34.69430750431889,16.73829688619222,67,Male,8,0.8304269909858704
Conservatives,2015,E14000637,Chorley,34.69430750431889,16.73829688619222,32,Female,4,0.6087149977684021
Labour,2015,E14000637,Chorley,34.69430750431889,16.73829688619222,32,Male,,1.1052039861679077
Conservatives,2015,E14000637,Chorley,34.69430750431889,16.73829688619222,33,Male,,1.1052039861679077
Labour,2015,E14000637,Chorley,34.69430750431889,16.73829688619222,42,Female,4,0.42800000309944153
Conservatives,2015,E14000637,Chorley,34.69430750431889,16.73829688619222,41,Female,6,0.8548460006713867
Labour,2015,E14000640,City of Chester,36.85359427926232,17.8848325178773,61,Male,,0.42800000309944153
Labour,2015,E14000640,City of Chester,36.85359427926232,17.8848325178773,33,Male,4,1.1052039861679077
Labour,2015,E14000640,City of Chester,36.85359427926232,17.8848325178773,29,Male,5,0.5526019930839539
Labour,2015,E14000640,City of Chester,36.85359427926232,17.8848325178773,83,Male,5,0.4774929881095886
Labour,2015,E14000640,City of Chester,36.85359427926232,17.8848325178773,72,Male,0,0.42800000309944153
Conservatives,2015,E14000640,City of Chester,36.85359427926232,17.8848325178773,66,Female,5,0.42800000309944153
Conservatives,2015,E14000640,City of Chester,36.85359427926232,17.8848325178773,64,Male,6,0.8304269909858704
Labour,2015,E14000640,City of Chester,36.85359427926232,17.8848325178773,33,Female,3,1.2174309492111206
Labour,2015,E14000640,City of Chester,36.85359427926232,17.8848325178773,40,Female,4,0.8548460006713867
Conservatives,2015,E14000640,City of Chester,36.85359427926232,17.8848325178773,77,Female,8,0.6370049715042114
Conservatives,2015,E14000640,City of Chester,36.85359427926232,17.8848325178773,73,Female,10,0.42800000309944153
Labour,2015,E14000688,Ellesmere Port and Neston,33.98225812018915,18.58180019099559,84,Female,5,0.6370049715042114
Labour,2015,E14000688,Ellesmere Port and Neston,33.98225812018915,18.58180019099559,71,Male,,0.42800000309944153
Labour,2015,E14000688,Ellesmere Port and Neston,33.98225812018915,18.58180019099559,20,Female,,1.4552489519119263
Labour,2015,E14000688,Ellesmere Port and Neston,33.98225812018915,18.58180019099559,29,Male,3,2.2104060649871826
Conservatives,2015,E14000688,Ellesmere Port and Neston,33.98225812018915,18.58180019099559,61,Male,,0.8304269909858704
Labour,2015,E14000708,Garston and Halewood,36.19660787946405,17.60443002343982,42,Female,5,0.8548460006713867
Labour,2015,E14000708,Garston and Halewood,36.19660787946405,17.60443002343982,81,Female,5,0.6370049715042114
Labour,2015,E14000708,Garston and Halewood,36.19660787946405,17.60443002343982,19,Male,3,2.0546419620513916
Conservatives,2015,E14000708,Garston and Halewood,36.19660787946405,17.60443002343982,68,Female,6,0.8319939970970154
Conservatives,2015,E14000708,Garston and Halewood,36.19660787946405,17.60443002343982,72,Female,6,0.8319939970970154
Labour,2015,E14000747,Heywood and Middleton,37.11956417117447,16.00573661616648,71,Male,0,0.42800000309944153
Labour,2015,E14000747,Heywood and Middleton,37.11956417117447,16.00573661616648,27,Female,,1.2174309492111206
Conservatives,2015,E14000747,Heywood and Middleton,37.11956417117447,16.00573661616648,48,Male,5,1.0190529823303223
Labour,2015,E14000747,Heywood and Middleton,37.11956417117447,16.00573661616648,72,Male,0,0.42800000309944153
Labour,2015,E14000747,Heywood and Middleton,37.11956417117447,16.00573661616648,33,Female,7,1.2174309492111206
Labour,2015,E14000747,Heywood and Middleton,37.11956417117447,16.00573661616648,82,Male,4,0.9549869894981384
Labour,2015,E14000747,Heywood and Middleton,37.11956417117447,16.00573661616648,44,Female,4,1.7096920013427734
Labour,2015,E14000758,Hyndburn,38.57547516595671,15.75669773174476,18,Female,4,1.940332055091858
Labour,2015,E14000758,Hyndburn,38.57547516595671,15.75669773174476,43,Female,3,0.8548460006713867
Labour,2015,E14000758,Hyndburn,38.57547516595671,15.75669773174476,73,Male,5,1.2456400394439697
Labour,2015,E14000758,Hyndburn,38.57547516595671,15.75669773174476,29,Male,,1.1052039861679077
Labour,2015,E14000758,Hyndburn,38.57547516595671,15.75669773174476,40,Male,5,1.0190529823303223
Conservatives,2015,E14000758,Hyndburn,38.57547516595671,15.75669773174476,45,Female,5,0.8548460006713867
Labour,2015,E14000758,Hyndburn,38.57547516595671,15.75669773174476,40,Female,4,0.8548460006713867
Labour,2015,E14000794,"Liverpool, Walton",39.43140754930559,14.55004571378815,67,Female,5,0.42800000309944153
Labour,2015,E14000794,"Liverpool, Walton",39.43140754930559,14.55004571378815,32,Female,5,0.6087149977684021
Labour,2015,E14000794,"Liverpool, Walton",39.43140754930559,14.55004571378815,27,Female,5,0.6087149977684021
Labour,2015,E14000794,"Liverpool, Walton",39.43140754930559,14.55004571378815,64,Male,3,0.42800000309944153
Conservatives,2015,E14000794,"Liverpool, Walton",39.43140754930559,14.55004571378815,80,Male,8,0.9549869894981384
Labour,2015,E14000794,"Liverpool, Walton",39.43140754930559,14.55004571378815,72,Male,2,0.42800000309944153
Labour,2015,E14000796,"Liverpool, West Derby",38.97853916078509,14.95631620221567,73,Female,2,0.42800000309944153
Labour,2015,E14000796,"Liverpool, West Derby",38.97853916078509,14.95631620221567,33,Female,5,0.6087149977684021
Labour,2015,E14000796,"Liverpool, West Derby",38.97853916078509,14.95631620221567,49,Male,3,1.0190529823303223
Labour,2015,E14000796,"Liverpool, West Derby",38.97853916078509,14.95631620221567,42,Male,2,0.5095270276069641
Labour,2015,E14000796,"Liverpool, West Derby",38.97853916078509,14.95631620221567,61,Male,3,0.42800000309944153
Conservatives,2015,E14000796,"Liverpool, West Derby",38.97853916078509,14.95631620221567,82,Male,8,0.4774929881095886
Labour,2015,E14000796,"Liverpool, West Derby",38.97853916078509,14.95631620221567,78,Female,3,1.2740099430084229
Labour,2015,E14000796,"Liverpool, West Derby",38.97853916078509,14.95631620221567,91,Female,3,0.6370049715042114
Conservatives,2015,E14000805,Makerfield,35.65609661717684,16.45485835319036,42,Female,5,0.8548460006713867
Labour,2015,E14000808,"Manchester, Gorton",53.55492005251894,8.242054713214266,64,Female,,0.42800000309944153
Labour,2015,E14000808,"Manchester, Gorton",53.55492005251894,8.242054713214266,56,Male,0,0.42800000309944153
Labour,2015,E14000808,"Manchester, Gorton",53.55492005251894,8.242054713214266,23,Female,4,0.970166027545929
Labour,2015,E14000825,Morecambe and Lunesdale,33.06000022809439,21.39069146812951,46,Female,2,0.42800000309944153
Labour,2015,E14000825,Morecambe and Lunesdale,33.06000022809439,21.39069146812951,59,Female,4,0.42800000309944153
Conservatives,2015,E14000825,Morecambe and Lunesdale,33.06000022809439,21.39069146812951,70,Female,5,0.42800000309944153
Conservatives,2015,E14000825,Morecambe and Lunesdale,33.06000022809439,21.39069146812951,78,Male,7,1.432479977607727
Labour,2015,E14000875,Pendle,38.78281089299288,16.04212314984573,89,Male,5,0.4774929881095886
Conservatives,2015,E14000875,Pendle,38.78281089299288,16.04212314984573,73,Female,5,0.42800000309944153
Labour,2015,E14000875,Pendle,38.78281089299288,16.04212314984573,19,Female,0,0.4850830137729645
Labour,2015,E14000875,Pendle,38.78281089299288,16.04212314984573,44,Male,4,0.5095270276069641
Conservatives,2015,E14000875,Pendle,38.78281089299288,16.04212314984573,20,Male,5,2.0546419620513916
Conservatives,2015,E14000877,Penrith and The Border,29.80459208597949,21.69027845627748,41,Female,5,0.42800000309944153
Labour,2015,E14000877,Penrith and The Border,29.80459208597949,21.69027845627748,41,Female,2,0.8548460006713867
Conservatives,2015,E14000877,Penrith and The Border,29.80459208597949,21.69027845627748,81,Female,6,0.6370049715042114
Conservatives,2015,E14000877,Penrith and The Border,29.80459208597949,21.69027845627748,46,Female,5,0.8548460006713867
Labour,2015,E14000885,Preston,47.9278328761342,11.34416543574594,65,Female,5,0.42800000309944153
Labour,2015,E14000885,Preston,47.9278328761342,11.34416543574594,32,Male,2,1.1052039861679077
Conservatives,2015,E14000885,Preston,47.9278328761342,11.34416543574594,50,Male,7,1.0190529823303223
Labour,2015,E14000885,Preston,47.9278328761342,11.34416543574594,25,Male,6,2.2104060649871826
Conservatives,2015,E14000885,Preston,47.9278328761342,11.34416543574594,24,Female,5,0.970166027545929
Conservatives,2015,E14000885,Preston,47.9278328761342,11.34416543574594,58,Female,5,0.8319939970970154
Labour,2015,E14000885,Preston,47.9278328761342,11.34416543574594,54,Female,0,0.42800000309944153
Labour,2015,E14000894,Ribble Valley,33.25630100382755,19.0304243312115,48,Male,2,1.5285789966583252
Labour,2015,E14000894,Ribble Valley,33.25630100382755,19.0304243312115,58,Male,2,1.2456400394439697
Conservatives,2015,E14000894,Ribble Valley,33.25630100382755,19.0304243312115,52,Male,,1.0190529823303223
Labour,2015,E14000894,Ribble Valley,33.25630100382755,19.0304243312115,64,Male,4,0.8304269909858704
Conservatives,2015,E14000894,Ribble Valley,33.25630100382755,19.0304243312115,53,Female,6,1.28226900100708
Conservatives,2015,E14000894,Ribble Valley,33.25630100382755,19.0304243312115,88,Female,6,0.6370049715042114
Labour,2015,E14000897,Rochdale,42.48689763925607,13.15987199109503,26,Female,4,1.2174309492111206
Labour,2015,E14000897,Rochdale,42.48689763925607,13.15987199109503,31,Male,,1.1052039861679077
Labour,2015,E14000897,Rochdale,42.48689763925607,13.15987199109503,39,Female,10,0.42800000309944153
Conservatives,2015,E14000897,Rochdale,42.48689763925607,13.15987199109503,88,Male,5,0.4774929881095886
Conservatives,2015,E14000897,Rochdale,42.48689763925607,13.15987199109503,71,Male,5,0.42800000309944153
Labour,2015,E14000897,Rochdale,42.48689763925607,13.15987199109503,73,Male,3,0.8304269909858704
Labour,2015,E14000943,South Ribble,33.3507923303653,18.39253987326822,24,Female,,0.970166027545929
Conservatives,2015,E14000943,South Ribble,33.3507923303653,18.39253987326822,43,Male,5,1.0190529823303223
Conservatives,2015,E14000943,South Ribble,33.3507923303653,18.39253987326822,55,Female,5,0.8319939970970154
Conservatives,2015,E14000958,Southport,31.7445038227061,23.16969274515661,69,Male,,0.8304269909858704
Conservatives,2015,E14000958,Southport,31.7445038227061,23.16969274515661,47,Female,4,0.8548460006713867
Conservatives,2015,E14000958,Southport,31.7445038227061,23.16969274515661,30,Male,6,1.1052039861679077
Labour,2015,E14000962,St. Helens North,35.23487846826499,17.54802213058704,60,Female,4,0.42800000309944153
Labour,2015,E14000962,St. Helens North,35.23487846826499,17.54802213058704,83,Male,4,0.9549869894981384
Labour,2015,E14000962,St. Helens North,35.23487846826499,17.54802213058704,65,Female,3,0.8319939970970154
Labour,2015,E14000962,St. Helens North,35.23487846826499,17.54802213058704,77,Female,6,0.6370049715042114
Conservatives,2015,E14000962,St. Helens North,35.23487846826499,17.54802213058704,55,Female,7,1.2479909658432007
Labour,2015,E14000962,St. Helens North,35.23487846826499,17.54802213058704,86,Female,,0.6370049715042114
Conservatives,2015,E14000962,St. Helens North,35.23487846826499,17.54802213058704,53,Female,6,0.8548460006713867
Conservatives,2015,E14000962,St. Helens North,35.23487846826499,17.54802213058704,78,Female,,1.2740099430084229
Conservatives,2015,E14000962,St. Helens North,35.23487846826499,17.54802213058704,45,Female,7,0.8548460006713867
Labour,2015,E14000963,St. Helens South and Whiston,35.74912822754503,17.91628997486514,21,Female,5,1.4552489519119263
Labour,2015,E14000963,St. Helens South and Whiston,35.74912822754503,17.91628997486514,27,Female,1,1.2174309492111206
Labour,2015,E14000963,St. Helens South and Whiston,35.74912822754503,17.91628997486514,37,Female,4,0.8548460006713867
Labour,2015,E14000963,St. Helens South and Whiston,35.74912822754503,17.91628997486514,75,Female,5,0.6370049715042114
Labour,2015,E14000963,St. Helens South and Whiston,35.74912822754503,17.91628997486514,70,Female,4,0.42800000309944153
Labour,2015,E14000963,St. Helens South and Whiston,35.74912822754503,17.91628997486514,64,Female,4,0.8319939970970154
Conservatives,2015,E14000963,St. Helens South and Whiston,35.74912822754503,17.91628997486514,58,Female,5,0.8319939970970154
Labour,2015,E14000967,Stalybridge and Hyde,37.17898408545891,15.05886200130804,71,Female,,0.42800000309944153
Labour,2015,E14000967,Stalybridge and Hyde,37.17898408545891,15.05886200130804,28,Female,5,0.6087149977684021
Labour,2015,E14000967,Stalybridge and Hyde,37.17898408545891,15.05886200130804,64,Male,0,0.42800000309944153
Conservatives,2015,E14000967,Stalybridge and Hyde,37.17898408545891,15.05886200130804,67,Female,5,0.8319939970970154
Conservatives,2015,E14000967,Stalybridge and Hyde,37.17898408545891,15.05886200130804,78,Female,6,0.6370049715042114
Conservatives,2015,E14000967,Stalybridge and Hyde,37.17898408545891,15.05886200130804,70,Male,8,0.8304269909858704
Conservatives,2015,E14000969,Stockport,37.958530819622,13.84736613075847,40,Male,5,1.0190529823303223
Conservatives,2015,E14000661,Denton and Reddish,36.80445521483829,16.26083511976885,52,Male,7,1.0190529823303223
Labour,2015,E14000969,Stockport,37.958530819622,13.84736613075847,65,Female,2,0.8319939970970154
Labour,2015,E14000969,Stockport,37.958530819622,13.84736613075847,52,Male,3,1.5285789966583252
Labour,2015,E14000969,Stockport,37.958530819622,13.84736613075847,53,Male,5,0.5095270276069641
Labour,2015,E14000979,Stretford and Urmston,38.23329856504876,14.77888383679835,61,Female,5,1.6639879941940308
Labour,2015,E14000979,Stretford and Urmston,38.23329856504876,14.77888383679835,40,Male,5,1.0190529823303223
Labour,2015,E14000979,Stretford and Urmston,38.23329856504876,14.77888383679835,18,Female,4,2.4254150390625
Conservatives,2015,E14000979,Stretford and Urmston,38.23329856504876,14.77888383679835,35,Female,5,1.28226900100708
Conservatives,2015,E14000979,Stretford and Urmston,38.23329856504876,14.77888383679835,78,Female,7,1.2740099430084229
Labour,2015,E14000979,Stretford and Urmston,38.23329856504876,14.77888383679835,47,Female,6,0.8548460006713867
Conservatives,2015,E14001024,Weaver Vale,34.85293617214352,15.87472634671446,52,Female,,0.42800000309944153
Labour,2015,E14001024,Weaver Vale,34.85293617214352,15.87472634671446,65,Female,,0.42800000309944153
Labour,2015,E14001024,Weaver Vale,34.85293617214352,15.87472634671446,56,Male,3,0.42800000309944153
Labour,2015,E14001024,Weaver Vale,34.85293617214352,15.87472634671446,88,Female,5,0.6370049715042114
Labour,2015,E14001024,Weaver Vale,34.85293617214352,15.87472634671446,51,Male,,1.0190529823303223
Labour,2015,E14001024,Weaver Vale,34.85293617214352,15.87472634671446,58,Male,4,0.8304269909858704
Labour,2015,E14001024,Weaver Vale,34.85293617214352,15.87472634671446,39,Female,4,0.42800000309944153
Conservatives,2015,E14001024,Weaver Vale,34.85293617214352,15.87472634671446,63,Male,5,1.6608539819717407
Labour,2015,E14001024,Weaver Vale,34.85293617214352,15.87472634671446,44,Male,4,0.5095270276069641
Conservatives,2015,E14001033,West Lancashire,36.06232264734115,18.49742080445584,65,Male,8,1.2456400394439697
Conservatives,2015,E14001033,West Lancashire,36.06232264734115,18.49742080445584,78,Female,5,1.2740099430084229
Labour,2015,E14001033,West Lancashire,36.06232264734115,18.49742080445584,56,Male,5,1.2456400394439697
Conservatives,2015,E14001037,Westmorland and Lonsdale,28.30348312062822,24.50696504963119,49,Male,7,0.5095270276069641
Conservatives,2015,E14001037,Westmorland and Lonsdale,28.30348312062822,24.50696504963119,74,Female,5,0.8319939970970154
Conservatives,2015,E14001037,Westmorland and Lonsdale,28.30348312062822,24.50696504963119,58,Female,7,0.42800000309944153
Conservatives,2015,E14001037,Westmorland and Lonsdale,28.30348312062822,24.50696504963119,38,Male,7,0.5095270276069641
Labour,2015,E14001039,Wigan,36.3886216847602,16.77889240071458,48,Female,5,0.42800000309944153
Labour,2015,E14001039,Wigan,36.3886216847602,16.77889240071458,52,Male,6,0.5095270276069641
Labour,2015,E14001039,Wigan,36.3886216847602,16.77889240071458,35,Male,2,0.5095270276069641
Conservatives,2015,E14001039,Wigan,36.3886216847602,16.77889240071458,62,Female,4,0.42800000309944153
Conservatives,2015,E14001039,Wigan,36.3886216847602,16.77889240071458,48,Female,8,0.42800000309944153
Conservatives,2015,E14001039,Wigan,36.3886216847602,16.77889240071458,37,Male,7,1.0190529823303223
Labour,2015,E14001039,Wigan,36.3886216847602,16.77889240071458,47,Female,2,1.28226900100708
Labour,2015,E14001053,Workington,32.08784758112885,20.20596454959611,62,Male,0,0.8304269909858704
Conservatives,2015,E14001053,Workington,32.08784758112885,20.20596454959611,75,Male,5,0.4774929881095886
Labour,2015,E14001053,Workington,32.08784758112885,20.20596454959611,18,Male,5,2.680999994277954
Labour,2015,E14001053,Workington,32.08784758112885,20.20596454959611,35,Male,5,1.0190529823303223
Conservatives,2015,E14001057,Wyre and Preston North,30.3332429010671,22.82058238379454,85,Male,5,0.4774929881095886
Labour,2015,E14001057,Wyre and Preston North,30.3332429010671,22.82058238379454,24,Female,,1.4552489519119263
Labour,2015,E14001057,Wyre and Preston North,30.3332429010671,22.82058238379454,32,Female,3,1.2174309492111206
Labour,2015,E14001057,Wyre and Preston North,30.3332429010671,22.82058238379454,24,Female,5,0.970166027545929
Conservatives,2015,E14001057,Wyre and Preston North,30.3332429010671,22.82058238379454,31,Female,7,1.2174309492111206
Labour,2015,E14001057,Wyre and Preston North,30.3332429010671,22.82058238379454,76,Female,3,0.6370049715042114
Labour,2015,E14001057,Wyre and Preston North,30.3332429010671,22.82058238379454,58,Male,,0.8304269909858704
Conservatives,2015,S14000004,Angus,33.18450304636993,19.75722059439096,46,Female,7,0.5759980082511902
Labour,2015,S14000004,Angus,33.18450304636993,19.75722059439096,47,Female,3,2.303992986679077
Labour,2015,S14000004,Angus,33.18450304636993,19.75722059439096,76,Male,4,0.6434739828109741
Conservatives,2015,S14000004,Angus,33.18450304636993,19.75722059439096,45,Female,4,1.1519969701766968
Conservatives,2015,S14000004,Angus,33.18450304636993,19.75722059439096,65,Male,7,1.119089961051941
Labour,2015,S14000006,"Ayr, Carrick and Cumnock",32.42380074591675,20.55450765207699,63,Female,3,0.560600996017456
Labour,2015,S14000006,"Ayr, Carrick and Cumnock",32.42380074591675,20.55450765207699,78,Male,5,1.2869470119476318
Conservatives,2015,S14000008,"Berwickshire, Roxburgh and Selkirk",30.46587032519037,21.15796922361987,65,Female,6,0.560600996017456
Labour,2015,S14000008,"Berwickshire, Roxburgh and Selkirk",30.46587032519037,21.15796922361987,55,Male,5,1.119089961051941
Conservatives,2015,S14000008,"Berwickshire, Roxburgh and Selkirk",30.46587032519037,21.15796922361987,71,Male,8,1.119089961051941
Conservatives,2015,S14000008,"Berwickshire, Roxburgh and Selkirk",30.46587032519037,21.15796922361987,43,Male,6,1.3732839822769165
Conservatives,2015,S14000008,"Berwickshire, Roxburgh and Selkirk",30.46587032519037,21.15796922361987,52,Female,5,2.680999994277954
Labour,2015,S14000012,"Cumbernauld, Kilsyth and Kirkintilloch East",36.45474187468395,15.05194685790466,69,Female,10,0.560600996017456
Labour,2015,S14000012,"Cumbernauld, Kilsyth and Kirkintilloch East",36.45474187468395,15.05194685790466,68,Male,3,0.5595449805259705
Conservatives,2015,S14000014,"Dumfriesshire, Clydesdale and Tweeddale",30.56105839965709,21.14018929783709,83,Male,,0.6434739828109741
Conservatives,2015,S14000014,"Dumfriesshire, Clydesdale and Tweeddale",30.56105839965709,21.14018929783709,56,Male,5,0.5595449805259705
Conservatives,2015,S14000014,"Dumfriesshire, Clydesdale and Tweeddale",30.56105839965709,21.14018929783709,87,Female,8,0.8584330081939697
Conservatives,2015,S14000014,"Dumfriesshire, Clydesdale and Tweeddale",30.56105839965709,21.14018929783709,70,Female,7,0.560600996017456
Conservatives,2015,S14000014,"Dumfriesshire, Clydesdale and Tweeddale",30.56105839965709,21.14018929783709,81,Female,0,1.7168649435043335
Labour,2015,S14000017,Dunfermline and West Fife,34.84000895054822,15.17931609674729,56,Female,5,0.560600996017456
Labour,2015,S14000017,Dunfermline and West Fife,34.84000895054822,15.17931609674729,35,Female,5,0.5759980082511902
Labour,2015,S14000017,Dunfermline and West Fife,34.84000895054822,15.17931609674729,40,Male,0,2.680999994277954
Conservatives,2015,S14000017,Dunfermline and West Fife,34.84000895054822,15.17931609674729,24,Male,7,1.8459010124206543
Labour,2015,S14000017,Dunfermline and West Fife,34.84000895054822,15.17931609674729,32,Male,1,2.2340691089630127
Labour,2015,S14000020,East Lothian,34.01125184271488,17.81341195583501,82,Male,8,0.6434739828109741
Labour,2015,S14000020,East Lothian,34.01125184271488,17.81341195583501,83,Male,6,0.6434739828109741
Conservatives,2015,S14000020,East Lothian,34.01125184271488,17.81341195583501,82,Female,8,1.7168649435043335
Conservatives,2015,S14000020,East Lothian,34.01125184271488,17.81341195583501,66,Male,8,1.119089961051941
Conservatives,2015,S14000023,Edinburgh North and Leith,39.26805609184144,11.74858499006432,53,Female,5,0.5759980082511902
Conservatives,2015,S14000023,Edinburgh North and Leith,39.26805609184144,11.74858499006432,73,Male,6,1.119089961051941
Labour,2015,S14000023,Edinburgh North and Leith,39.26805609184144,11.74858499006432,24,Female,,2.680999994277954
Labour,2015,S14000025,Edinburgh South West,41.02845741464792,13.46991011326535,63,Male,5,0.5595449805259705
Conservatives,2015,S14000025,Edinburgh South West,41.02845741464792,13.46991011326535,82,Male,5,0.6434739828109741
Labour,2015,S14000025,Edinburgh South West,41.02845741464792,13.46991011326535,71,Male,,1.119089961051941
Labour,2015,S14000032,Glasgow North East,39.08262864863605,15.34581964730822,55,Male,6,0.5595449805259705
Labour,2015,S14000032,Glasgow North East,39.08262864863605,15.34581964730822,57,Male,5,0.5595449805259705
Labour,2015,S14000032,Glasgow North East,39.08262864863605,15.34581964730822,48,Female,4,0.5759980082511902
Labour,2015,S14000034,Glasgow South,36.51595865774257,14.46296043345627,70,Female,6,0.560600996017456
Labour,2015,S14000034,Glasgow South,36.51595865774257,14.46296043345627,58,Male,4,0.5595449805259705
Conservatives,2015,S14000034,Glasgow South,36.51595865774257,14.46296043345627,31,Female,6,1.6406179666519165
Conservatives,2015,S14000037,Gordon,33.49919903884661,15.38045654785743,60,Female,,1.121201992034912
Labour,2015,S14000037,Gordon,33.49919903884661,15.38045654785743,53,Female,,1.1519969701766968
Conservatives,2015,S14000039,"Inverness, Nairn, Badenoch and Strathspey",34.51381258829069,16.89785747920264,65,Female,,0.560600996017456
Labour,2015,S14000039,"Inverness, Nairn, Badenoch and Strathspey",34.51381258829069,16.89785747920264,53,Female,5,0.5759980082511902
Conservatives,2015,S14000039,"Inverness, Nairn, Badenoch and Strathspey",34.51381258829069,16.89785747920264,73,Female,10,0.560600996017456
Conservatives,2015,S14000039,"Inverness, Nairn, Badenoch and Strathspey",34.51381258829069,16.89785747920264,24,Male,5,0.9229509830474854
Conservatives,2015,S14000036,Glenrothes,35.04786430050943,17.0374517158372,52,Male,5,0.6866419911384583
Labour,2015,S14000036,Glenrothes,35.04786430050943,17.0374517158372,69,Female,6,1.121201992034912
Labour,2015,S14000036,Glenrothes,35.04786430050943,17.0374517158372,53,Male,3,0.6866419911384583
Labour,2015,S14000041,Kirkcaldy and Cowdenbeath,34.19074041605215,18.13756329995152,68,Female,4,0.560600996017456
Labour,2015,S14000043,Linlithgow and East Falkirk,35.88841484595584,15.67429390859779,22,Male,,2.680999994277954
Labour,2015,S14000045,Midlothian,34.84919518674793,16.71294793657663,31,Female,2,1.6406179666519165
Labour,2015,S14000045,Midlothian,34.84919518674793,16.71294793657663,80,Female,5,0.8584330081939697
Labour,2015,S14000045,Midlothian,34.84919518674793,16.71294793657663,86,Male,3,1.2869470119476318
Labour,2015,S14000045,Midlothian,34.84919518674793,16.71294793657663,67,Female,5,1.121201992034912
Labour,2015,S14000045,Midlothian,34.84919518674793,16.71294793657663,67,Male,5,1.119089961051941
Labour,2015,S14000047,Motherwell and Wishaw,37.06127240513483,15.643648300525,66,Female,1,0.560600996017456
Labour,2015,S14000048,North Ayrshire and Arran,32.90582631000366,19.79270271685075,23,Female,,1.3074029684066772
Labour,2015,S14000048,North Ayrshire and Arran,32.90582631000366,19.79270271685075,65,Male,10,1.119089961051941
Labour,2015,S14000048,North Ayrshire and Arran,32.90582631000366,19.79270271685075,62,Male,4,1.119089961051941
Conservatives,2015,S14000048,North Ayrshire and Arran,32.90582631000366,19.79270271685075,52,Female,0,0.5759980082511902
Labour,2015,S14000053,Paisley and Renfrewshire South,35.08658209093435,16.9136031113992,77,Female,5,1.7168649435043335
Labour,2015,S14000053,Paisley and Renfrewshire South,35.08658209093435,16.9136031113992,67,Male,2,0.5595449805259705
Labour,2015,S14000053,Paisley and Renfrewshire South,35.08658209093435,16.9136031113992,80,Female,5,0.8584330081939697
Conservatives,2015,S14000053,Paisley and Renfrewshire South,35.08658209093435,16.9136031113992,68,Female,5,1.121201992034912
Conservatives,2015,S14000054,Perth and North Perthshire,32.80254124397991,20.01741981760426,18,Female,8,1.9611029624938965
Conservatives,2015,S14000054,Perth and North Perthshire,32.80254124397991,20.01741981760426,70,Male,7,0.5595449805259705
Labour,2015,S14000054,Perth and North Perthshire,32.80254124397991,20.01741981760426,43,Male,1,1.3732839822769165
Labour,2015,S14000054,Perth and North Perthshire,32.80254124397991,20.01741981760426,80,Male,5,1.2869470119476318
Labour,2015,S14000055,"Ross, Skye and Lochaber",30.87822031279885,19.5153530389748,53,Male,4,0.6866419911384583
Conservatives,2015,S14000057,Stirling,37.11480714040356,17.21165246490188,70,Male,8,1.119089961051941
Conservatives,2015,S14000057,Stirling,37.11480714040356,17.21165246490188,54,Female,7,1.7279939651489258
Conservatives,2015,S14000057,Stirling,37.11480714040356,17.21165246490188,68,Female,9,1.121201992034912
Conservatives,2015,S14000058,West Aberdeenshire and Kincardine,33.71606149820085,15.49776469305419,46,Female,6,1.1519969701766968
Labour,2015,S14000059,West Dunbartonshire,35.56547619047619,16.44179894179894,83,Female,1,0.8584330081939697
Labour,2015,S14000059,West Dunbartonshire,35.56547619047619,16.44179894179894,61,Female,5,0.560600996017456
Conservatives,2015,E14000534,Arundel and South Downs,29.02834465954537,23.88271458973753,97,Female,10,2.3579459190368652
Conservatives,2015,E14000534,Arundel and South Downs,29.02834465954537,23.88271458973753,32,Male,7,1.363679051399231
Conservatives,2015,E14000534,Arundel and South Downs,29.02834465954537,23.88271458973753,61,Male,5,1.5369600057601929
Labour,2015,E14000534,Arundel and South Downs,29.02834465954537,23.88271458973753,53,Female,2,1.0547699928283691
Labour,2015,E14000534,Arundel and South Downs,29.02834465954537,23.88271458973753,43,Male,3,1.2573809623718262
Conservatives,2015,E14000534,Arundel and South Downs,29.02834465954537,23.88271458973753,69,Male,8,1.0246410369873047
Labour,2015,E14000534,Arundel and South Downs,29.02834465954537,23.88271458973753,51,Male,3,1.886070966720581
Conservatives,2015,E14000536,Ashford,37.03470869488224,16.75048698423942,66,Female,8,1.0265740156173706
Conservatives,2015,E14000538,Aylesbury,37.4813703981412,14.18349116424598,61,Male,10,1.0246410369873047
Conservatives,2015,E14000538,Aylesbury,37.4813703981412,14.18349116424598,73,Female,3,1.0265740156173706
Conservatives,2015,E14000538,Aylesbury,37.4813703981412,14.18349116424598,52,Female,7,1.5821549892425537
Conservatives,2015,E14000538,Aylesbury,37.4813703981412,14.18349116424598,61,Female,5,1.0265740156173706
Conservatives,2015,E14000538,Aylesbury,37.4813703981412,14.18349116424598,57,Female,7,1.0265740156173706
Conservatives,2015,E14000538,Aylesbury,37.4813703981412,14.18349116424598,50,Female,8,2.636924982070923
Conservatives,2015,E14000538,Aylesbury,37.4813703981412,14.18349116424598,39,Male,6,1.2573809623718262
Conservatives,2015,E14000538,Aylesbury,37.4813703981412,14.18349116424598,78,Female,5,0.7859820127487183
Conservatives,2015,E14000539,Banbury,37.66874703208737,14.46730208262669,31,Female,7,0.7510769963264465
Conservatives,2015,E14000539,Banbury,37.66874703208737,14.46730208262669,68,Female,5,0.5132870078086853
Conservatives,2015,E14000539,Banbury,37.66874703208737,14.46730208262669,87,Female,7,0.7859820127487183
Conservatives,2015,E14000539,Banbury,37.66874703208737,14.46730208262669,35,Male,7,0.6286910176277161
Conservatives,2015,E14000539,Banbury,37.66874703208737,14.46730208262669,60,Female,6,0.5132870078086853
Conservatives,2015,E14000539,Banbury,37.66874703208737,14.46730208262669,72,Male,5,1.0246410369873047
Conservatives,2015,E14000539,Banbury,37.66874703208737,14.46730208262669,59,Male,3,0.5123199820518494
Conservatives,2015,E14000539,Banbury,37.66874703208737,14.46730208262669,49,Male,5,2.514760971069336
Conservatives,2015,E14000539,Banbury,37.66874703208737,14.46730208262669,-1,Male,5,0.5389479994773865
Labour,2015,E14000539,Banbury,37.66874703208737,14.46730208262669,35,Female,1,0.5273849964141846
Conservatives,2015,E14000557,Bexhill and Battle,28.87408539914819,26.90639054076862,68,Male,8,0.5123199820518494
Labour,2015,E14000557,Bexhill and Battle,28.87408539914819,26.90639054076862,60,Female,1,1.0265740156173706
Conservatives,2015,E14000557,Bexhill and Battle,28.87408539914819,26.90639054076862,81,Female,6,0.7859820127487183
Labour,2015,E14000557,Bexhill and Battle,28.87408539914819,26.90639054076862,60,Female,2,0.5132870078086853
Conservatives,2015,E14000557,Bexhill and Battle,28.87408539914819,26.90639054076862,80,Male,6,1.1783310174942017
Conservatives,2015,E14000557,Bexhill and Battle,28.87408539914819,26.90639054076862,56,Male,8,0.5123199820518494
Labour,2015,E14000598,"Brighton, Pavilion",44.82059598621529,10.3192300638074,54,Male,2,0.6286910176277161
Conservatives,2015,E14000598,"Brighton, Pavilion",44.82059598621529,10.3192300638074,66,Female,10,1.0265740156173706
Conservatives,2015,E14000598,"Brighton, Pavilion",44.82059598621529,10.3192300638074,77,Female,5,0.7859820127487183
Labour,2015,E14000619,Canterbury,43.51299414348463,17.64275256222547,60,Male,5,1.0246410369873047
Conservatives,2015,E14000619,Canterbury,43.51299414348463,17.64275256222547,49,Female,8,2.1095399856567383
Conservatives,2015,E14000619,Canterbury,43.51299414348463,17.64275256222547,65,Male,8,1.0246410369873047
Conservatives,2015,E14000619,Canterbury,43.51299414348463,17.64275256222547,77,Female,7,1.571964979171753
Labour,2015,E14000626,Chatham and Aylesford,40.10341176591524,13.40035567068595,65,Male,7,0.5123199820518494
Labour,2015,E14000626,Chatham and Aylesford,40.10341176591524,13.40035567068595,29,Female,5,1.5021530389785767
Labour,2015,E14000626,Chatham and Aylesford,40.10341176591524,13.40035567068595,40,Male,2,1.2573809623718262
Conservatives,2015,E14000626,Chatham and Aylesford,40.10341176591524,13.40035567068595,71,Female,7,1.0265740156173706
Conservatives,2015,E14000626,Chatham and Aylesford,40.10341176591524,13.40035567068595,78,Female,8,1.571964979171753
Conservatives,2015,E14000633,Chichester,31.19646655297296,24.47831835514592,63,Male,6,0.5123199820518494
Conservatives,2015,E14000633,Chichester,31.19646655297296,24.47831835514592,43,Female,5,1.0547699928283691
Conservatives,2015,E14000652,Crawley,40.22627278441232,12.63450190905935,31,Female,6,1.5021530389785767
Conservatives,2015,E14000680,East Hampshire,33.36097059255684,18.96370773073613,23,Male,6,2.5351650714874268
Conservatives,2015,E14000680,East Hampshire,33.36097059255684,18.96370773073613,65,Male,7,0.5123199820518494
Conservatives,2015,E14000680,East Hampshire,33.36097059255684,18.96370773073613,59,Female,7,1.0265740156173706
Conservatives,2015,E14000680,East Hampshire,33.36097059255684,18.96370773073613,60,Male,8,1.0246410369873047
Conservatives,2015,E14000680,East Hampshire,33.36097059255684,18.96370773073613,54,Male,8,0.6286910176277161
Conservatives,2015,E14000680,East Hampshire,33.36097059255684,18.96370773073613,47,Female,7,1.0547699928283691
Conservatives,2015,E14000680,East Hampshire,33.36097059255684,18.96370773073613,81,Male,7,0.589165985584259
Conservatives,2015,E14000680,East Hampshire,33.36097059255684,18.96370773073613,89,Female,9,0.7859820127487183
Conservatives,2015,E14000685,Eastleigh,36.06969729094186,15.64526854466428,-1,Female,5,1.1669650077819824
Labour,2015,E14000685,Eastleigh,36.06969729094186,15.64526854466428,38,Female,3,1.0547699928283691
Labour,2015,E14000685,Eastleigh,36.06969729094186,15.64526854466428,79,Female,3,0.7859820127487183
Conservatives,2015,E14000685,Eastleigh,36.06969729094186,15.64526854466428,64,Male,4,1.0246410369873047
Labour,2015,E14000685,Eastleigh,36.06969729094186,15.64526854466428,72,Female,3,1.0265740156173706
Labour,2015,E14000700,Faversham and Mid Kent,34.83686048015172,17.93888194474376,57,Male,5,1.0246410369873047
Conservatives,2015,E14000700,Faversham and Mid Kent,34.83686048015172,17.93888194474376,19,Male,7,2.5351650714874268
Conservatives,2015,E14000700,Faversham and Mid Kent,34.83686048015172,17.93888194474376,46,Female,5,1.0547699928283691
Labour,2015,E14000700,Faversham and Mid Kent,34.83686048015172,17.93888194474376,26,Male,5,0.6818400025367737
Labour,2015,E14000711,Gillingham and Rainham,39.47687949003338,14.81432763330972,74,Male,3,0.5123199820518494
Conservatives,2015,E14000711,Gillingham and Rainham,39.47687949003338,14.81432763330972,74,Male,5,1.0246410369873047
Labour,2015,E14000711,Gillingham and Rainham,39.47687949003338,14.81432763330972,35,Male,5,1.2573809623718262
Conservatives,2015,E14000711,Gillingham and Rainham,39.47687949003338,14.81432763330972,45,Female,5,1.5821549892425537
Conservatives,2015,E14000713,Gosport,35.60326373592282,18.61136102751838,65,Female,7,0.5132870078086853
Labour,2015,E14000713,Gosport,35.60326373592282,18.61136102751838,53,Female,3,1.0547699928283691
Labour,2015,E14000713,Gosport,35.60326373592282,18.61136102751838,41,Female,3,1.0547699928283691
Conservatives,2015,E14000713,Gosport,35.60326373592282,18.61136102751838,50,Female,6,1.0547699928283691
Conservatives,2015,E14000713,Gosport,35.60326373592282,18.61136102751838,53,Female,5,1.0547699928283691
Conservatives,2015,E14000719,Guildford,39.95854117958863,15.66916239931091,47,Female,7,1.0547699928283691
Conservatives,2015,E14000719,Guildford,39.95854117958863,15.66916239931091,78,Male,7,0.589165985584259
Labour,2015,E14000719,Guildford,39.95854117958863,15.66916239931091,52,Male,,1.2573809623718262
Conservatives,2015,E14000719,Guildford,39.95854117958863,15.66916239931091,38,Male,6,1.2573809623718262
Conservatives,2015,E14000719,Guildford,39.95854117958863,15.66916239931091,65,Male,7,1.0246410369873047
Conservatives,2015,E14000719,Guildford,39.95854117958863,15.66916239931091,42,Female,5,1.0547699928283691
Labour,2015,E14000719,Guildford,39.95854117958863,15.66916239931091,67,Male,5,1.0246410369873047
Conservatives,2015,E14000736,Havant,34.43265306122449,20.86204081632653,40,Male,5,1.2573809623718262
Conservatives,2015,E14000736,Havant,34.43265306122449,20.86204081632653,51,Male,6,1.886070966720581
Conservatives,2015,E14000736,Havant,34.43265306122449,20.86204081632653,29,Male,5,2.680999994277954
Conservatives,2015,E14000736,Havant,34.43265306122449,20.86204081632653,70,Male,8,0.5123199820518494
Conservatives,2015,E14000736,Havant,34.43265306122449,20.86204081632653,35,Male,6,0.6286910176277161
Conservatives,2015,E14000736,Havant,34.43265306122449,20.86204081632653,41,Female,6,1.0547699928283691
Conservatives,2015,E14000736,Havant,34.43265306122449,20.86204081632653,48,Female,8,1.0547699928283691
Conservatives,2015,E14000755,Hove,35.47762974547132,14.60607701021523,88,Male,,0.589165985584259
Conservatives,2015,E14000755,Hove,35.47762974547132,14.60607701021523,59,Female,,0.5132870078086853
Labour,2015,E14000755,Hove,35.47762974547132,14.60607701021523,30,Male,2,0.6818400025367737
Conservatives,2015,E14000755,Hove,35.47762974547132,14.60607701021523,87,Female,7,0.7859820127487183
Conservatives,2015,E14000755,Hove,35.47762974547132,14.60607701021523,41,Female,6,0.5273849964141846
Labour,2015,E14000755,Hove,35.47762974547132,14.60607701021523,49,Female,5,0.5273849964141846
Labour,2015,E14000755,Hove,35.47762974547132,14.60607701021523,51,Female,3,0.5273849964141846
Conservatives,2015,E14000786,Lewes,30.28279208998549,24.24482946298984,72,Male,7,0.5123199820518494
Labour,2015,E14000786,Lewes,30.28279208998549,24.24482946298984,53,Male,2,0.6286910176277161
Conservatives,2015,E14000803,Maidenhead,34.07585732534145,17.32141102485998,64,Female,7,1.5398609638214111
Conservatives,2015,E14000803,Maidenhead,34.07585732534145,17.32141102485998,62,Female,9,1.5398609638214111
Conservatives,2015,E14000803,Maidenhead,34.07585732534145,17.32141102485998,61,Female,10,2.053148031234741
Conservatives,2015,E14000803,Maidenhead,34.07585732534145,17.32141102485998,50,Male,7,1.2573809623718262
Conservatives,2015,E14000803,Maidenhead,34.07585732534145,17.32141102485998,56,Male,7,1.0246410369873047
Conservatives,2015,E14000803,Maidenhead,34.07585732534145,17.32141102485998,86,Male,5,0.589165985584259
Conservatives,2015,E14000803,Maidenhead,34.07585732534145,17.32141102485998,46,Male,6,1.886070966720581
Conservatives,2015,E14000803,Maidenhead,34.07585732534145,17.32141102485998,46,Female,7,1.0547699928283691
Conservatives,2015,E14000803,Maidenhead,34.07585732534145,17.32141102485998,49,Female,7,2.1095399856567383
Labour,2015,E14000822,Milton Keynes South,40.53832770443149,10.89409004668446,28,Male,4,0.6818400025367737
Conservatives,2015,E14000822,Milton Keynes South,40.53832770443149,10.89409004668446,47,Female,5,0.5273849964141846
Conservatives,2015,E14000822,Milton Keynes South,40.53832770443149,10.89409004668446,48,Male,5,2.514760971069336
Conservatives,2015,E14000824,Mole Valley,31.46170277693012,20.50235181463281,42,Female,6,1.0547699928283691
Conservatives,2015,E14000827,New Forest East,31.89742923353475,21.0187772074589,67,Female,6,0.5132870078086853
Conservatives,2015,E14000830,Newbury,35.77880938869301,15.20034235424361,26,Male,6,1.363679051399231
Conservatives,2015,E14000830,Newbury,35.77880938869301,15.20034235424361,34,Male,8,1.363679051399231
Conservatives,2015,E14000830,Newbury,35.77880938869301,15.20034235424361,46,Male,8,0.6286910176277161
Conservatives,2015,E14000830,Newbury,35.77880938869301,15.20034235424361,51,Male,7,0.6286910176277161
Labour,2015,E14000830,Newbury,35.77880938869301,15.20034235424361,52,Male,4,1.2573809623718262
Conservatives,2015,E14000830,Newbury,35.77880938869301,15.20034235424361,33,Female,6,1.5021530389785767
Conservatives,2015,E14000844,North East Hampshire,33.63340236655601,16.59190958382333,60,Female,,0.5132870078086853
Conservatives,2015,E14000844,North East Hampshire,33.63340236655601,16.59190958382333,79,Female,9,0.7859820127487183
Conservatives,2015,E14000844,North East Hampshire,33.63340236655601,16.59190958382333,56,Male,7,1.0246410369873047
Labour,2015,E14000844,North East Hampshire,33.63340236655601,16.59190958382333,54,Male,6,1.2573809623718262
Labour,2015,E14000844,North East Hampshire,33.63340236655601,16.59190958382333,36,Female,6,1.0547699928283691
Conservatives,2015,E14000844,North East Hampshire,33.63340236655601,16.59190958382333,27,Male,6,1.363679051399231
Labour,2015,E14000874,Oxford West and Abingdon,37.80346275416332,16.67877529839128,68,Female,5,0.5132870078086853
Conservatives,2015,E14000874,Oxford West and Abingdon,37.80346275416332,16.67877529839128,61,Female,5,0.5132870078086853
Conservatives,2015,E14000874,Oxford West and Abingdon,37.80346275416332,16.67877529839128,64,Female,5,0.5132870078086853
Conservatives,2015,E14000874,Oxford West and Abingdon,37.80346275416332,16.67877529839128,23,Male,6,0.8450549840927124
Conservatives,2015,E14000874,Oxford West and Abingdon,37.80346275416332,16.67877529839128,64,Male,6,1.0246410369873047
Conservatives,2015,E14000874,Oxford West and Abingdon,37.80346275416332,16.67877529839128,60,Female,4,1.5398609638214111
Conservatives,2015,E14000874,Oxford West and Abingdon,37.80346275416332,16.67877529839128,77,Female,10,1.571964979171753
Labour,2015,E14000874,Oxford West and Abingdon,37.80346275416332,16.67877529839128,43,Male,3,1.886070966720581
Conservatives,2015,E14000889,Reading East,44.02356747614758,11.69090207180543,45,Female,5,0.5273849964141846
Conservatives,2015,E14000889,Reading East,44.02356747614758,11.69090207180543,52,Female,7,0.5273849964141846
Conservatives,2015,E14000889,Reading East,44.02356747614758,11.69090207180543,-1,Female,,0.5834829807281494
Conservatives,2015,E14000889,Reading East,44.02356747614758,11.69090207180543,59,Male,7,2.0492799282073975
Conservatives,2015,E14000889,Reading East,44.02356747614758,11.69090207180543,36,Female,5,0.5273849964141846
Conservatives,2015,E14000898,Rochester and Strood,38.99459490267975,14.60041226928594,76,Male,8,0.589165985584259
Conservatives,2015,E14000898,Rochester and Strood,38.99459490267975,14.60041226928594,60,Male,6,1.0246410369873047
Conservatives,2015,E14000898,Rochester and Strood,38.99459490267975,14.60041226928594,72,Male,7,1.0246410369873047
Conservatives,2015,E14000898,Rochester and Strood,38.99459490267975,14.60041226928594,55,Female,6,1.0265740156173706
Conservatives,2015,E14000898,Rochester and Strood,38.99459490267975,14.60041226928594,21,Male,7,2.5351650714874268
Labour,2015,E14000898,Rochester and Strood,38.99459490267975,14.60041226928594,19,Female,,1.7955900430679321
Conservatives,2015,E14000901,Romsey and Southampton North,37.47506799637353,17.99297370806891,33,Male,3,1.363679051399231
Conservatives,2015,E14000901,Romsey and Southampton North,37.47506799637353,17.99297370806891,53,Female,6,1.5821549892425537
Labour,2015,E14000901,Romsey and Southampton North,37.47506799637353,17.99297370806891,86,Female,3,0.7859820127487183
Conservatives,2015,E14000901,Romsey and Southampton North,37.47506799637353,17.99297370806891,74,Male,8,1.0246410369873047
Conservatives,2015,E14000901,Romsey and Southampton North,37.47506799637353,17.99297370806891,77,Female,6,1.571964979171753
Conservatives,2015,E14000907,Runnymede and Weybridge,36.18574737809229,16.69908416494805,51,Female,8,1.5821549892425537
Conservatives,2015,E14000907,Runnymede and Weybridge,36.18574737809229,16.69908416494805,49,Male,5,1.886070966720581
Conservatives,2015,E14000907,Runnymede and Weybridge,36.18574737809229,16.69908416494805,86,Female,,0.7859820127487183
Conservatives,2015,E14000907,Runnymede and Weybridge,36.18574737809229,16.69908416494805,42,Female,7,1.0547699928283691
Conservatives,2015,E14000907,Runnymede and Weybridge,36.18574737809229,16.69908416494805,55,Female,7,1.0265740156173706
Conservatives,2015,E14000907,Runnymede and Weybridge,36.18574737809229,16.69908416494805,54,Female,6,1.0547699928283691
Conservatives,2015,E14000907,Runnymede and Weybridge,36.18574737809229,16.69908416494805,77,Male,6,0.589165985584259
Conservatives,2015,E14000918,Sevenoaks,33.80462587363937,18.4960023974912,29,Male,10,1.363679051399231
Conservatives,2015,E14000918,Sevenoaks,33.80462587363937,18.4960023974912,24,Female,6,2.39411997795105
Conservatives,2015,E14000918,Sevenoaks,33.80462587363937,18.4960023974912,87,Female,,0.7859820127487183
Conservatives,2015,E14000918,Sevenoaks,33.80462587363937,18.4960023974912,41,Female,8,1.0547699928283691
Conservatives,2015,E14000918,Sevenoaks,33.80462587363937,18.4960023974912,74,Female,9,1.0265740156173706
Labour,2015,E14000927,Sittingbourne and Sheppey,37.62175662550298,16.1204384626058,18,Female,4,1.1970609426498413
Conservatives,2015,E14000927,Sittingbourne and Sheppey,37.62175662550298,16.1204384626058,43,Female,5,0.5273849964141846
Labour,2015,E14000927,Sittingbourne and Sheppey,37.62175662550298,16.1204384626058,69,Male,5,0.5123199820518494
Labour,2015,E14000930,Slough,45.28974695631415,9.233259727858677,30,Female,10,0.7510769963264465
Conservatives,2015,E14000930,Slough,45.28974695631415,9.233259727858677,56,Female,,0.5132870078086853
Conservatives,2015,E14000930,Slough,45.28974695631415,9.233259727858677,46,Female,2,1.0547699928283691
Labour,2015,E14000948,South Thanet,34.78364389233954,21.01449275362319,65,Female,2,0.5132870078086853
Labour,2015,E14000948,South Thanet,34.78364389233954,21.01449275362319,50,Female,4,0.5273849964141846
Conservatives,2015,E14000948,South Thanet,34.78364389233954,21.01449275362319,79,Male,5,0.589165985584259
Conservatives,2015,E14000948,South Thanet,34.78364389233954,21.01449275362319,54,Female,5,1.0547699928283691
Labour,2015,E14000948,South Thanet,34.78364389233954,21.01449275362319,68,Male,5,0.5123199820518494
Conservatives,2015,E14000948,South Thanet,34.78364389233954,21.01449275362319,62,Male,5,0.5123199820518494
Labour,2015,E14000948,South Thanet,34.78364389233954,21.01449275362319,58,Female,4,2.053148031234741
Labour,2015,E14000948,South Thanet,34.78364389233954,21.01449275362319,59,Female,3,1.0265740156173706
Conservatives,2015,E14000948,South Thanet,34.78364389233954,21.01449275362319,22,Male,7,2.5351650714874268
Conservatives,2015,E14000948,South Thanet,34.78364389233954,21.01449275362319,76,Female,7,0.7859820127487183
Labour,2015,E14000948,South Thanet,34.78364389233954,21.01449275362319,46,Female,5,1.5821549892425537
Conservatives,2015,E14000948,South Thanet,34.78364389233954,21.01449275362319,64,Female,8,0.5132870078086853
Conservatives,2015,E14000948,South Thanet,34.78364389233954,21.01449275362319,61,Male,5,1.0246410369873047
Labour,2015,E14000956,"Southampton, Test",46.42536926053513,11.68703694964844,57,Female,5,0.5132870078086853
Labour,2015,E14000956,"Southampton, Test",46.42536926053513,11.68703694964844,70,Male,5,0.5123199820518494
Conservatives,2015,E14000956,"Southampton, Test",46.42536926053513,11.68703694964844,65,Female,7,0.5132870078086853
Conservatives,2015,E14000956,"Southampton, Test",46.42536926053513,11.68703694964844,45,Male,6,0.6286910176277161
Conservatives,2015,E14000983,Surrey Heath,34.13144739831856,16.65151859425888,43,Female,7,1.0547699928283691
Conservatives,2015,E14000983,Surrey Heath,34.13144739831856,16.65151859425888,93,Female,,0.7859820127487183
Conservatives,2015,E14000983,Surrey Heath,34.13144739831856,16.65151859425888,22,Male,7,2.680999994277954
Conservatives,2015,E14000983,Surrey Heath,34.13144739831856,16.65151859425888,38,Female,8,1.0547699928283691
Conservatives,2015,E14000983,Surrey Heath,34.13144739831856,16.65151859425888,40,Female,10,0.5273849964141846
Conservatives,2015,E14000983,Surrey Heath,34.13144739831856,16.65151859425888,67,Male,7,1.0246410369873047
Conservatives,2015,E14000983,Surrey Heath,34.13144739831856,16.65151859425888,67,Male,9,1.0246410369873047
Labour,2015,E14001004,Tunbridge Wells,35.9731607499762,16.3605215570572,36,Male,2,0.6286910176277161
Labour,2015,E14001004,Tunbridge Wells,35.9731607499762,16.3605215570572,40,Female,5,0.5273849964141846
Conservatives,2015,E14001004,Tunbridge Wells,35.9731607499762,16.3605215570572,68,Male,5,2.561600923538208
Conservatives,2015,E14001015,Wantage,35.28788148870896,16.80379776524782,67,Male,7,1.0246410369873047
Conservatives,2015,E14001015,Wantage,35.28788148870896,16.80379776524782,36,Female,5,1.0547699928283691
Conservatives,2015,E14001015,Wantage,35.28788148870896,16.80379776524782,60,Male,7,0.5123199820518494
Conservatives,2015,E14001015,Wantage,35.28788148870896,16.80379776524782,34,Female,6,1.5021530389785767
Conservatives,2015,E14001015,Wantage,35.28788148870896,16.80379776524782,57,Female,4,1.0265740156173706
Conservatives,2015,E14001046,Witney,33.90564903272602,18.38345469989216,34,Female,6,0.7510769963264465
Conservatives,2015,E14001046,Witney,33.90564903272602,18.38345469989216,32,Male,,1.363679051399231
Conservatives,2015,E14001046,Witney,33.90564903272602,18.38345469989216,45,Male,5,0.6286910176277161
Conservatives,2015,E14001046,Witney,33.90564903272602,18.38345469989216,45,Male,7,0.6286910176277161
Conservatives,2015,E14001046,Witney,33.90564903272602,18.38345469989216,18,Female,6,2.39411997795105
Labour,2015,E14001046,Witney,33.90564903272602,18.38345469989216,55,Female,5,1.0265740156173706
Conservatives,2015,E14001046,Witney,33.90564903272602,18.38345469989216,34,Female,5,0.7510769963264465
Conservatives,2015,E14001046,Witney,33.90564903272602,18.38345469989216,23,Male,7,2.680999994277954
Conservatives,2015,E14001047,Woking,36.48247851138188,14.98535940304147,28,Male,7,1.363679051399231
Conservatives,2015,E14001047,Woking,36.48247851138188,14.98535940304147,74,Male,7,1.0246410369873047
Conservatives,2015,E14001047,Woking,36.48247851138188,14.98535940304147,66,Female,5,0.5132870078086853
Conservatives,2015,E14001048,Wokingham,35.99699349249362,14.10289376347489,73,Female,8,1.0265740156173706
Conservatives,2015,E14001048,Wokingham,35.99699349249362,14.10289376347489,62,Female,8,0.5132870078086853
Labour,2015,E14001048,Wokingham,35.99699349249362,14.10289376347489,42,Male,5,0.6286910176277161
Conservatives,2015,E14001056,Wycombe,41.25497454881999,13.1568718186025,39,Male,7,1.2573809623718262
Labour,2015,E14001056,Wycombe,41.25497454881999,13.1568718186025,58,Female,,1.0265740156173706
Conservatives,2015,E14001056,Wycombe,41.25497454881999,13.1568718186025,49,Female,5,2.1095399856567383
Conservatives,2015,E14001056,Wycombe,41.25497454881999,13.1568718186025,61,Female,,0.5132870078086853
Labour,2015,E14000547,Bath,42.87466660664649,15.91847758808899,45,Male,2,1.136978030204773
Labour,2015,E14000547,Bath,42.87466660664649,15.91847758808899,45,Female,2,0.9537680149078369
Labour,2015,E14000585,Bournemouth West,39.82903564788619,18.29581278797187,76,Female,4,0.7107189893722534
Conservatives,2015,E14000585,Bournemouth West,39.82903564788619,18.29581278797187,68,Female,5,0.464136004447937
Conservatives,2015,E14000585,Bournemouth West,39.82903564788619,18.29581278797187,74,Male,9,0.9265239834785461
Conservatives,2015,E14000595,Bridgwater and West Somerset,32.65852512916862,21.99436355096289,79,Female,6,0.7107189893722534
Conservatives,2015,E14000595,Bridgwater and West Somerset,32.65852512916862,21.99436355096289,73,Female,,0.464136004447937
Conservatives,2015,E14000595,Bridgwater and West Somerset,32.65852512916862,21.99436355096289,76,Male,7,1.0654970407485962
Conservatives,2015,E14000595,Bridgwater and West Somerset,32.65852512916862,21.99436355096289,85,Female,8,0.7107189893722534
Conservatives,2015,E14000595,Bridgwater and West Somerset,32.65852512916862,21.99436355096289,66,Male,8,0.46326199173927307
Conservatives,2015,E14000595,Bridgwater and West Somerset,32.65852512916862,21.99436355096289,64,Male,7,0.46326199173927307
Conservatives,2015,E14000595,Bridgwater and West Somerset,32.65852512916862,21.99436355096289,51,Female,7,2.3844199180603027
Conservatives,2015,E14000599,Bristol East,39.30353997147891,14.95050750775942,32,Male,6,0.6165480017662048
Labour,2015,E14000599,Bristol East,39.30353997147891,14.95050750775942,63,Male,6,1.3897850513458252
Labour,2015,E14000599,Bristol East,39.30353997147891,14.95050750775942,65,Female,4,0.928272008895874
Conservatives,2015,E14000599,Bristol East,39.30353997147891,14.95050750775942,34,Male,6,1.233096957206726
Labour,2015,E14000599,Bristol East,39.30353997147891,14.95050750775942,37,Male,4,0.5684890151023865
Labour,2015,E14000602,Bristol West,52.63368941070799,7.202547075995252,60,Female,5,0.464136004447937
Labour,2015,E14000602,Bristol West,52.63368941070799,7.202547075995252,81,Female,0,0.7107189893722534
Labour,2015,E14000602,Bristol West,52.63368941070799,7.202547075995252,45,Male,3,1.136978030204773
Labour,2015,E14000602,Bristol West,52.63368941070799,7.202547075995252,77,Female,5,0.7107189893722534
Labour,2015,E14000638,Christchurch,25.88520981865161,32.1713957605627,87,Male,0,1.0654970407485962
Conservatives,2015,E14000638,Christchurch,25.88520981865161,32.1713957605627,71,Female,7,0.464136004447937
Conservatives,2015,E14000638,Christchurch,25.88520981865161,32.1713957605627,28,Female,5,2.0374650955200195
Conservatives,2015,E14000638,Christchurch,25.88520981865161,32.1713957605627,62,Male,6,0.9265239834785461
Conservatives,2015,E14000638,Christchurch,25.88520981865161,32.1713957605627,77,Female,8,1.4214379787445068
Conservatives,2015,E14000638,Christchurch,25.88520981865161,32.1713957605627,49,Male,7,1.7054649591445923
Conservatives,2015,E14000678,East Devon,29.29882072459449,26.7274043169143,47,Female,5,0.9537680149078369
Conservatives,2015,E14000678,East Devon,29.29882072459449,26.7274043169143,40,Male,7,1.136978030204773
Conservatives,2015,E14000678,East Devon,29.29882072459449,26.7274043169143,89,Male,5,0.5327489972114563
Conservatives,2015,E14000702,Filton and Bradley Stoke,38.95370800099298,14.86654218518958,72,Female,6,0.464136004447937
Labour,2015,E14000702,Filton and Bradley Stoke,38.95370800099298,14.86654218518958,30,Male,3,1.233096957206726
Labour,2015,E14000702,Filton and Bradley Stoke,38.95370800099298,14.86654218518958,37,Male,4,1.136978030204773
Conservatives,2015,E14000702,Filton and Bradley Stoke,38.95370800099298,14.86654218518958,47,Male,9,1.136978030204773
Conservatives,2015,E14000705,Forest of Dean,31.83005094757854,20.76432973179988,78,Female,8,1.4214379787445068
Conservatives,2015,E14000705,Forest of Dean,31.83005094757854,20.76432973179988,29,Female,5,1.3583110570907593
Labour,2015,E14000705,Forest of Dean,31.83005094757854,20.76432973179988,49,Female,5,0.9537680149078369
Labour,2015,E14000705,Forest of Dean,31.83005094757854,20.76432973179988,62,Female,5,0.464136004447937
Conservatives,2015,E14000705,Forest of Dean,31.83005094757854,20.76432973179988,45,Male,8,1.136978030204773
Conservatives,2015,E14000705,Forest of Dean,31.83005094757854,20.76432973179988,81,Male,6,2.1309940814971924
Conservatives,2015,E14000705,Forest of Dean,31.83005094757854,20.76432973179988,73,Male,7,0.9265239834785461
Labour,2015,E14000705,Forest of Dean,31.83005094757854,20.76432973179988,19,Male,,2.2924039363861084
Labour,2015,E14000705,Forest of Dean,31.83005094757854,20.76432973179988,38,Female,,0.9537680149078369
Conservatives,2015,E14000774,Kingswood,36.06262186030508,17.12237641931414,65,Male,6,0.9265239834785461
Conservatives,2015,E14000774,Kingswood,36.06262186030508,17.12237641931414,30,Male,5,1.233096957206726
Conservatives,2015,E14000774,Kingswood,36.06262186030508,17.12237641931414,63,Female,5,0.464136004447937
Labour,2015,E14000815,Mid Dorset and North Poole,31.61536271706708,21.6120208433899,40,Female,5,0.47688400745391846
Conservatives,2015,E14000815,Mid Dorset and North Poole,31.61536271706708,21.6120208433899,69,Male,6,0.46326199173927307
Conservatives,2015,E14000815,Mid Dorset and North Poole,31.61536271706708,21.6120208433899,78,Female,8,0.7107189893722534
Conservatives,2015,E14000815,Mid Dorset and North Poole,31.61536271706708,21.6120208433899,45,Female,5,0.47688400745391846
Conservatives,2015,E14000815,Mid Dorset and North Poole,31.61536271706708,21.6120208433899,66,Male,5,0.46326199173927307
Conservatives,2015,E14000815,Mid Dorset and North Poole,31.61536271706708,21.6120208433899,52,Male,6,1.136978030204773
Conservatives,2015,E14000815,Mid Dorset and North Poole,31.61536271706708,21.6120208433899,59,Female,8,0.464136004447937
Conservatives,2015,E14000815,Mid Dorset and North Poole,31.61536271706708,21.6120208433899,67,Male,5,0.46326199173927307
Conservatives,2015,E14000815,Mid Dorset and North Poole,31.61536271706708,21.6120208433899,66,Female,5,0.464136004447937
Conservatives,2015,E14000837,North Cornwall,30.97119755144926,23.02939631346932,58,Male,5,0.46326199173927307
Conservatives,2015,E14000837,North Cornwall,30.97119755144926,23.02939631346932,84,Female,5,1.4214379787445068
Conservatives,2015,E14000837,North Cornwall,30.97119755144926,23.02939631346932,68,Female,6,0.464136004447937
Conservatives,2015,E14000838,North Devon,32.09454770623592,22.21486756274889,47,Female,8,0.47688400745391846
Labour,2015,E14000838,North Devon,32.09454770623592,22.21486756274889,44,Female,5,0.9537680149078369
Labour,2015,E14000838,North Devon,32.09454770623592,22.21486756274889,48,Female,1,0.9537680149078369
Conservatives,2015,E14000838,North Devon,32.09454770623592,22.21486756274889,61,Female,8,0.928272008895874
Conservatives,2015,E14000838,North Devon,32.09454770623592,22.21486756274889,71,Male,8,0.9265239834785461
Conservatives,2015,E14000839,North Dorset,32.23695881291022,21.73305089167388,71,Male,5,0.46326199173927307
Conservatives,2015,E14000839,North Dorset,32.23695881291022,21.73305089167388,66,Female,5,0.464136004447937
Conservatives,2015,E14000839,North Dorset,32.23695881291022,21.73305089167388,62,Male,6,0.9265239834785461
Conservatives,2015,E14000839,North Dorset,32.23695881291022,21.73305089167388,62,Male,,0.9265239834785461
Conservatives,2015,E14000839,North Dorset,32.23695881291022,21.73305089167388,67,Female,,0.928272008895874
Labour,2015,E14000846,North East Somerset,33.07364870291543,20.27605355852083,40,Female,4,0.9537680149078369
Conservatives,2015,E14000846,North East Somerset,33.07364870291543,20.27605355852083,50,Female,6,0.9537680149078369
Conservatives,2015,E14000846,North East Somerset,33.07364870291543,20.27605355852083,40,Female,8,0.9537680149078369
Conservatives,2015,E14000846,North East Somerset,33.07364870291543,20.27605355852083,31,Female,8,1.3583110570907593
Labour,2015,E14000846,North East Somerset,33.07364870291543,20.27605355852083,40,Female,5,0.9537680149078369
Conservatives,2015,E14000846,North East Somerset,33.07364870291543,20.27605355852083,66,Male,6,0.46326199173927307
Labour,2015,E14000846,North East Somerset,33.07364870291543,20.27605355852083,35,Male,3,1.136978030204773
Conservatives,2015,E14000846,North East Somerset,33.07364870291543,20.27605355852083,83,Male,10,1.0654970407485962
Labour,2015,E14000879,"Plymouth, Moor View",37.35359671357399,17.82623896512543,49,Female,2,0.47688400745391846
Conservatives,2015,E14000879,"Plymouth, Moor View",37.35359671357399,17.82623896512543,58,Male,7,0.9265239834785461
Conservatives,2015,E14000879,"Plymouth, Moor View",37.35359671357399,17.82623896512543,75,Female,,0.7107189893722534
Conservatives,2015,E14000879,"Plymouth, Moor View",37.35359671357399,17.82623896512543,44,Female,8,0.9537680149078369
Conservatives,2015,E14000879,"Plymouth, Moor View",37.35359671357399,17.82623896512543,52,Male,8,1.136978030204773
Conservatives,2015,E14000879,"Plymouth, Moor View",37.35359671357399,17.82623896512543,60,Male,5,0.9265239834785461
Labour,2015,E14000879,"Plymouth, Moor View",37.35359671357399,17.82623896512543,23,Female,1,1.623649001121521
Labour,2015,E14000879,"Plymouth, Moor View",37.35359671357399,17.82623896512543,46,Female,5,0.9537680149078369
Labour,2015,E14000879,"Plymouth, Moor View",37.35359671357399,17.82623896512543,43,Male,0,1.136978030204773
Labour,2015,E14000880,"Plymouth, Sutton and Devonport",46.35250773600487,12.51916986542528,58,Male,4,0.46326199173927307
Labour,2015,E14000880,"Plymouth, Sutton and Devonport",46.35250773600487,12.51916986542528,56,Female,3,0.464136004447937
Conservatives,2015,E14000880,"Plymouth, Sutton and Devonport",46.35250773600487,12.51916986542528,77,Male,7,0.5327489972114563
Conservatives,2015,E14000880,"Plymouth, Sutton and Devonport",46.35250773600487,12.51916986542528,36,Female,6,0.47688400745391846
Conservatives,2015,E14000880,"Plymouth, Sutton and Devonport",46.35250773600487,12.51916986542528,69,Male,5,1.3897850513458252
Labour,2015,E14000938,South East Cornwall,29.95822738830367,21.7228932074101,55,Female,4,0.928272008895874
Conservatives,2015,E14000938,South East Cornwall,29.95822738830367,21.7228932074101,61,Male,8,0.9265239834785461
Conservatives,2015,E14000938,South East Cornwall,29.95822738830367,21.7228932074101,42,Female,4,0.9537680149078369
Conservatives,2015,E14000938,South East Cornwall,29.95822738830367,21.7228932074101,76,Female,8,1.4214379787445068
Conservatives,2015,E14000938,South East Cornwall,29.95822738830367,21.7228932074101,66,Female,6,0.928272008895874
Conservatives,2015,E14000938,South East Cornwall,29.95822738830367,21.7228932074101,75,Female,8,0.7107189893722534
Conservatives,2015,E14000938,South East Cornwall,29.95822738830367,21.7228932074101,65,Male,6,0.9265239834785461
Conservatives,2015,E14000961,St. Austell and Newquay,32.97921757922162,20.96924040151072,65,Female,5,0.928272008895874
Conservatives,2015,E14000961,St. Austell and Newquay,32.97921757922162,20.96924040151072,37,Male,7,0.5684890151023865
Labour,2015,E14000964,St. Ives,30.04102648500594,23.02890662654143,47,Male,2,0.5684890151023865
Conservatives,2015,E14000964,St. Ives,30.04102648500594,23.02890662654143,65,Male,6,0.46326199173927307
Conservatives,2015,E14000964,St. Ives,30.04102648500594,23.02890662654143,34,Male,7,1.233096957206726
Labour,2015,E14000964,St. Ives,30.04102648500594,23.02890662654143,23,Male,3,1.5282700061798096
Conservatives,2015,E14000964,St. Ives,30.04102648500594,23.02890662654143,36,Female,5,0.9537680149078369
Conservatives,2015,E14000964,St. Ives,30.04102648500594,23.02890662654143,51,Female,6,0.47688400745391846
Conservatives,2015,E14000990,Tewkesbury,32.2395907636497,20.07764892901543,45,Female,5,0.47688400745391846
Conservatives,2015,E14000990,Tewkesbury,32.2395907636497,20.07764892901543,48,Female,5,0.9537680149078369
Conservatives,2015,E14000990,Tewkesbury,32.2395907636497,20.07764892901543,69,Female,5,0.928272008895874
Labour,2015,E14000991,The Cotswolds,29.95701348023872,22.40828846876174,70,Male,,0.9265239834785461
Conservatives,2015,E14000991,The Cotswolds,29.95701348023872,22.40828846876174,81,Female,5,0.7107189893722534
Conservatives,2015,E14000991,The Cotswolds,29.95701348023872,22.40828846876174,71,Male,,0.9265239834785461
Conservatives,2015,E14000996,Tiverton and Honiton,30.30665440049065,24.70918941020137,81,Female,8,1.4214379787445068
Labour,2015,E14000996,Tiverton and Honiton,30.30665440049065,24.70918941020137,75,Male,5,1.5982450246810913
Conservatives,2015,E14000996,Tiverton and Honiton,30.30665440049065,24.70918941020137,32,Male,5,1.233096957206726
Labour,2015,E14000996,Tiverton and Honiton,30.30665440049065,24.70918941020137,39,Male,3,1.136978030204773
Labour,2015,E14000996,Tiverton and Honiton,30.30665440049065,24.70918941020137,35,Female,0,0.47688400745391846
Conservatives,2015,E14000999,Torbay,32.02652061112713,22.50648601902566,22,Female,,1.623649001121521
Conservatives,2015,E14000999,Torbay,32.02652061112713,22.50648601902566,70,Female,8,0.928272008895874
Conservatives,2015,E14000999,Torbay,32.02652061112713,22.50648601902566,18,Male,7,2.2924039363861084
Conservatives,2015,E14000999,Torbay,32.02652061112713,22.50648601902566,44,Male,5,1.136978030204773
Labour,2015,E14000999,Torbay,32.02652061112713,22.50648601902566,55,Female,5,1.392408013343811
Conservatives,2015,E14000999,Torbay,32.02652061112713,22.50648601902566,49,Female,5,0.9537680149078369
Conservatives,2015,E14000999,Torbay,32.02652061112713,22.50648601902566,84,Female,5,0.7107189893722534
Conservatives,2015,E14001003,Truro and Falmouth,33.86419379766824,20.92530994859389,23,Female,7,1.0824329853057861
Labour,2015,E14001003,Truro and Falmouth,33.86419379766824,20.92530994859389,60,Female,1,1.392408013343811
Conservatives,2015,E14001003,Truro and Falmouth,33.86419379766824,20.92530994859389,43,Female,8,0.9537680149078369
Labour,2015,E14001003,Truro and Falmouth,33.86419379766824,20.92530994859389,54,Female,2,1.4306520223617554
Conservatives,2015,E14001003,Truro and Falmouth,33.86419379766824,20.92530994859389,93,Female,8,0.7107189893722534
Conservatives,2015,E14001031,West Dorset,28.42342342342343,26.5723863398282,79,Female,10,1.4214379787445068
Conservatives,2015,E14001031,West Dorset,28.42342342342343,26.5723863398282,77,Female,10,0.7107189893722534
Labour,2015,E14001031,West Dorset,28.42342342342343,26.5723863398282,60,Female,1,0.928272008895874
Conservatives,2015,E14001031,West Dorset,28.42342342342343,26.5723863398282,63,Male,7,0.9265239834785461
Conservatives,2015,E14001031,West Dorset,28.42342342342343,26.5723863398282,59,Female,5,0.928272008895874
Labour,2015,E14001031,West Dorset,28.42342342342343,26.5723863398282,69,Female,4,0.928272008895874
Conservatives,2015,E14001031,West Dorset,28.42342342342343,26.5723863398282,27,Female,4,1.3583110570907593
Labour,2015,E14001038,Weston-Super-Mare,33.69994630254679,20.71762810678122,42,Female,1,1.4306520223617554
Conservatives,2015,E14001038,Weston-Super-Mare,33.69994630254679,20.71762810678122,55,Male,4,0.46326199173927307
Conservatives,2015,E14001038,Weston-Super-Mare,33.69994630254679,20.71762810678122,72,Female,5,0.928272008895874
Conservatives,2015,E14001038,Weston-Super-Mare,33.69994630254679,20.71762810678122,62,Female,4,0.928272008895874
Labour,2015,E14001038,Weston-Super-Mare,33.69994630254679,20.71762810678122,39,Female,3,0.9537680149078369
Conservatives,2015,E14001038,Weston-Super-Mare,33.69994630254679,20.71762810678122,74,Female,10,0.928272008895874
Conservatives,2015,E14001038,Weston-Super-Mare,33.69994630254679,20.71762810678122,51,Male,7,1.136978030204773
Conservatives,2015,E14001038,Weston-Super-Mare,33.69994630254679,20.71762810678122,76,Female,6,1.4214379787445068
Labour,2015,W07000057,Arfon,42.42154095058854,15.92458686213329,35,Female,4,0.4403409957885742
Labour,2015,W07000057,Arfon,42.42154095058854,15.92458686213329,64,Male,8,0.855525016784668
Labour,2015,W07000072,Blaenau Gwent,36.08302059758788,17.87177356977111,76,Male,5,0.9838500022888184
Labour,2015,W07000072,Blaenau Gwent,36.08302059758788,17.87177356977111,51,Female,5,1.3210229873657227
Conservatives,2015,W07000076,Caerphilly,37.48103012186709,15.81972867325822,62,Female,5,0.8571400046348572
Conservatives,2015,W07000076,Caerphilly,37.48103012186709,15.81972867325822,67,Female,5,0.8571400046348572
Labour,2015,W07000076,Caerphilly,37.48103012186709,15.81972867325822,39,Female,3,0.8806819915771484
Conservatives,2015,W07000076,Caerphilly,37.48103012186709,15.81972867325822,65,Male,8,0.42800000309944153
Labour,2015,W07000076,Caerphilly,37.48103012186709,15.81972867325822,69,Female,5,0.8571400046348572
Labour,2015,W07000076,Caerphilly,37.48103012186709,15.81972867325822,52,Female,4,1.3210229873657227
Conservatives,2015,W07000050,Cardiff Central,55.42072942324937,10.39762988524013,21,Male,7,0.70558100938797
Labour,2015,W07000050,Cardiff Central,55.42072942324937,10.39762988524013,24,Male,4,1.411160945892334
Labour,2015,W07000050,Cardiff Central,55.42072942324937,10.39762988524013,67,Male,2,0.42800000309944153
Labour,2015,W07000050,Cardiff Central,55.42072942324937,10.39762988524013,54,Female,2,0.8806819915771484
Labour,2015,W07000079,Cardiff West,39.4443406901249,14.30125127709361,88,Female,1,0.6562569737434387
Conservatives,2015,W07000079,Cardiff West,39.4443406901249,14.30125127709361,24,Male,6,2.1167399883270264
Labour,2015,W07000079,Cardiff West,39.4443406901249,14.30125127709361,46,Male,6,1.049852967262268
Labour,2015,W07000059,Clwyd West,31.27029220779221,23.93127705627706,72,Male,6,0.855525016784668
Labour,2015,W07000059,Clwyd West,31.27029220779221,23.93127705627706,71,Female,0,0.8571400046348572
Labour,2015,W07000059,Clwyd West,31.27029220779221,23.93127705627706,39,Female,5,0.8806819915771484
Conservatives,2015,W07000059,Clwyd West,31.27029220779221,23.93127705627706,46,Male,6,1.049852967262268
Conservatives,2015,W07000059,Clwyd West,31.27029220779221,23.93127705627706,48,Male,3,1.049852967262268
Conservatives,2015,W07000059,Clwyd West,31.27029220779221,23.93127705627706,46,Female,7,1.3210229873657227
Labour,2015,W07000070,Cynon Valley,37.37382526975287,17.37730595196659,81,Male,4,0.4919250011444092
Conservatives,2015,W07000042,Delyn,33.8023742517964,18.78687447322181,67,Female,7,0.8571400046348572
Labour,2015,W07000042,Delyn,33.8023742517964,18.78687447322181,54,Female,5,1.3210229873657227
Labour,2015,W07000042,Delyn,33.8023742517964,18.78687447322181,56,Male,5,0.42800000309944153
Labour,2015,W07000042,Delyn,33.8023742517964,18.78687447322181,51,Male,1,1.5747779607772827
Conservatives,2015,W07000042,Delyn,33.8023742517964,18.78687447322181,54,Female,5,1.7613639831542969
Conservatives,2015,W07000063,Montgomeryshire,32.32098339578859,21.37067059690493,83,Male,5,0.9838500022888184
Labour,2015,W07000063,Montgomeryshire,32.32098339578859,21.37067059690493,54,Female,5,0.4403409957885742
Conservatives,2015,W07000063,Montgomeryshire,32.32098339578859,21.37067059690493,56,Female,7,1.285709023475647
Conservatives,2015,W07000063,Montgomeryshire,32.32098339578859,21.37067059690493,76,Female,7,0.6562569737434387
Labour,2015,W07000063,Montgomeryshire,32.32098339578859,21.37067059690493,56,Female,6,0.4285700023174286
Conservatives,2015,W07000063,Montgomeryshire,32.32098339578859,21.37067059690493,29,Male,5,1.1386059522628784
Labour,2015,W07000056,Newport West,37.50073184154752,16.98106579548249,75,Female,4,0.6562569737434387
Labour,2015,W07000056,Newport West,37.50073184154752,16.98106579548249,54,Female,4,0.8806819915771484
Labour,2015,W07000056,Newport West,37.50073184154752,16.98106579548249,43,Male,4,1.049852967262268
Labour,2015,W07000056,Newport West,37.50073184154752,16.98106579548249,37,Female,5,0.8806819915771484
Conservatives,2015,W07000056,Newport West,37.50073184154752,16.98106579548249,68,Male,5,0.855525016784668
Conservatives,2015,W07000075,Pontypridd,37.64993971335878,16.16427798978235,51,Female,7,0.8806819915771484
Labour,2015,W07000075,Pontypridd,37.64993971335878,16.16427798978235,57,Male,4,0.42800000309944153
Conservatives,2015,W07000075,Pontypridd,37.64993971335878,16.16427798978235,30,Male,7,0.5693029761314392
Labour,2015,W07000075,Pontypridd,37.64993971335878,16.16427798978235,61,Male,3,0.855525016784668
Labour,2015,W07000047,Swansea West,42.98358704814797,17.24227698715724,78,Female,4,0.6562569737434387
Conservatives,2015,W07000047,Swansea West,42.98358704814797,17.24227698715724,63,Female,6,0.4285700023174286
Labour,2015,W07000047,Swansea West,42.98358704814797,17.24227698715724,83,Male,4,0.4919250011444092
Conservatives,2015,W07000047,Swansea West,42.98358704814797,17.24227698715724,51,Male,7,1.049852967262268
Labour,2015,W07000060,Vale of Clwyd,34.47771480007314,20.75638879903236,51,Female,5,1.3210229873657227
Labour,2015,W07000060,Vale of Clwyd,34.47771480007314,20.75638879903236,56,Male,3,0.42800000309944153
Labour,2015,W07000060,Vale of Clwyd,34.47771480007314,20.75638879903236,70,Male,5,0.855525016784668
Labour,2015,W07000060,Vale of Clwyd,34.47771480007314,20.75638879903236,67,Female,5,0.4285700023174286
Labour,2015,W07000060,Vale of Clwyd,34.47771480007314,20.75638879903236,43,Female,5,0.8806819915771484
Conservatives,2015,W07000060,Vale of Clwyd,34.47771480007314,20.75638879903236,47,Female,4,0.8806819915771484
Conservatives,2015,W07000060,Vale of Clwyd,34.47771480007314,20.75638879903236,89,Female,7,0.6562569737434387
Conservatives,2015,W07000060,Vale of Clwyd,34.47771480007314,20.75638879903236,50,Female,5,0.8806819915771484
Conservatives,2015,W07000078,Vale of Glamorgan,35.71874392477464,17.68594026582628,55,Male,5,0.855525016784668
Labour,2015,W07000078,Vale of Glamorgan,35.71874392477464,17.68594026582628,51,Male,5,2.0997040271759033
Conservatives,2015,W07000078,Vale of Glamorgan,35.71874392477464,17.68594026582628,60,Female,8,1.714279055595398
Labour,2015,W07000078,Vale of Glamorgan,35.71874392477464,17.68594026582628,80,Male,3,0.4919250011444092
Conservatives,2015,W07000078,Vale of Glamorgan,35.71874392477464,17.68594026582628,64,Male,6,0.855525016784668
Labour,2015,W07000078,Vale of Glamorgan,35.71874392477464,17.68594026582628,39,Female,1,0.4403409957885742
Conservatives,2015,W07000041,Ynys Mon,32.12140327737237,22.43121962409141,35,Male,8,1.049852967262268
Labour,2015,W07000041,Ynys Mon,32.12140327737237,22.43121962409141,58,Male,4,0.42800000309944153
Labour,2015,W07000041,Ynys Mon,32.12140327737237,22.43121962409141,77,Male,0,0.4919250011444092
Labour,2015,W07000041,Ynys Mon,32.12140327737237,22.43121962409141,65,Female,4,0.4285700023174286
Labour,2015,W07000041,Ynys Mon,32.12140327737237,22.43121962409141,57,Male,2,0.855525016784668
Conservatives,2015,E14000531,Aldridge-Brownhills,32.65258398939902,21.61898822979188,56,Male,5,1.2915120124816895
Labour,2015,E14000531,Aldridge-Brownhills,32.65258398939902,21.61898822979188,38,Male,,0.5282909870147705
Labour,2015,E14000531,Aldridge-Brownhills,32.65258398939902,21.61898822979188,60,Male,4,0.4305039942264557
Labour,2015,E14000531,Aldridge-Brownhills,32.65258398939902,21.61898822979188,46,Male,4,0.5282909870147705
Labour,2015,E14000560,"Birmingham, Edgbaston",44.11192113329468,13.80374451163947,65,Male,5,0.4305039942264557
Conservatives,2015,E14000560,"Birmingham, Edgbaston",44.11192113329468,13.80374451163947,65,Female,6,0.8626329898834229
Labour,2015,E14000561,"Birmingham, Erdington",42.19763136901962,14.14019513592014,80,Female,2,1.3209270238876343
Labour,2015,E14000561,"Birmingham, Erdington",42.19763136901962,14.14019513592014,34,Male,3,2.2918059825897217
Conservatives,2015,E14000561,"Birmingham, Erdington",42.19763136901962,14.14019513592014,62,Male,5,0.4305039942264557
Labour,2015,E14000561,"Birmingham, Erdington",42.19763136901962,14.14019513592014,50,Male,4,1.0565810203552246
Conservatives,2015,E14000561,"Birmingham, Erdington",42.19763136901962,14.14019513592014,70,Male,3,0.4305039942264557
Conservatives,2015,E14000561,"Birmingham, Erdington",42.19763136901962,14.14019513592014,72,Male,8,0.4305039942264557
Conservatives,2015,E14000561,"Birmingham, Erdington",42.19763136901962,14.14019513592014,70,Male,8,0.4305039942264557
Labour,2015,E14000561,"Birmingham, Erdington",42.19763136901962,14.14019513592014,55,Male,4,1.7220159769058228
Labour,2015,E14000562,"Birmingham, Hall Green",47.7438224737714,10.98409028161237,54,Female,2,0.4431630074977875
Labour,2015,E14000562,"Birmingham, Hall Green",47.7438224737714,10.98409028161237,62,Female,3,0.431317001581192
Labour,2015,E14000562,"Birmingham, Hall Green",47.7438224737714,10.98409028161237,35,Male,4,1.0565810203552246
Labour,2015,E14000562,"Birmingham, Hall Green",47.7438224737714,10.98409028161237,38,Female,4,0.8863270282745361
Labour,2015,E14000563,"Birmingham, Hodge Hill",51.95105113496277,10.48751623136475,65,Female,,1.293949007987976
Labour,2015,E14000563,"Birmingham, Hodge Hill",51.95105113496277,10.48751623136475,22,Female,2,1.0058939456939697
Labour,2015,E14000563,"Birmingham, Hodge Hill",51.95105113496277,10.48751623136475,34,Female,,0.6311320066452026
Labour,2015,E14000563,"Birmingham, Hodge Hill",51.95105113496277,10.48751623136475,48,Male,1,1.5848710536956787
Labour,2015,E14000563,"Birmingham, Hodge Hill",51.95105113496277,10.48751623136475,70,Male,5,0.8610090017318726
Conservatives,2015,E14000565,"Birmingham, Northfield",40.16288379247106,15.13971327719824,43,Female,5,0.4431630074977875
Conservatives,2015,E14000565,"Birmingham, Northfield",40.16288379247106,15.13971327719824,70,Male,5,0.8610090017318726
Labour,2015,E14000565,"Birmingham, Northfield",40.16288379247106,15.13971327719824,55,Male,0,0.4305039942264557
Labour,2015,E14000565,"Birmingham, Northfield",40.16288379247106,15.13971327719824,42,Female,4,0.4431630074977875
Labour,2015,E14000566,"Birmingham, Perry Barr",46.00803062844336,12.27565599028854,39,Male,,1.0565810203552246
Labour,2015,E14000566,"Birmingham, Perry Barr",46.00803062844336,12.27565599028854,18,Male,5,2.680999994277954
Labour,2015,E14000566,"Birmingham, Perry Barr",46.00803062844336,12.27565599028854,38,Male,,1.0565810203552246
Labour,2015,E14000566,"Birmingham, Perry Barr",46.00803062844336,12.27565599028854,44,Male,,1.5848710536956787
Labour,2015,E14000566,"Birmingham, Perry Barr",46.00803062844336,12.27565599028854,59,Male,,0.4305039942264557
Labour,2015,E14000566,"Birmingham, Perry Barr",46.00803062844336,12.27565599028854,26,Male,,2.680999994277954
Conservatives,2015,E14000566,"Birmingham, Perry Barr",46.00803062844336,12.27565599028854,40,Male,6,1.0565810203552246
Labour,2015,E14000566,"Birmingham, Perry Barr",46.00803062844336,12.27565599028854,64,Male,4,0.4305039942264557
Conservatives,2015,E14000566,"Birmingham, Perry Barr",46.00803062844336,12.27565599028854,44,Male,,1.0565810203552246
Conservatives,2015,E14000567,"Birmingham, Selly Oak",46.01843043423948,13.74499120758742,34,Female,6,1.2622640132904053
Conservatives,2015,E14000567,"Birmingham, Selly Oak",46.01843043423948,13.74499120758742,48,Male,5,1.0565810203552246
Conservatives,2015,E14000567,"Birmingham, Selly Oak",46.01843043423948,13.74499120758742,33,Female,,0.6311320066452026
Labour,2015,E14000567,"Birmingham, Selly Oak",46.01843043423948,13.74499120758742,28,Male,5,0.5729519724845886
Labour,2015,E14000568,"Birmingham, Yardley",43.50465626112537,13.90694972736982,49,Female,2,1.32948899269104
Conservatives,2015,E14000568,"Birmingham, Yardley",43.50465626112537,13.90694972736982,42,Female,5,0.8863270282745361
Conservatives,2015,E14000568,"Birmingham, Yardley",43.50465626112537,13.90694972736982,68,Male,8,0.4305039942264557
Labour,2015,E14000605,Bromsgrove,31.9852195179256,20.43529801253778,70,Male,2,0.8610090017318726
Conservatives,2015,E14000605,Bromsgrove,31.9852195179256,20.43529801253778,53,Female,5,0.8863270282745361
Conservatives,2015,E14000605,Bromsgrove,31.9852195179256,20.43529801253778,67,Female,5,0.8626329898834229
Conservatives,2015,E14000605,Bromsgrove,31.9852195179256,20.43529801253778,41,Female,7,0.8863270282745361
Labour,2015,E14000618,Cannock Chase,36.32492663807432,16.06472266113973,30,Male,4,1.1459039449691772
Conservatives,2015,E14000618,Cannock Chase,36.32492663807432,16.06472266113973,71,Female,8,0.8626329898834229
Conservatives,2015,E14000618,Cannock Chase,36.32492663807432,16.06472266113973,30,Female,5,1.2622640132904053
Conservatives,2015,E14000650,Coventry North West,40.20243476881592,16.21956538980093,46,Female,,0.8863270282745361
Labour,2015,E14000650,Coventry North West,40.20243476881592,16.21956538980093,-1,Female,4,0.4903019964694977
Conservatives,2015,E14000650,Coventry North West,40.20243476881592,16.21956538980093,64,Female,,0.8626329898834229
Conservatives,2015,E14000650,Coventry North West,40.20243476881592,16.21956538980093,60,Female,5,1.293949007987976
Labour,2015,E14000650,Coventry North West,40.20243476881592,16.21956538980093,33,Male,3,1.1459039449691772
Conservatives,2015,E14000650,Coventry North West,40.20243476881592,16.21956538980093,89,Female,5,0.6604629755020142
Labour,2015,E14000722,Halesowen and Rowley Regis,36.19372645128781,18.57213206747672,18,Female,,1.5088390111923218
Conservatives,2015,E14000722,Halesowen and Rowley Regis,36.19372645128781,18.57213206747672,59,Female,5,0.8626329898834229
Conservatives,2015,E14000722,Halesowen and Rowley Regis,36.19372645128781,18.57213206747672,76,Female,7,0.6604629755020142
Conservatives,2015,E14000722,Halesowen and Rowley Regis,36.19372645128781,18.57213206747672,71,Male,5,0.4305039942264557
Conservatives,2015,E14000722,Halesowen and Rowley Regis,36.19372645128781,18.57213206747672,42,Male,7,0.5282909870147705
Labour,2015,E14000722,Halesowen and Rowley Regis,36.19372645128781,18.57213206747672,29,Female,3,1.2622640132904053
Labour,2015,E14000767,Kenilworth and Southam,31.66048068147246,21.01734104046243,79,Male,5,0.9901549816131592
Conservatives,2015,E14000767,Kenilworth and Southam,31.66048068147246,21.01734104046243,59,Female,7,0.8626329898834229
Conservatives,2015,E14000767,Kenilworth and Southam,31.66048068147246,21.01734104046243,83,Male,8,0.4950779974460602
Conservatives,2015,E14000767,Kenilworth and Southam,31.66048068147246,21.01734104046243,88,Female,5,1.3209270238876343
Conservatives,2015,E14000767,Kenilworth and Southam,31.66048068147246,21.01734104046243,51,Female,6,0.8863270282745361
Labour,2015,E14000791,Lichfield,31.90514599128892,20.06452653653815,42,Male,3,0.5282909870147705
Conservatives,2015,E14000791,Lichfield,31.90514599128892,20.06452653653815,49,Male,5,1.5848710536956787
Labour,2015,E14000791,Lichfield,31.90514599128892,20.06452653653815,61,Female,,0.431317001581192
Conservatives,2015,E14000791,Lichfield,31.90514599128892,20.06452653653815,60,Female,,0.431317001581192
Labour,2015,E14000791,Lichfield,31.90514599128892,20.06452653653815,73,Male,5,0.4305039942264557
Labour,2015,E14000791,Lichfield,31.90514599128892,20.06452653653815,77,Male,2,0.9901549816131592
Conservatives,2015,E14000791,Lichfield,31.90514599128892,20.06452653653815,74,Female,5,0.431317001581192
Conservatives,2015,E14000791,Lichfield,31.90514599128892,20.06452653653815,70,Female,5,0.8626329898834229
Labour,2015,E14000791,Lichfield,31.90514599128892,20.06452653653815,77,Male,6,0.9901549816131592
Conservatives,2015,E14000791,Lichfield,31.90514599128892,20.06452653653815,46,Male,4,1.0565810203552246
Conservatives,2015,E14000799,Ludlow,29.01115995144773,23.86721189766313,66,Male,9,0.4305039942264557
Conservatives,2015,E14000799,Ludlow,29.01115995144773,23.86721189766313,71,Female,7,0.8626329898834229
Labour,2015,E14000799,Ludlow,29.01115995144773,23.86721189766313,83,Female,4,0.6604629755020142
Conservatives,2015,E14000799,Ludlow,29.01115995144773,23.86721189766313,40,Female,5,0.8863270282745361
Conservatives,2015,E14000799,Ludlow,29.01115995144773,23.86721189766313,70,Female,7,0.8626329898834229
Labour,2015,E14000799,Ludlow,29.01115995144773,23.86721189766313,57,Female,2,0.431317001581192
Conservatives,2015,E14000799,Ludlow,29.01115995144773,23.86721189766313,69,Female,4,0.431317001581192
Labour,2015,E14000799,Ludlow,29.01115995144773,23.86721189766313,88,Female,6,0.6604629755020142
Conservatives,2015,E14000849,North Shropshire,34.11880922238846,19.53331798826102,64,Male,8,0.8610090017318726
Conservatives,2015,E14000849,North Shropshire,34.11880922238846,19.53331798826102,51,Male,3,1.0565810203552246
Conservatives,2015,E14000849,North Shropshire,34.11880922238846,19.53331798826102,74,Male,6,0.4305039942264557
Labour,2015,E14000849,North Shropshire,34.11880922238846,19.53331798826102,63,Female,4,0.8626329898834229
Conservatives,2015,E14000849,North Shropshire,34.11880922238846,19.53331798826102,68,Female,,0.8626329898834229
Conservatives,2015,E14000849,North Shropshire,34.11880922238846,19.53331798826102,82,Male,7,0.9901549816131592
Conservatives,2015,E14000849,North Shropshire,34.11880922238846,19.53331798826102,64,Male,5,0.4305039942264557
Labour,2015,E14000849,North Shropshire,34.11880922238846,19.53331798826102,68,Female,1,0.8626329898834229
Conservatives,2015,E14000849,North Shropshire,34.11880922238846,19.53331798826102,73,Female,5,0.8626329898834229
Conservatives,2015,E14000849,North Shropshire,34.11880922238846,19.53331798826102,76,Male,5,0.4950779974460602
Labour,2015,E14000854,North Warwickshire,33.95383966057268,18.13426039051914,52,Female,0,0.4431630074977875
Labour,2015,E14000854,North Warwickshire,33.95383966057268,18.13426039051914,25,Female,2,0.6311320066452026
Conservatives,2015,E14000854,North Warwickshire,33.95383966057268,18.13426039051914,57,Female,7,1.293949007987976
Labour,2015,E14000854,North Warwickshire,33.95383966057268,18.13426039051914,64,Male,5,0.4305039942264557
Conservatives,2015,E14000854,North Warwickshire,33.95383966057268,18.13426039051914,65,Male,6,0.8610090017318726
Conservatives,2015,E14000854,North Warwickshire,33.95383966057268,18.13426039051914,47,Female,8,0.4431630074977875
Conservatives,2015,E14000905,Rugby,35.75179442562844,17.45124237433842,45,Male,5,0.5282909870147705
Labour,2015,E14000905,Rugby,35.75179442562844,17.45124237433842,43,Male,3,1.0565810203552246
Conservatives,2015,E14000905,Rugby,35.75179442562844,17.45124237433842,71,Male,7,0.4305039942264557
Conservatives,2015,E14000905,Rugby,35.75179442562844,17.45124237433842,78,Female,,0.6604629755020142
Conservatives,2015,E14000945,South Staffordshire,31.71213496342961,20.77732101863221,39,Female,5,0.8863270282745361
Conservatives,2015,E14000945,South Staffordshire,31.71213496342961,20.77732101863221,83,Male,,0.9901549816131592
Conservatives,2015,E14000945,South Staffordshire,31.71213496342961,20.77732101863221,52,Female,7,1.32948899269104
Conservatives,2015,E14000945,South Staffordshire,31.71213496342961,20.77732101863221,44,Female,5,0.8863270282745361
Labour,2015,E14000945,South Staffordshire,31.71213496342961,20.77732101863221,48,Male,4,1.0565810203552246
Labour,2015,E14000945,South Staffordshire,31.71213496342961,20.77732101863221,30,Female,,1.2622640132904053
Conservatives,2015,E14000945,South Staffordshire,31.71213496342961,20.77732101863221,48,Male,7,2.6414520740509033
Conservatives,2015,E14000965,Stafford,35.03963046559235,18.29300299196893,60,Male,6,0.8610090017318726
Conservatives,2015,E14000965,Stafford,35.03963046559235,18.29300299196893,57,Female,5,0.431317001581192
Conservatives,2015,E14000965,Stafford,35.03963046559235,18.29300299196893,72,Female,7,0.8626329898834229
Conservatives,2015,E14000965,Stafford,35.03963046559235,18.29300299196893,72,Male,10,0.8610090017318726
Conservatives,2015,E14000965,Stafford,35.03963046559235,18.29300299196893,84,Male,8,0.4950779974460602
Labour,2015,E14000965,Stafford,35.03963046559235,18.29300299196893,54,Female,,0.4431630074977875
Conservatives,2015,E14000965,Stafford,35.03963046559235,18.29300299196893,78,Male,5,0.9901549816131592
Labour,2015,E14000966,Staffordshire Moorlands,30.31745417489003,21.18597061517227,58,Female,7,0.8626329898834229
Conservatives,2015,E14000966,Staffordshire Moorlands,30.31745417489003,21.18597061517227,66,Female,,0.8626329898834229
Conservatives,2015,E14000966,Staffordshire Moorlands,30.31745417489003,21.18597061517227,53,Male,6,0.5282909870147705
Conservatives,2015,E14000966,Staffordshire Moorlands,30.31745417489003,21.18597061517227,85,Male,6,0.9901549816131592
Conservatives,2015,E14000966,Staffordshire Moorlands,30.31745417489003,21.18597061517227,53,Male,8,2.6414520740509033
Labour,2015,E14000966,Staffordshire Moorlands,30.31745417489003,21.18597061517227,46,Male,3,1.0565810203552246
Labour,2015,E14000973,Stoke-on-Trent North,38.4624928914853,16.31701390683968,30,Female,5,0.6311320066452026
Conservatives,2015,E14000973,Stoke-on-Trent North,38.4624928914853,16.31701390683968,40,Female,,0.8863270282745361
Labour,2015,E14000973,Stoke-on-Trent North,38.4624928914853,16.31701390683968,43,Male,0,1.0565810203552246
Conservatives,2015,E14000973,Stoke-on-Trent North,38.4624928914853,16.31701390683968,74,Male,5,0.4305039942264557
Conservatives,2015,E14000973,Stoke-on-Trent North,38.4624928914853,16.31701390683968,68,Female,6,0.431317001581192
Labour,2015,E14000986,Tamworth,36.78540709505528,15.92191662995364,54,Female,3,0.4431630074977875
Conservatives,2015,E14000986,Tamworth,36.78540709505528,15.92191662995364,72,Female,5,0.431317001581192
Conservatives,2015,E14000986,Tamworth,36.78540709505528,15.92191662995364,75,Male,7,0.9901549816131592
Conservatives,2015,E14000986,Tamworth,36.78540709505528,15.92191662995364,69,Female,7,0.431317001581192
Conservatives,2015,E14000986,Tamworth,36.78540709505528,15.92191662995364,49,Female,8,0.4431630074977875
Conservatives,2015,E14000986,Tamworth,36.78540709505528,15.92191662995364,67,Male,8,0.8610090017318726
Conservatives,2015,E14000986,Tamworth,36.78540709505528,15.92191662995364,46,Male,,1.0565810203552246
Labour,2015,E14000989,Telford,40.06684447592382,13.26043891587999,44,Female,5,0.8863270282745361
Conservatives,2015,E14000989,Telford,40.06684447592382,13.26043891587999,74,Female,10,0.431317001581192
Labour,2015,E14000989,Telford,40.06684447592382,13.26043891587999,39,Female,3,1.32948899269104
Labour,2015,E14000989,Telford,40.06684447592382,13.26043891587999,47,Male,5,1.0565810203552246
Conservatives,2015,E14000989,Telford,40.06684447592382,13.26043891587999,60,Female,5,1.293949007987976
Labour,2015,E14001029,West Bromwich East,39.68874247415654,16.48869703510167,42,Male,10,1.0565810203552246
Conservatives,2015,E14001029,West Bromwich East,39.68874247415654,16.48869703510167,46,Male,6,1.0565810203552246
Conservatives,2015,E14001029,West Bromwich East,39.68874247415654,16.48869703510167,75,Female,5,1.3209270238876343
Labour,2015,E14001035,West Worcestershire,29.30677082196862,24.37648650417857,65,Female,7,0.8626329898834229
Labour,2015,E14001035,West Worcestershire,29.30677082196862,24.37648650417857,44,Female,7,1.32948899269104
Conservatives,2015,E14001035,West Worcestershire,29.30677082196862,24.37648650417857,45,Female,6,0.8863270282745361
Conservatives,2015,E14001035,West Worcestershire,29.30677082196862,24.37648650417857,79,Female,7,1.3209270238876343
Conservatives,2015,E14001058,Wyre Forest,32.24291911201837,20.88594029089053,29,Male,7,1.1459039449691772
Conservatives,2015,E14001058,Wyre Forest,32.24291911201837,20.88594029089053,50,Female,7,1.7726529836654663
Labour,2015,E14001058,Wyre Forest,32.24291911201837,20.88594029089053,52,Male,3,1.5848710536956787
Conservatives,2015,E14001058,Wyre Forest,32.24291911201837,20.88594029089053,66,Female,5,0.8626329898834229
Conservatives,2015,E14001058,Wyre Forest,32.24291911201837,20.88594029089053,33,Male,4,1.1459039449691772
Labour,2015,E14001058,Wyre Forest,32.24291911201837,20.88594029089053,79,Male,2,0.9901549816131592
Conservatives,2015,E14001058,Wyre Forest,32.24291911201837,20.88594029089053,78,Male,6,0.4950779974460602
Conservatives,2015,E14001058,Wyre Forest,32.24291911201837,20.88594029089053,77,Male,6,0.9901549816131592
Labour,2015,E14000542,Barnsley East,36.27617931309021,17.45140102173961,72,Male,3,0.8949559926986694
Conservatives,2015,E14000556,Beverley and Holderness,30.41765248426034,20.98187432329471,63,Male,8,0.8949559926986694
Conservatives,2015,E14000556,Beverley and Holderness,30.41765248426034,20.98187432329471,76,Female,,0.6865040063858032
Conservatives,2015,E14000556,Beverley and Holderness,30.41765248426034,20.98187432329471,35,Male,7,1.0982400178909302
Conservatives,2015,E14000556,Beverley and Holderness,30.41765248426034,20.98187432329471,-1,Female,7,0.5096340179443359
Conservatives,2015,E14000556,Beverley and Holderness,30.41765248426034,20.98187432329471,43,Female,,0.9212729930877686
Labour,2015,E14000556,Beverley and Holderness,30.41765248426034,20.98187432329471,48,Male,3,1.0982400178909302
Labour,2015,E14000556,Beverley and Holderness,30.41765248426034,20.98187432329471,56,Female,5,0.44832301139831543
Labour,2015,E14000587,Bradford East,48.32542611140397,10.34088912317695,37,Male,5,0.5491200089454651
Labour,2015,E14000587,Bradford East,48.32542611140397,10.34088912317695,61,Male,0,0.4474779963493347
Labour,2015,E14000587,Bradford East,48.32542611140397,10.34088912317695,42,Male,7,0.5491200089454651
Conservatives,2015,E14000587,Bradford East,48.32542611140397,10.34088912317695,62,Female,5,0.44832301139831543
Labour,2015,E14000925,Shipley,33.65974615449273,17.71560057157266,37,Male,1,0.5491200089454651
Labour,2015,E14000588,Bradford South,41.99812890836575,12.95780195972229,92,Male,0,0.5145969986915588
Labour,2015,E14000588,Bradford South,41.99812890836575,12.95780195972229,77,Male,6,0.5145969986915588
Labour,2015,E14000588,Bradford South,41.99812890836575,12.95780195972229,90,Male,5,0.5145969986915588
Conservatives,2015,E14000588,Bradford South,41.99812890836575,12.95780195972229,64,Female,,1.344967007637024
Labour,2015,E14000588,Bradford South,41.99812890836575,12.95780195972229,26,Female,,0.6560159921646118
Conservatives,2015,E14000596,Brigg and Goole,32.74975203561461,19.0874910617489,89,Female,6,0.6865040063858032
Conservatives,2015,E14000596,Brigg and Goole,32.74975203561461,19.0874910617489,49,Female,6,0.9212729930877686
Conservatives,2015,E14000596,Brigg and Goole,32.74975203561461,19.0874910617489,61,Male,8,1.7899119853973389
Labour,2015,E14000596,Brigg and Goole,32.74975203561461,19.0874910617489,49,Female,5,0.9212729930877686
Labour,2015,E14000596,Brigg and Goole,32.74975203561461,19.0874910617489,73,Male,,0.8949559926986694
Conservatives,2015,E14000596,Brigg and Goole,32.74975203561461,19.0874910617489,67,Male,7,0.8949559926986694
Conservatives,2015,E14000596,Brigg and Goole,32.74975203561461,19.0874910617489,73,Male,8,0.4474779963493347
Labour,2015,E14000667,Don Valley,35.41985972533774,18.19307558794572,39,Male,3,1.647359013557434
Conservatives,2015,E14000668,Doncaster Central,38.26869938065745,15.79132920438304,59,Male,5,0.4474779963493347
Conservatives,2015,E14000668,Doncaster Central,38.26869938065745,15.79132920438304,56,Female,8,1.344967007637024
Conservatives,2015,E14000668,Doncaster Central,38.26869938065745,15.79132920438304,83,Male,5,1.029194951057434
Labour,2015,E14000668,Doncaster Central,38.26869938065745,15.79132920438304,36,Male,5,1.0982400178909302
Labour,2015,E14000668,Doncaster Central,38.26869938065745,15.79132920438304,84,Female,1,0.6865040063858032
Labour,2015,E14000689,Elmet and Rothwell,31.7657569035263,20.55750178171708,43,Female,1,0.4606359899044037
Labour,2015,E14000689,Elmet and Rothwell,31.7657569035263,20.55750178171708,70,Female,5,0.44832301139831543
Conservatives,2015,E14000689,Elmet and Rothwell,31.7657569035263,20.55750178171708,57,Female,6,1.344967007637024
Conservatives,2015,E14000689,Elmet and Rothwell,31.7657569035263,20.55750178171708,66,Male,7,0.8949559926986694
Labour,2015,E14000689,Elmet and Rothwell,31.7657569035263,20.55750178171708,26,Female,4,0.6560159921646118
Labour,2015,E14000689,Elmet and Rothwell,31.7657569035263,20.55750178171708,36,Female,2,1.3819080591201782
Conservatives,2015,E14000689,Elmet and Rothwell,31.7657569035263,20.55750178171708,68,Female,7,0.8966450095176697
Labour,2015,E14000716,Great Grimsby,39.86945140124429,15.47204877440704,37,Male,2,2.196479082107544
Labour,2015,E14000716,Great Grimsby,39.86945140124429,15.47204877440704,49,Male,5,1.647359013557434
Labour,2015,E14000716,Great Grimsby,39.86945140124429,15.47204877440704,32,Female,3,1.3120319843292236
Labour,2015,E14000716,Great Grimsby,39.86945140124429,15.47204877440704,61,Female,5,0.8966450095176697
Labour,2015,E14000723,Halifax,39.2851831656174,15.12021018192634,19,Male,3,1.476201057434082
Conservatives,2015,E14000723,Halifax,39.2851831656174,15.12021018192634,64,Female,6,0.8966450095176697
Labour,2015,E14000723,Halifax,39.2851831656174,15.12021018192634,52,Male,5,1.0982400178909302
Labour,2015,E14000773,Kingston upon Hull West and Hessle,38.02565677565677,15.66693441693442,62,Male,2,1.342434048652649
Labour,2015,E14000773,Kingston upon Hull West and Hessle,38.02565677565677,15.66693441693442,20,Male,5,1.476201057434082
Labour,2015,E14000773,Kingston upon Hull West and Hessle,38.02565677565677,15.66693441693442,34,Male,3,1.1910840272903442
Labour,2015,E14000773,Kingston upon Hull West and Hessle,38.02565677565677,15.66693441693442,64,Male,1,0.8949559926986694
Labour,2015,E14000773,Kingston upon Hull West and Hessle,38.02565677565677,15.66693441693442,23,Female,3,2.09110689163208
Labour,2015,E14000773,Kingston upon Hull West and Hessle,38.02565677565677,15.66693441693442,52,Female,4,0.9212729930877686
Conservatives,2015,E14000779,Leeds North East,37.76844172850284,15.20296813618507,62,Female,4,0.8966450095176697
Labour,2015,E14000779,Leeds North East,37.76844172850284,15.20296813618507,36,Male,4,1.0982400178909302
Labour,2015,E14000779,Leeds North East,37.76844172850284,15.20296813618507,67,Male,1,0.8949559926986694
Labour,2015,E14000779,Leeds North East,37.76844172850284,15.20296813618507,86,Male,2,1.029194951057434
Conservatives,2015,E14000779,Leeds North East,37.76844172850284,15.20296813618507,34,Female,7,1.3120319843292236
Conservatives,2015,E14000836,"Normanton, Pontefract and Castleford",36.44759550352162,16.66868790521946,29,Female,5,1.3120319843292236
Conservatives,2015,E14000836,"Normanton, Pontefract and Castleford",36.44759550352162,16.66868790521946,40,Male,5,0.5491200089454651
Labour,2015,E14000836,"Normanton, Pontefract and Castleford",36.44759550352162,16.66868790521946,65,Female,5,0.8966450095176697
Labour,2015,E14000836,"Normanton, Pontefract and Castleford",36.44759550352162,16.66868790521946,67,Female,5,1.344967007637024
Labour,2015,E14000836,"Normanton, Pontefract and Castleford",36.44759550352162,16.66868790521946,61,Female,5,0.44832301139831543
Conservatives,2015,E14000836,"Normanton, Pontefract and Castleford",36.44759550352162,16.66868790521946,74,Female,,0.44832301139831543
Labour,2015,E14000836,"Normanton, Pontefract and Castleford",36.44759550352162,16.66868790521946,20,Female,5,2.09110689163208
Labour,2015,E14000836,"Normanton, Pontefract and Castleford",36.44759550352162,16.66868790521946,70,Female,4,0.8966450095176697
Conservatives,2015,E14000836,"Normanton, Pontefract and Castleford",36.44759550352162,16.66868790521946,80,Male,,1.029194951057434
Labour,2015,E14000836,"Normanton, Pontefract and Castleford",36.44759550352162,16.66868790521946,57,Male,,0.8949559926986694
Labour,2015,E14000876,Penistone and Stocksbridge,30.90884076082595,20.00894280047236,34,Male,3,1.1910840272903442
Labour,2015,E14000876,Penistone and Stocksbridge,30.90884076082595,20.00894280047236,78,Male,4,2.0583889484405518
Conservatives,2015,E14000876,Penistone and Stocksbridge,30.90884076082595,20.00894280047236,63,Male,5,1.7899119853973389
Conservatives,2015,E14000876,Penistone and Stocksbridge,30.90884076082595,20.00894280047236,71,Female,5,1.7932900190353394
Conservatives,2015,E14000886,Pudsey,34.83653142760677,17.01873839401272,55,Female,10,0.8966450095176697
Labour,2015,E14000886,Pudsey,34.83653142760677,17.01873839401272,56,Female,6,0.44832301139831543
Labour,2015,E14000886,Pudsey,34.83653142760677,17.01873839401272,64,Female,3,0.8966450095176697
Labour,2015,E14000904,Rotherham,39.00687871389233,15.70286631659922,28,Male,,2.3821680545806885
Labour,2015,E14000904,Rotherham,39.00687871389233,15.70286631659922,60,Female,0,0.8966450095176697
Labour,2015,E14000904,Rotherham,39.00687871389233,15.70286631659922,73,Female,1,0.8966450095176697
Labour,2015,E14000904,Rotherham,39.00687871389233,15.70286631659922,35,Female,5,0.4606359899044037
Conservatives,2015,E14000904,Rotherham,39.00687871389233,15.70286631659922,79,Male,5,0.5145969986915588
Conservatives,2015,E14000913,Scarborough and Whitby,32.14714730130699,22.35443895727882,77,Female,7,0.6865040063858032
Conservatives,2015,E14000913,Scarborough and Whitby,32.14714730130699,22.35443895727882,38,Female,7,0.9212729930877686
Conservatives,2015,E14000913,Scarborough and Whitby,32.14714730130699,22.35443895727882,65,Male,5,0.4474779963493347
Conservatives,2015,E14000913,Scarborough and Whitby,32.14714730130699,22.35443895727882,62,Male,6,0.4474779963493347
Conservatives,2015,E14000913,Scarborough and Whitby,32.14714730130699,22.35443895727882,90,Female,8,0.6865040063858032
Labour,2015,E14000913,Scarborough and Whitby,32.14714730130699,22.35443895727882,50,Female,3,0.4606359899044037
Conservatives,2015,E14000917,Selby and Ainsty,33.4755063613761,17.09197207860434,83,Female,,1.3730080127716064
Conservatives,2015,E14000917,Selby and Ainsty,33.4755063613761,17.09197207860434,53,Male,5,1.0982400178909302
Conservatives,2015,E14000917,Selby and Ainsty,33.4755063613761,17.09197207860434,46,Female,,0.9212729930877686
Conservatives,2015,E14000917,Selby and Ainsty,33.4755063613761,17.09197207860434,40,Female,,0.9212729930877686
Conservatives,2015,E14000917,Selby and Ainsty,33.4755063613761,17.09197207860434,42,Female,5,0.9212729930877686
Conservatives,2015,E14000917,Selby and Ainsty,33.4755063613761,17.09197207860434,52,Male,7,1.0982400178909302
Conservatives,2015,E14000917,Selby and Ainsty,33.4755063613761,17.09197207860434,52,Male,7,1.647359013557434
Labour,2015,E14000919,Sheffield Central,58.16852295201416,8.761840324763194,52,Female,3,0.4606359899044037
Conservatives,2015,E14000919,Sheffield Central,58.16852295201416,8.761840324763194,62,Male,5,0.4474779963493347
Labour,2015,E14000920,Sheffield South East,36.67319572095826,17.46486149077681,54,Female,5,0.9212729930877686
Labour,2015,E14000920,Sheffield South East,36.67319572095826,17.46486149077681,29,Female,5,1.968047022819519
Conservatives,2015,E14000920,Sheffield South East,36.67319572095826,17.46486149077681,66,Male,7,0.8949559926986694
Labour,2015,E14000920,Sheffield South East,36.67319572095826,17.46486149077681,64,Female,5,0.44832301139831543
Labour,2015,E14000920,Sheffield South East,36.67319572095826,17.46486149077681,74,Male,3,0.8949559926986694
Labour,2015,E14000920,Sheffield South East,36.67319572095826,17.46486149077681,41,Male,4,1.0982400178909302
Labour,2015,E14000920,Sheffield South East,36.67319572095826,17.46486149077681,25,Male,,1.7866259813308716
Labour,2015,E14000922,"Sheffield, Hallam",37.26890192040825,18.86722771834012,51,Female,2,0.4606359899044037
Labour,2015,E14000922,"Sheffield, Hallam",37.26890192040825,18.86722771834012,60,Female,2,0.44832301139831543
Labour,2015,E14000922,"Sheffield, Hallam",37.26890192040825,18.86722771834012,97,Female,5,0.6865040063858032
Labour,2015,E14000922,"Sheffield, Hallam",37.26890192040825,18.86722771834012,43,Male,3,1.0982400178909302
Labour,2015,E14000922,"Sheffield, Hallam",37.26890192040825,18.86722771834012,31,Female,2,1.3120319843292236
Labour,2015,E14000922,"Sheffield, Hallam",37.26890192040825,18.86722771834012,59,Female,2,0.8966450095176697
Labour,2015,E14000922,"Sheffield, Hallam",37.26890192040825,18.86722771834012,47,Male,2,0.5491200089454651
Conservatives,2015,E14000922,"Sheffield, Hallam",37.26890192040825,18.86722771834012,33,Male,6,1.1910840272903442
Conservatives,2015,E14000922,"Sheffield, Hallam",37.26890192040825,18.86722771834012,62,Female,10,0.8966450095176697
Labour,2015,E14000923,"Sheffield, Heeley",36.44212868850705,17.80112554297819,71,Male,5,0.8949559926986694
Labour,2015,E14000923,"Sheffield, Heeley",36.44212868850705,17.80112554297819,81,Male,,1.029194951057434
Labour,2015,E14000923,"Sheffield, Heeley",36.44212868850705,17.80112554297819,33,Female,3,1.3120319843292236
Labour,2015,E14000923,"Sheffield, Heeley",36.44212868850705,17.80112554297819,30,Female,,1.968047022819519
Labour,2015,E14000923,"Sheffield, Heeley",36.44212868850705,17.80112554297819,64,Female,3,0.44832301139831543
Conservatives,2015,E14000928,Skipton and Ripon,30.87461970866158,21.70128744988213,71,Male,5,0.4474779963493347
Conservatives,2015,E14000928,Skipton and Ripon,30.87461970866158,21.70128744988213,65,Female,8,0.44832301139831543
Conservatives,2015,E14000928,Skipton and Ripon,30.87461970866158,21.70128744988213,59,Male,5,0.4474779963493347
Labour,2015,E14000928,Skipton and Ripon,30.87461970866158,21.70128744988213,77,Female,7,0.6865040063858032
Conservatives,2015,E14000928,Skipton and Ripon,30.87461970866158,21.70128744988213,49,Male,8,1.647359013557434
Conservatives,2015,E14000928,Skipton and Ripon,30.87461970866158,21.70128744988213,52,Female,6,1.3819080591201782
Conservatives,2015,E14000928,Skipton and Ripon,30.87461970866158,21.70128744988213,74,Male,5,0.8949559926986694
Labour,2015,E14000993,Thirsk and Malton,29.88375331359787,23.37517663926394,69,Female,4,0.8966450095176697
Conservatives,2015,E14000993,Thirsk and Malton,29.88375331359787,23.37517663926394,74,Female,5,0.44832301139831543
Conservatives,2015,E14000993,Thirsk and Malton,29.88375331359787,23.37517663926394,50,Female,5,0.9212729930877686
Labour,2015,E14001061,York Central,44.63438706771817,13.17183951551855,66,Male,5,0.4474779963493347
Conservatives,2015,E14001061,York Central,44.63438706771817,13.17183951551855,55,Male,5,0.4474779963493347
Conservatives,2015,E14001061,York Central,44.63438706771817,13.17183951551855,52,Female,7,0.4606359899044037
Labour,2015,E14001061,York Central,44.63438706771817,13.17183951551855,84,Male,5,0.5145969986915588
Conservatives,2015,E14001061,York Central,44.63438706771817,13.17183951551855,73,Male,5,0.4474779963493347
Conservatives,2015,E14001062,York Outer,33.25684156598216,20.99325449344661,42,Male,7,1.0982400178909302
Conservatives,2015,E14001062,York Outer,33.25684156598216,20.99325449344661,42,Male,5,0.5491200089454651
Conservatives,2015,E14001062,York Outer,33.25684156598216,20.99325449344661,53,Male,3,1.0982400178909302
Conservatives,2015,E14001062,York Outer,33.25684156598216,20.99325449344661,43,Male,5,1.0982400178909302
Conservatives,2015,E14001062,York Outer,33.25684156598216,20.99325449344661,58,Male,4,0.8949559926986694
Labour,2015,E14001062,York Outer,33.25684156598216,20.99325449344661,41,Female,5,0.4606359899044037
Conservatives,2015,E14001062,York Outer,33.25684156598216,20.99325449344661,88,Male,8,1.029194951057434
Conservatives,2015,E14001062,York Outer,33.25684156598216,20.99325449344661,52,Female,6,0.9212729930877686
