vote_decision,year,ons_const_code,constituency_name,under_30,over_65,age,gender,left_right,weight
Labour,2019,E14000577,Bolsover,34.19177966191398,18.51851851851852,33,Female,2,0.9208355199167643
Conservatives,2019,E14000577,Bolsover,34.19177966191398,18.51851851851852,53,Male,7,0.8951295259239431
Conservatives,2019,E14000577,Bolsover,34.19177966191398,18.51851851851852,27,Female,10,1.2286945119840547
Conservatives,2019,E14000577,Bolsover,34.19177966191398,18.51851851851852,62,Male,7,0.9083282515410466
Conservatives,2019,E14000577,Bolsover,34.19177966191398,18.51851851851852,63,Male,8,0.7640969583738374
Conservatives,2019,E14000583,Bosworth,32.78423312508903,18.36043222563644,54,Male,,0.8951295259239431
Labour,2019,E14000583,Bosworth,32.78423312508903,18.36043222563644,60,Female,0,0.46444391195755974
Conservatives,2019,E14000583,Bosworth,32.78423312508903,18.36043222563644,80,Female,7,0.9724132192986185
Labour,2019,E14000583,Bosworth,32.78423312508903,18.36043222563644,42,Female,3,0.4916717936879167
Conservatives,2019,E14000583,Bosworth,32.78423312508903,18.36043222563644,66,Male,5,0.8283929655330985
Labour,2019,E14000607,Broxtowe,34.15147781954492,18.18555137884196,47,Female,3,1.5365357571011913
Labour,2019,E14000607,Broxtowe,34.15147781954492,18.18555137884196,74,Male,5,0.9312489715775112
Conservatives,2019,E14000607,Broxtowe,34.15147781954492,18.18555137884196,64,Male,5,0.4541641257705233
Conservatives,2019,E14000607,Broxtowe,34.15147781954492,18.18555137884196,48,Female,,0.34170652836172083
Conservatives,2019,E14000607,Broxtowe,34.15147781954492,18.18555137884196,69,Female,5,0.7535766730945953
Conservatives,2019,E14000607,Broxtowe,34.15147781954492,18.18555137884196,67,Male,5,0.8283929655330985
Conservatives,2019,E14000607,Broxtowe,34.15147781954492,18.18555137884196,72,Male,7,0.8283929655330985
Labour,2019,E14000607,Broxtowe,34.15147781954492,18.18555137884196,40,Female,4,0.4280831433809054
Conservatives,2019,E14000607,Broxtowe,34.15147781954492,18.18555137884196,41,Female,5,0.7616031275488464
Labour,2019,E14000607,Broxtowe,34.15147781954492,18.18555137884196,70,Male,5,0.4656244857887556
Labour,2019,E14000607,Broxtowe,34.15147781954492,18.18555137884196,33,Female,3,0.9208355199167643
Labour,2019,E14000607,Broxtowe,34.15147781954492,18.18555137884196,30,Female,1,0.9208355199167643
Labour,2019,E14000625,Charnwood,33.38434584371174,19.32494617300629,29,Female,,0.9208355199167643
Conservatives,2019,E14000625,Charnwood,33.38434584371174,19.32494617300629,24,Male,,0.7280439577876376
Conservatives,2019,E14000625,Charnwood,33.38434584371174,19.32494617300629,20,Male,5,0.5817536986139561
Conservatives,2019,E14000625,Charnwood,33.38434584371174,19.32494617300629,55,Male,6,1.146145437560742
Conservatives,2019,E14000625,Charnwood,33.38434584371174,19.32494617300629,71,Male,5,0.8283929655330985
Labour,2019,E14000625,Charnwood,33.38434584371174,19.32494617300629,68,Male,4,0.9312489715775112
Conservatives,2019,E14000625,Charnwood,33.38434584371174,19.32494617300629,71,Male,6,0.8283929655330985
Conservatives,2019,E14000625,Charnwood,33.38434584371174,19.32494617300629,36,Female,5,0.8747337557906939
Conservatives,2019,E14000625,Charnwood,33.38434584371174,19.32494617300629,71,Male,,0.8283929655330985
Labour,2019,E14000632,Chesterfield,33.71546842827728,18.74142072752231,61,Male,3,1.0211092866512204
Labour,2019,E14000632,Chesterfield,33.71546842827728,18.74142072752231,28,Female,6,0.9208355199167643
Labour,2019,E14000648,Corby,37.02758426507052,15.20540604365162,,Female,5,
Labour,2019,E14000648,Corby,37.02758426507052,15.20540604365162,48,Male,5,1.0062717636778662
Labour,2019,E14000648,Corby,37.02758426507052,15.20540604365162,36,Female,,0.9833435873758334
Conservatives,2019,E14000648,Corby,37.02758426507052,15.20540604365162,70,Male,6,0.41419648276654925
Labour,2019,E14000648,Corby,37.02758426507052,15.20540604365162,51,Female,7,0.9153903515023377
Conservatives,2019,E14000648,Corby,37.02758426507052,15.20540604365162,72,Female,7,0.7535766730945953
Labour,2019,E14000648,Corby,37.02758426507052,15.20540604365162,50,Male,2,0.8445427372676346
Conservatives,2019,E14000648,Corby,37.02758426507052,15.20540604365162,79,Female,9,0.48620660964930923
Conservatives,2019,E14000648,Corby,37.02758426507052,15.20540604365162,71,Male,8,0.8283929655330985
Conservatives,2019,E14000648,Corby,37.02758426507052,15.20540604365162,56,Female,,1.239438908260713
Conservatives,2019,E14000648,Corby,37.02758426507052,15.20540604365162,84,Female,8,0.48620660964930923
Conservatives,2019,E14000660,Daventry,33.01651571656899,17.48108684070325,51,Female,5,0.8142859225034762
Conservatives,2019,E14000660,Daventry,33.01651571656899,17.48108684070325,69,Male,,0.8283929655330985
Labour,2019,E14000660,Daventry,33.01651571656899,17.48108684070325,26,Male,4,1.0122575370858056
Conservatives,2019,E14000660,Daventry,33.01651571656899,17.48108684070325,74,Male,5,0.41419648276654925
Labour,2019,E14000707,Gainsborough,31.32066420261887,20.99674004295729,25,Female,5,0.9208355199167643
Conservatives,2019,E14000707,Gainsborough,31.32066420261887,20.99674004295729,38,Male,8,0.9615787163841761
Conservatives,2019,E14000707,Gainsborough,31.32066420261887,20.99674004295729,67,Female,10,0.7535766730945953
Labour,2019,E14000707,Gainsborough,31.32066420261887,20.99674004295729,45,Female,3,0.7682678785505956
Conservatives,2019,E14000707,Gainsborough,31.32066420261887,20.99674004295729,74,Male,7,0.8283929655330985
Conservatives,2019,E14000707,Gainsborough,31.32066420261887,20.99674004295729,23,Female,7,0.3311453418868464
Labour,2019,E14000710,Gedling,34.47418758713108,17.61857931764884,33,Male,3,1.0529288389487013
Conservatives,2019,E14000710,Gedling,34.47418758713108,17.61857931764884,48,Female,8,1.3668261134468833
Labour,2019,E14000710,Gedling,34.47418758713108,17.61857931764884,30,Female,2,0.9208355199167643
Conservatives,2019,E14000710,Gedling,34.47418758713108,17.61857931764884,52,Female,4,0.8142859225034762
Conservatives,2019,E14000710,Gedling,34.47418758713108,17.61857931764884,77,Male,7,0.5344779763088824
Conservatives,2019,E14000710,Gedling,34.47418758713108,17.61857931764884,61,Male,5,0.9083282515410466
Conservatives,2019,E14000710,Gedling,34.47418758713108,17.61857931764884,36,Male,9,0.8372162991704922
Conservatives,2019,E14000710,Gedling,34.47418758713108,17.61857931764884,37,Female,7,0.7616031275488464
Conservatives,2019,E14000714,Grantham and Stamford,33.81517563774655,18.60505215966894,75,Female,9,0.48620660964930923
Conservatives,2019,E14000714,Grantham and Stamford,33.81517563774655,18.60505215966894,32,Female,,0.4095648373280207
Conservatives,2019,E14000714,Grantham and Stamford,33.81517563774655,18.60505215966894,40,Female,5,0.43736687789534695
Conservatives,2019,E14000714,Grantham and Stamford,33.81517563774655,18.60505215966894,54,Male,8,0.8951295259239431
Labour,2019,E14000714,Grantham and Stamford,33.81517563774655,18.60505215966894,23,Female,0,0.7445228820270271
Conservatives,2019,E14000714,Grantham and Stamford,33.81517563774655,18.60505215966894,18,Female,,
Conservatives,2019,E14000714,Grantham and Stamford,33.81517563774655,18.60505215966894,78,Male,5,2.1379119052355295
Conservatives,2019,E14000714,Grantham and Stamford,33.81517563774655,18.60505215966894,,Female,,
Conservatives,2019,E14000728,Harborough,34.91784387355705,18.93862629393416,67,Male,6,0.41419648276654925
Conservatives,2019,E14000728,Harborough,34.91784387355705,18.93862629393416,61,Male,7,0.9083282515410466
Labour,2019,E14000728,Harborough,34.91784387355705,18.93862629393416,38,Male,5,0.9411678394549371
Labour,2019,E14000782,Leicester East,42.64190932546995,12.91190563951345,51,Male,5,0.8445427372676346
Labour,2019,E14000782,Leicester East,42.64190932546995,12.91190563951345,65,Female,5,0.8471432412182929
Conservatives,2019,E14000782,Leicester East,42.64190932546995,12.91190563951345,40,Female,3,0.8747337557906939
Labour,2019,E14000782,Leicester East,42.64190932546995,12.91190563951345,20,Female,0,2.379685653257128
Labour,2019,E14000782,Leicester East,42.64190932546995,12.91190563951345,44,Female,2,0.8561662867618108
Labour,2019,E14000782,Leicester East,42.64190932546995,12.91190563951345,77,Female,0,1.093151255621118
Conservatives,2019,E14000782,Leicester East,42.64190932546995,12.91190563951345,82,Male,7,1.0689559526177648
Labour,2019,E14000783,Leicester South,50.84879324653986,10.37497799424916,48,Male,3,0.8445427372676346
Labour,2019,E14000783,Leicester South,50.84879324653986,10.37497799424916,57,Male,,2.0422185733024407
Labour,2019,E14000783,Leicester South,50.84879324653986,10.37497799424916,26,Female,4,1.8416710398335285
Conservatives,2019,E14000797,Loughborough,42.97871482299323,14.83811770874295,75,Female,,0.9724132192986185
Labour,2019,E14000797,Loughborough,42.97871482299323,14.83811770874295,34,Female,,0.47891679702380724
Labour,2019,E14000797,Loughborough,42.97871482299323,14.83811770874295,89,Male,5,2.4033621070076197
Conservatives,2019,E14000797,Loughborough,42.97871482299323,14.83811770874295,42,Female,6,0.7616031275488464
Conservatives,2019,E14000797,Loughborough,42.97871482299323,14.83811770874295,73,Female,7,0.7535766730945953
Conservatives,2019,E14000797,Loughborough,42.97871482299323,14.83811770874295,23,Male,6,1.4560879155752753
Conservatives,2019,E14000797,Loughborough,42.97871482299323,14.83811770874295,45,Male,,0.7512633935685883
Labour,2019,E14000797,Loughborough,42.97871482299323,14.83811770874295,30,Male,4,1.0122575370858056
Conservatives,2019,E14000797,Loughborough,42.97871482299323,14.83811770874295,75,Female,5,0.48620660964930923
Conservatives,2019,E14000810,Mansfield,35.96864051461719,17.17879501464591,28,Female,,0.8191296746560414
Conservatives,2019,E14000810,Mansfield,35.96864051461719,17.17879501464591,53,Female,,0.4071429612517381
Conservatives,2019,E14000810,Mansfield,35.96864051461719,17.17879501464591,50,Male,6,0.44756476296197156
Conservatives,2019,E14000866,Nottingham North,43.15919501775696,13.50352565752226,64,Male,8,0.7640969583738374
Labour,2019,E14000866,Nottingham North,43.15919501775696,13.50352565752226,24,Male,7,0.8184402996670256
Labour,2019,E14000866,Nottingham North,43.15919501775696,13.50352565752226,28,Male,4,0.5264644194743506
Labour,2019,E14000867,Nottingham South,53.06546556443566,11.90116539873481,27,Female,3,0.9578335940476145
Conservatives,2019,E14000867,Nottingham South,53.06546556443566,11.90116539873481,39,Female,5,0.7616031275488464
Labour,2019,E14000867,Nottingham South,53.06546556443566,11.90116539873481,31,Female,3,0.9208355199167643
Conservatives,2019,E14000909,Rutland and Melton,32.82305847848919,19.76200384440084,68,Male,,0.8283929655330985
Labour,2019,E14000909,Rutland and Melton,32.82305847848919,19.76200384440084,74,Male,4,0.9312489715775112
Conservatives,2019,E14000909,Rutland and Melton,32.82305847848919,19.76200384440084,73,Female,,0.7535766730945953
Conservatives,2019,E14000909,Rutland and Melton,32.82305847848919,19.76200384440084,51,Male,5,0.44756476296197156
Conservatives,2019,E14000909,Rutland and Melton,32.82305847848919,19.76200384440084,42,Female,6,1.3121006336860437
Conservatives,2019,E14000909,Rutland and Melton,32.82305847848919,19.76200384440084,63,Female,5,0.34754377920296853
Conservatives,2019,E14000924,Sherwood,33.9210274917737,18.50015921876658,51,Female,10,0.4071429612517381
Conservatives,2019,E14000924,Sherwood,33.9210274917737,18.50015921876658,39,Female,7,1.5232062550976928
Labour,2019,E14000924,Sherwood,33.9210274917737,18.50015921876658,60,Female,4,1.857775647830239
Conservatives,2019,E14000924,Sherwood,33.9210274917737,18.50015921876658,75,Female,6,1.944826438597237
Conservatives,2019,E14000924,Sherwood,33.9210274917737,18.50015921876658,27,Female,,1.7040826581880044
Conservatives,2019,E14000924,Sherwood,33.9210274917737,18.50015921876658,65,Male,6,1.656785931066197
Conservatives,2019,E14000935,South Derbyshire,35.47367642240332,15.46014734016129,35,Female,,0.7616031275488464
Conservatives,2019,E14000935,South Derbyshire,35.47367642240332,15.46014734016129,44,Male,5,0.4186081495852461
Conservatives,2019,E14000935,South Derbyshire,35.47367642240332,15.46014734016129,87,Male,5,0.5344779763088824
Conservatives,2019,E14000935,South Derbyshire,35.47367642240332,15.46014734016129,54,Male,7,0.7512633935685883
Conservatives,2019,E14000935,South Derbyshire,35.47367642240332,15.46014734016129,66,Male,4,1.656785931066197
Conservatives,2019,E14000935,South Derbyshire,35.47367642240332,15.46014734016129,64,Female,,1.239438908260713
Conservatives,2019,E14000935,South Derbyshire,35.47367642240332,15.46014734016129,57,Male,6,1.8166565030820931
Conservatives,2019,E14000935,South Derbyshire,35.47367642240332,15.46014734016129,54,Female,,1.0251195850851553
Labour,2019,E14000935,South Derbyshire,35.47367642240332,15.46014734016129,41,Male,5,1.8823356789098742
Conservatives,2019,E14000935,South Derbyshire,35.47367642240332,15.46014734016129,47,Female,5,0.4071429612517381
Conservatives,2019,E14000935,South Derbyshire,35.47367642240332,15.46014734016129,80,Female,10,1.944826438597237
Conservatives,2019,E14000939,South Holland and the Deepings,31.6939675539455,21.64218774610175,47,Male,6,0.37563169678429414
Conservatives,2019,E14000939,South Holland and the Deepings,31.6939675539455,21.64218774610175,66,Female,5,0.37678833654729765
Conservatives,2019,E14000939,South Holland and the Deepings,31.6939675539455,21.64218774610175,57,Female,,0.8262926055071468
Conservatives,2019,E14000939,South Holland and the Deepings,31.6939675539455,21.64218774610175,56,Female,7,0.6950875584059371
Conservatives,2019,E14000939,South Holland and the Deepings,31.6939675539455,21.64218774610175,77,Male,8,1.0689559526177648
Conservatives,2019,E14000939,South Holland and the Deepings,31.6939675539455,21.64218774610175,,Female,,
Labour,2019,E14001025,Wellingborough,36.25222543543176,16.14747689786076,19,Female,4,1.7847642399428605
Conservatives,2019,E14001025,Wellingborough,36.25222543543176,16.14747689786076,57,Male,6,0.9083282515410466
Conservatives,2019,E14001025,Wellingborough,36.25222543543176,16.14747689786076,29,Female,5,1.7040826581880044
Labour,2019,E14001025,Wellingborough,36.25222543543176,16.14747689786076,42,Female,3,0.4280831433809054
Conservatives,2019,E14001025,Wellingborough,36.25222543543176,16.14747689786076,76,Female,7,0.48620660964930923
Labour,2019,E14000552,Bedford,40.36866997803416,14.75372528842539,,Male,6,
Labour,2019,E14000552,Bedford,40.36866997803416,14.75372528842539,71,Male,5,1.0264049552552215
Labour,2019,E14000552,Bedford,40.36866997803416,14.75372528842539,38,Male,3,0.5186686716587655
Labour,2019,E14000552,Bedford,40.36866997803416,14.75372528842539,61,Female,2,0.430617680236452
Conservatives,2019,E14000594,Brentwood and Ongar,33.00128016179524,19.35303419860796,43,Female,8,1.9282299124619502
Labour,2019,E14000594,Brentwood and Ongar,33.00128016179524,19.35303419860796,65,Male,5,1.0264049552552215
Labour,2019,E14000594,Brentwood and Ongar,33.00128016179524,19.35303419860796,34,Male,3,1.6735365897360273
Labour,2019,E14000594,Brentwood and Ongar,33.00128016179524,19.35303419860796,29,Female,6,1.0149274463267604
Labour,2019,E14000594,Brentwood and Ongar,33.00128016179524,19.35303419860796,67,Female,5,0.4668526071628881
Conservatives,2019,E14000603,Broadland,30.2538135059041,22.08891877127369,81,Male,8,0.5890914890664865
Conservatives,2019,E14000603,Broadland,30.2538135059041,22.08891877127369,46,Male,6,0.8280282646158933
Conservatives,2019,E14000603,Broadland,30.2538135059041,22.08891877127369,71,Female,6,0.8305779174379126
Conservatives,2019,E14000603,Broadland,30.2538135059041,22.08891877127369,78,Female,,0.5358877042049508
Conservatives,2019,E14000603,Broadland,30.2538135059041,22.08891877127369,,Female,6,
Conservatives,2019,E14000603,Broadland,30.2538135059041,22.08891877127369,63,Male,8,0.4210865881772834
Conservatives,2019,E14000603,Broadland,30.2538135059041,22.08891877127369,68,Male,8,0.9130390160661516
Conservatives,2019,E14000603,Broadland,30.2538135059041,22.08891877127369,81,Male,6,1.178182978132973
Conservatives,2019,E14000603,Broadland,30.2538135059041,22.08891877127369,61,Female,7,1.5322246489584104
Conservatives,2019,E14000606,Broxbourne,36.73853628909809,16.74967101933394,,,,
Labour,2019,E14000613,Bury St Edmunds,34.78949312971727,19.32915779658333,76,Male,5,0.6622350335932601
Conservatives,2019,E14000613,Bury St Edmunds,34.78949312971727,19.32915779658333,55,Male,5,0.4210865881772834
Conservatives,2019,E14000613,Bury St Edmunds,34.78949312971727,19.32915779658333,51,Female,7,0.3766224550663478
Conservatives,2019,E14000613,Bury St Edmunds,34.78949312971727,19.32915779658333,50,Male,5,0.41401413230794665
Conservatives,2019,E14000613,Bury St Edmunds,34.78949312971727,19.32915779658333,47,Female,7,0.4487452503901004
Conservatives,2019,E14000717,Great Yarmouth,34.90650410682895,20.94122968430359,77,Female,7,0.5358877042049508
Conservatives,2019,E14000717,Great Yarmouth,34.90650410682895,20.94122968430359,71,Male,5,0.4565195080330758
Conservatives,2019,E14000717,Great Yarmouth,34.90650410682895,20.94122968430359,66,Female,6,0.8305779174379126
Conservatives,2019,E14000717,Great Yarmouth,34.90650410682895,20.94122968430359,67,Female,8,0.8305779174379126
Conservatives,2019,E14000717,Great Yarmouth,34.90650410682895,20.94122968430359,72,Female,,0.8305779174379126
Labour,2019,E14000717,Great Yarmouth,34.90650410682895,20.94122968430359,,Male,5,
Labour,2019,E14000717,Great Yarmouth,34.90650410682895,20.94122968430359,73,Female,2,0.9337052143257762
Conservatives,2019,E14000739,Hemel Hempstead,37.51463404787857,15.12050381494489,72,Male,8,0.4565195080330758
Labour,2019,E14000739,Hemel Hempstead,37.51463404787857,15.12050381494489,27,Male,,0.5802590987012634
Conservatives,2019,E14000739,Hemel Hempstead,37.51463404787857,15.12050381494489,35,Male,3,0.9227639270660063
Conservatives,2019,E14000739,Hemel Hempstead,37.51463404787857,15.12050381494489,46,Male,5,0.9865947872642913
Labour,2019,E14000739,Hemel Hempstead,37.51463404787857,15.12050381494489,32,Male,4,1.6735365897360273
Conservatives,2019,E14000744,Hertford and Stortford,35.64862104187947,14.83820786985409,64,Male,8,2.002284344648953
Labour,2019,E14000744,Hertford and Stortford,35.64862104187947,14.83820786985409,73,Female,1,0.9337052143257762
Labour,2019,E14000744,Hertford and Stortford,35.64862104187947,14.83820786985409,48,Female,5,1.0089258849684724
Labour,2019,E14000744,Hertford and Stortford,35.64862104187947,14.83820786985409,40,Male,1,0.5186686716587655
Conservatives,2019,E14000744,Hertford and Stortford,35.64862104187947,14.83820786985409,20,Male,5,1.923593680808903
Conservatives,2019,E14000744,Hertford and Stortford,35.64862104187947,14.83820786985409,,Male,6,
Conservatives,2019,E14000744,Hertford and Stortford,35.64862104187947,14.83820786985409,30,Female,4,0.4514145962702882
Conservatives,2019,E14000744,Hertford and Stortford,35.64862104187947,14.83820786985409,50,Male,5,0.49329739363214564
Labour,2019,E14000744,Hertford and Stortford,35.64862104187947,14.83820786985409,73,Female,3,0.4668526071628881
Conservatives,2019,E14000745,Hertsmere,36.96154192200418,16.32293988863452,26,Female,4,0.4514145962702882
Conservatives,2019,E14000745,Hertsmere,36.96154192200418,16.32293988863452,34,Female,,0.9391037938897214
Conservatives,2019,E14000745,Hertsmere,36.96154192200418,16.32293988863452,45,Male,5,0.9865947872642913
Conservatives,2019,E14000745,Hertsmere,36.96154192200418,16.32293988863452,62,Female,8,0.45536201953953
Conservatives,2019,E14000745,Hertsmere,36.96154192200418,16.32293988863452,73,Female,3,0.8305779174379126
Conservatives,2019,E14000745,Hertsmere,36.96154192200418,16.32293988863452,49,Male,6,0.8280282646158933
Conservatives,2019,E14000745,Hertsmere,36.96154192200418,16.32293988863452,73,Male,7,0.9130390160661516
Labour,2019,E14000761,Ipswich,40.57961707475941,14.29410199719274,24,Female,5,1.6411980012583496
Conservatives,2019,E14000761,Ipswich,40.57961707475941,14.29410199719274,55,Female,7,0.3830561622396026
Conservatives,2019,E14000761,Ipswich,40.57961707475941,14.29410199719274,59,Male,,0.5005710861622382
Conservatives,2019,E14000761,Ipswich,40.57961707475941,14.29410199719274,67,Male,7,0.9130390160661516
Labour,2019,E14000761,Ipswich,40.57961707475941,14.29410199719274,52,Male,5,0.9308389881901431
Conservatives,2019,E14000761,Ipswich,40.57961707475941,14.29410199719274,73,Male,5,0.9130390160661516
Conservatives,2019,E14000841,North East Bedfordshire,34.14657891662448,16.34701507068032,74,Female,5,0.8305779174379126
Conservatives,2019,E14000841,North East Bedfordshire,34.14657891662448,16.34701507068032,29,Female,,0.9391037938897214
Conservatives,2019,E14000841,North East Bedfordshire,34.14657891662448,16.34701507068032,30,Female,7,0.4695518969448607
Labour,2019,E14000841,North East Bedfordshire,34.14657891662448,16.34701507068032,27,Male,2,1.7407772961038053
Conservatives,2019,E14000841,North East Bedfordshire,34.14657891662448,16.34701507068032,72,Male,7,0.9130390160661516
Conservatives,2019,E14000841,North East Bedfordshire,34.14657891662448,16.34701507068032,44,Male,7,0.46138196353300315
Conservatives,2019,E14000841,North East Bedfordshire,34.14657891662448,16.34701507068032,89,Female,5,0.5358877042049508
Conservatives,2019,E14000841,North East Bedfordshire,34.14657891662448,16.34701507068032,76,Female,9,0.5358877042049508
Conservatives,2019,E14000842,North East Cambridgeshire,33.98501459386345,19.74887876414893,59,Male,8,0.8421731763545668
Conservatives,2019,E14000842,North East Cambridgeshire,33.98501459386345,19.74887876414893,70,Male,8,1.369558524099226
Labour,2019,E14000842,North East Cambridgeshire,33.98501459386345,19.74887876414893,62,Female,3,1.0238025430811062
Conservatives,2019,E14000842,North East Cambridgeshire,33.98501459386345,19.74887876414893,69,Female,4,0.8305779174379126
Conservatives,2019,E14000842,North East Cambridgeshire,33.98501459386345,19.74887876414893,29,Female,7,0.4695518969448607
Conservatives,2019,E14000842,North East Cambridgeshire,33.98501459386345,19.74887876414893,28,Male,7,1.0323395143973966
Conservatives,2019,E14000842,North East Cambridgeshire,33.98501459386345,19.74887876414893,29,Female,5,0.9391037938897214
Conservatives,2019,E14000845,North East Hertfordshire,33.94727452091598,17.72348508700124,73,Female,,0.4152889587189563
Conservatives,2019,E14000845,North East Hertfordshire,33.94727452091598,17.72348508700124,63,Male,,1.0011421723244764
Conservatives,2019,E14000845,North East Hertfordshire,33.94727452091598,17.72348508700124,38,Male,6,0.5299169123874446
Conservatives,2019,E14000848,North Norfolk,26.60050800401678,29.55520113414851,70,Male,8,0.9130390160661516
Conservatives,2019,E14000848,North Norfolk,26.60050800401678,29.55520113414851,71,Female,5,0.8305779174379126
Conservatives,2019,E14000848,North Norfolk,26.60050800401678,29.55520113414851,65,Male,5,0.4565195080330758
Conservatives,2019,E14000848,North Norfolk,26.60050800401678,29.55520113414851,53,Female,6,0.4487452503901004
Conservatives,2019,E14000848,North Norfolk,26.60050800401678,29.55520113414851,51,Female,5,0.8974905007802008
Conservatives,2019,E14000848,North Norfolk,26.60050800401678,29.55520113414851,50,Male,5,0.9865947872642913
Conservatives,2019,E14000848,North Norfolk,26.60050800401678,29.55520113414851,56,Male,7,1.6843463527091336
Conservatives,2019,E14000848,North Norfolk,26.60050800401678,29.55520113414851,59,Male,6,0.5005710861622382
Labour,2019,E14000848,North Norfolk,26.60050800401678,29.55520113414851,23,Female,7,1.311422198037626
Labour,2019,E14000855,North West Cambridgeshire,37.47771087709198,14.36019222619362,30,Female,,2.0298548926535207
Conservatives,2019,E14000855,North West Cambridgeshire,37.47771087709198,14.36019222619362,48,Male,7,0.41401413230794665
Labour,2019,E14000855,North West Cambridgeshire,37.47771087709198,14.36019222619362,29,Male,,
Conservatives,2019,E14000855,North West Cambridgeshire,37.47771087709198,14.36019222619362,52,Female,6,0.8974905007802008
Conservatives,2019,E14000855,North West Cambridgeshire,37.47771087709198,14.36019222619362,31,Male,,0.5161697571986983
Conservatives,2019,E14000855,North West Cambridgeshire,37.47771087709198,14.36019222619362,53,Male,6,0.9865947872642913
Conservatives,2019,E14000855,North West Cambridgeshire,37.47771087709198,14.36019222619362,69,Male,8,0.9130390160661516
Conservatives,2019,E14000855,North West Cambridgeshire,37.47771087709198,14.36019222619362,71,Male,6,0.9130390160661516
Conservatives,2019,E14000878,Peterborough,41.77136222641968,13.89692758244234,72,Male,6,0.9130390160661516
Conservatives,2019,E14000878,Peterborough,41.77136222641968,13.89692758244234,42,Female,,0.9641149562309751
Conservatives,2019,E14000878,Peterborough,41.77136222641968,13.89692758244234,66,Male,4,0.4565195080330758
Labour,2019,E14000888,Rayleigh and Wickford,32.41844029912072,19.71505464705399,75,Male,3,1.3244700671865202
Labour,2019,E14000888,Rayleigh and Wickford,32.41844029912072,19.71505464705399,28,Female,6,1.0149274463267604
Conservatives,2019,E14000888,Rayleigh and Wickford,32.41844029912072,19.71505464705399,51,Male,5,0.9865947872642913
Conservatives,2019,E14000888,Rayleigh and Wickford,32.41844029912072,19.71505464705399,74,Female,7,0.4152889587189563
Conservatives,2019,E14000888,Rayleigh and Wickford,32.41844029912072,19.71505464705399,60,Male,6,1.0011421723244764
Conservatives,2019,E14000888,Rayleigh and Wickford,32.41844029912072,19.71505464705399,72,Male,7,0.9130390160661516
Conservatives,2019,E14000888,Rayleigh and Wickford,32.41844029912072,19.71505464705399,85,Female,5,1.0717754084099016
Conservatives,2019,E14000888,Rayleigh and Wickford,32.41844029912072,19.71505464705399,78,Male,5,1.178182978132973
Conservatives,2019,E14000888,Rayleigh and Wickford,32.41844029912072,19.71505464705399,73,Male,6,0.4565195080330758
Labour,2019,E14000888,Rayleigh and Wickford,32.41844029912072,19.71505464705399,53,Female,7,0.8467702854715277
Conservatives,2019,E14000899,Rochford and Southend East,37.61078305006845,16.48631635742334,93,Male,10,1.178182978132973
Conservatives,2019,E14000899,Rochford and Southend East,37.61078305006845,16.48631635742334,67,Male,7,0.4565195080330758
Conservatives,2019,E14000899,Rochford and Southend East,37.61078305006845,16.48631635742334,56,Male,5,0.8421731763545668
Conservatives,2019,E14000899,Rochford and Southend East,37.61078305006845,16.48631635742334,58,Female,6,0.91072403907906
Labour,2019,E14000933,South Basildon and East Thurrock,37.55960613504531,15.03416386268398,71,Male,5,0.5132024776276107
Conservatives,2019,E14000933,South Basildon and East Thurrock,37.55960613504531,15.03416386268398,66,Male,,0.9130390160661516
Labour,2019,E14000933,South Basildon and East Thurrock,37.55960613504531,15.03416386268398,,,,
Labour,2019,E14000933,South Basildon and East Thurrock,37.55960613504531,15.03416386268398,,Male,4,
Conservatives,2019,E14000933,South Basildon and East Thurrock,37.55960613504531,15.03416386268398,49,Male,6,0.9865947872642913
Conservatives,2019,E14000933,South Basildon and East Thurrock,37.55960613504531,15.03416386268398,39,Male,5,1.0598338247748893
Labour,2019,E14000933,South Basildon and East Thurrock,37.55960613504531,15.03416386268398,33,Female,7,1.0149274463267604
Labour,2019,E14000934,South Cambridgeshire,34.67447430491681,16.77306546941452,91,Male,10,0.6622350335932601
Conservatives,2019,E14000934,South Cambridgeshire,34.67447430491681,16.77306546941452,57,Male,2,0.5005710861622382
Conservatives,2019,E14000934,South Cambridgeshire,34.67447430491681,16.77306546941452,27,Male,6,0.4962317564231837
Conservatives,2019,E14000934,South Cambridgeshire,34.67447430491681,16.77306546941452,54,Female,,0.4487452503901004
Conservatives,2019,E14000937,South East Cambridgeshire,34.88617255769783,16.67552426837662,80,Male,6,2.356365956265946
Labour,2019,E14000937,South East Cambridgeshire,34.88617255769783,16.67552426837662,,Female,,
Conservatives,2019,E14000937,South East Cambridgeshire,34.88617255769783,16.67552426837662,65,Male,8,1.8260780321323031
Conservatives,2019,E14000937,South East Cambridgeshire,34.88617255769783,16.67552426837662,57,Male,5,1.0011421723244764
Conservatives,2019,E14000937,South East Cambridgeshire,34.88617255769783,16.67552426837662,,Female,7,
Conservatives,2019,E14000937,South East Cambridgeshire,34.88617255769783,16.67552426837662,57,Male,,1.501713258486737
Conservatives,2019,E14000949,South West Bedfordshire,36.5457557016985,15.58447922690163,60,Male,5,0.5005710861622382
Conservatives,2019,E14000949,South West Bedfordshire,36.5457557016985,15.58447922690163,43,Male,7,0.46138196353300315
Conservatives,2019,E14000949,South West Bedfordshire,36.5457557016985,15.58447922690163,58,Female,6,1.82144807815812
Conservatives,2019,E14000949,South West Bedfordshire,36.5457557016985,15.58447922690163,52,Female,6,1.7949810015604015
Labour,2019,E14000952,South West Norfolk,34.12098572380042,20.90560719698067,51,Female,5,0.42338514273576383
Conservatives,2019,E14000952,South West Norfolk,34.12098572380042,20.90560719698067,54,Female,,0.8974905007802008
Conservatives,2019,E14000957,Southend West,33.64835065928626,19.08554970523379,35,Female,6,0.839424523314981
Conservatives,2019,E14000957,Southend West,33.64835065928626,19.08554970523379,74,Male,5,0.4565195080330758
Conservatives,2019,E14000957,Southend West,33.64835065928626,19.08554970523379,38,Male,,0.46138196353300315
Conservatives,2019,E14000957,Southend West,33.64835065928626,19.08554970523379,45,Female,5,0.4487452503901004
Conservatives,2019,E14000957,Southend West,33.64835065928626,19.08554970523379,91,Female,7,0.5358877042049508
Labour,2019,E14000957,Southend West,33.64835065928626,19.08554970523379,58,Female,6,1.722470720945808
Conservatives,2019,E14000957,Southend West,33.64835065928626,19.08554970523379,33,Female,5,0.9028291925405764
Labour,2019,E14000957,Southend West,33.64835065928626,19.08554970523379,35,Female,4,0.9436502440010011
Labour,2019,E14000960,St Albans,36.5061486950022,14.64218793197014,41,Male,7,0.5186686716587655
Conservatives,2019,E14000960,St Albans,36.5061486950022,14.64218793197014,43,Female,8,0.839424523314981
Conservatives,2019,E14000960,St Albans,36.5061486950022,14.64218793197014,46,Male,8,0.9865947872642913
Conservatives,2019,E14000960,St Albans,36.5061486950022,14.64218793197014,49,Female,7,0.7532449101326956
Labour,2019,E14001021,Watford,39.23356864120665,13.30644100495462,35,Female,,0.9436502440010011
Labour,2019,E14001021,Watford,39.23356864120665,13.30644100495462,42,Male,4,0.5186686716587655
Labour,2019,E14001021,Watford,39.23356864120665,13.30644100495462,72,Female,5,0.4668526071628881
Labour,2019,E14001021,Watford,39.23356864120665,13.30644100495462,30,Male,2,1.115691059824008
Conservatives,2019,E14001027,Welwyn Hatfield,42.50052204947131,14.89074928336845,61,Male,5,1.0011421723244764
Labour,2019,E14001027,Welwyn Hatfield,42.50052204947131,14.89074928336845,39,Female,4,0.47182512200050053
Labour,2019,E14001027,Welwyn Hatfield,42.50052204947131,14.89074928336845,75,Female,3,1.8072758733558778
Conservatives,2019,E14001027,Welwyn Hatfield,42.50052204947131,14.89074928336845,81,Female,10,1.0717754084099016
Conservatives,2019,E14001027,Welwyn Hatfield,42.50052204947131,14.89074928336845,60,Male,8,1.0011421723244764
Conservatives,2019,E14001027,Welwyn Hatfield,42.50052204947131,14.89074928336845,20,Female,,1.7498643598897652
Labour,2019,E14001027,Welwyn Hatfield,42.50052204947131,14.89074928336845,61,Female,3,1.2918530407093543
Conservatives,2019,E14001034,West Suffolk,37.67395100269856,16.87655431504312,52,Female,5,0.7532449101326956
Conservatives,2019,E14001034,West Suffolk,37.67395100269856,16.87655431504312,60,Male,7,0.8421731763545668
Labour,2019,E14001034,West Suffolk,37.67395100269856,16.87655431504312,73,Male,3,1.0264049552552215
Labour,2019,E14001034,West Suffolk,37.67395100269856,16.87655431504312,22,Female,2,1.6411980012583496
Labour,2019,E14001034,West Suffolk,37.67395100269856,16.87655431504312,29,Female,,0.5278530109810499
Conservatives,2019,E14001034,West Suffolk,37.67395100269856,16.87655431504312,36,Female,5,0.4197122616574905
Labour,2019,E14001034,West Suffolk,37.67395100269856,16.87655431504312,32,Male,5,1.115691059824008
Conservatives,2019,E14001034,West Suffolk,37.67395100269856,16.87655431504312,18,Male,7,2.564791574411858
Conservatives,2019,E14001045,Witham,33.43360209885897,18.20895859955445,26,Male,5,1.0323395143973966
Conservatives,2019,E14001045,Witham,33.43360209885897,18.20895859955445,45,Female,4,0.3766224550663478
Conservatives,2019,E14001045,Witham,33.43360209885897,18.20895859955445,69,Male,3,1.369558524099226
Conservatives,2019,E14001045,Witham,33.43360209885897,18.20895859955445,31,Male,5,0.9924635128463674
Conservatives,2019,E14001045,Witham,33.43360209885897,18.20895859955445,39,Male,5,1.0598338247748893
Conservatives,2019,E14001045,Witham,33.43360209885897,18.20895859955445,36,Male,6,1.0598338247748893
Labour,2019,E14001045,Witham,33.43360209885897,18.20895859955445,34,Female,3,2.0298548926535207
Conservatives,2019,E14001045,Witham,33.43360209885897,18.20895859955445,79,Male,5,1.178182978132973
Conservatives,2019,E14001045,Witham,33.43360209885897,18.20895859955445,41,Male,5,0.9227639270660063
Labour,2019,E14000549,Battersea,43.52772493416676,7.886869898509029,25,Female,3,0.9339752349351208
Labour,2019,E14000549,Battersea,43.52772493416676,7.886869898509029,50,,3,
Labour,2019,E14000549,Battersea,43.52772493416676,7.886869898509029,67,Male,3,0.944537279677065
Conservatives,2019,E14000549,Battersea,43.52772493416676,7.886869898509029,24,Female,6,1.3434822692955841
Conservatives,2019,E14000553,Bermondsey and Old Southwark,47.23684418520099,6.930810451937212,72,Female,5,0.38216485738884765
Conservatives,2019,E14000553,Bermondsey and Old Southwark,47.23684418520099,6.930810451937212,70,Male,7,0.42010679316123184
Labour,2019,E14000553,Bermondsey and Old Southwark,47.23684418520099,6.930810451937212,25,Female,2,1.8679504698702416
Labour,2019,E14000553,Bermondsey and Old Southwark,47.23684418520099,6.930810451937212,52,Female,4,1.1688458310566514
Labour,2019,E14000555,Bethnal Green and Bow,53.5368684733269,6.797712024634825,42,Male,5,0.9545976832515781
Labour,2019,E14000555,Bethnal Green and Bow,53.5368684733269,6.797712024634825,46,Male,7,2.0412611949951036
Labour,2019,E14000555,Bethnal Green and Bow,53.5368684733269,6.797712024634825,52,Female,1,0.7792305540377717
Labour,2019,E14000555,Bethnal Green and Bow,53.5368684733269,6.797712024634825,32,Female,0,0.4669876174675604
Labour,2019,E14000555,Bethnal Green and Bow,53.5368684733269,6.797712024634825,31,Male,3,0.5339767192168975
Labour,2019,E14000555,Bethnal Green and Bow,53.5368684733269,6.797712024634825,54,Female,4,0.7792305540377717
Labour,2019,E14000592,Brent North,43.03648703340494,11.99293297219887,35,Male,6,
Labour,2019,E14000592,Brent North,43.03648703340494,11.99293297219887,24,Male,3,1.6602378049686364
Labour,2019,E14000593,Brentford and Isleworth,40.77055913376272,10.56348984100314,43,Female,2,0.43419160725586187
Conservatives,2019,E14000593,Brentford and Isleworth,40.77055913376272,10.56348984100314,34,Female,6,0.8308181143993655
Labour,2019,E14000593,Brentford and Isleworth,40.77055913376272,10.56348984100314,50,Female,,1.856904735123643
Labour,2019,E14000593,Brentford and Isleworth,40.77055913376272,10.56348984100314,62,Male,3,1.7424533826346351
Conservatives,2019,E14000593,Brentford and Isleworth,40.77055913376272,10.56348984100314,81,Female,6,0.4931444570201528
Labour,2019,E14000593,Brentford and Isleworth,40.77055913376272,10.56348984100314,22,Male,5,1.6602378049686364
Labour,2019,E14000621,Carshalton and Wallington,38.90497471727408,13.10820167432492,42,Male,2,1.0963962548672526
Conservatives,2019,E14000621,Carshalton and Wallington,38.90497471727408,13.10820167432492,71,Female,6,0.38216485738884765
Labour,2019,E14000621,Carshalton and Wallington,38.90497471727408,13.10820167432492,40,Female,4,0.49868762562737884
Conservatives,2019,E14000621,Carshalton and Wallington,38.90497471727408,13.10820167432492,70,Male,8,
Conservatives,2019,E14000621,Carshalton and Wallington,38.90497471727408,13.10820167432492,76,Female,8,0.4931444570201528
Conservatives,2019,E14000634,Chingford and Woodford Green,37.30955541185946,15.80505734608447,48,,10,
Labour,2019,E14000634,Chingford and Woodford Green,37.30955541185946,15.80505734608447,23,Female,6,0.7551467320880759
Labour,2019,E14000634,Chingford and Woodford Green,37.30955541185946,15.80505734608447,60,Female,8,1.4132136599942111
Labour,2019,E14000634,Chingford and Woodford Green,37.30955541185946,15.80505734608447,50,Male,3,0.4282969023195312
Conservatives,2019,E14000634,Chingford and Woodford Green,37.30955541185946,15.80505734608447,88,Female,6,0.4931444570201528
Labour,2019,E14000634,Chingford and Woodford Green,37.30955541185946,15.80505734608447,80,Female,,0.554374901220495
Labour,2019,E14000634,Chingford and Woodford Green,37.30955541185946,15.80505734608447,26,Male,4,2.053403567881526
Labour,2019,E14000634,Chingford and Woodford Green,37.30955541185946,15.80505734608447,31,Male,3,1.026701783940763
Conservatives,2019,E14000634,Chingford and Woodford Green,37.30955541185946,15.80505734608447,67,Female,8,0.7643297147776953
Labour,2019,E14000634,Chingford and Woodford Green,37.30955541185946,15.80505734608447,80,Male,0,0.6094141244490412
Labour,2019,E14000634,Chingford and Woodford Green,37.30955541185946,15.80505734608447,54,Female,4,1.5584611080755435
Conservatives,2019,E14000634,Chingford and Woodford Green,37.30955541185946,15.80505734608447,72,Female,7,0.7643297147776953
Conservatives,2019,E14000636,Chipping Barnet,37.26791280040725,14.83125396300894,35,Male,8,0.8491628231065143
Labour,2019,E14000636,Chipping Barnet,37.26791280040725,14.83125396300894,29,Female,3,0.9339752349351208
Labour,2019,E14000636,Chipping Barnet,37.26791280040725,14.83125396300894,82,Male,5,0.6094141244490412
Conservatives,2019,E14000636,Chipping Barnet,37.26791280040725,14.83125396300894,82,Male,10,0.5421046242176462
Labour,2019,E14000636,Chipping Barnet,37.26791280040725,14.83125396300894,39,Female,5,0.49868762562737884
Conservatives,2019,E14000636,Chipping Barnet,37.26791280040725,14.83125396300894,73,Female,8,0.7643297147776953
Conservatives,2019,E14000636,Chipping Barnet,37.26791280040725,14.83125396300894,58,Female,6,1.4100119980631196
Labour,2019,E14000636,Chipping Barnet,37.26791280040725,14.83125396300894,54,Female,1,1.1688458310566514
Conservatives,2019,E14000639,Cities of London and Westminster,37.6809090909091,11.94181818181818,59,Male,8,0.7750001175833483
Conservatives,2019,E14000639,Cities of London and Westminster,37.6809090909091,11.94181818181818,52,Male,8,0.38099171313993374
Labour,2019,E14000654,Croydon Central,41.68780785493221,12.09450329105096,49,Female,,1.1688458310566514
Labour,2019,E14000654,Croydon Central,41.68780785493221,12.09450329105096,39,Female,3,0.8683832145117237
Labour,2019,E14000654,Croydon Central,41.68780785493221,12.09450329105096,38,Female,2,0.8683832145117237
Labour,2019,E14000656,Croydon South,36.82444130730097,15.32553782773531,49,Female,5,0.46422618378091074
Conservatives,2019,E14000656,Croydon South,36.82444130730097,15.32553782773531,65,Female,7,0.7643297147776953
Conservatives,2019,E14000656,Croydon South,36.82444130730097,15.32553782773531,44,Female,5,0.38623535071934123
Conservatives,2019,E14000656,Croydon South,36.82444130730097,15.32553782773531,29,Male,5,0.9133030601645373
Conservatives,2019,E14000657,Dagenham and Rainham,41.56332647663826,14.58614947595259,53,Female,10,0.34658245495824375
Labour,2019,E14000657,Dagenham and Rainham,41.56332647663826,14.58614947595259,,Male,3,
Labour,2019,E14000657,Dagenham and Rainham,41.56332647663826,14.58614947595259,80,Male,2,1.2188282488980824
Labour,2019,E14000673,Dulwich and West Norwood,41.3507987914096,8.67091241338134,28,Female,3,1.9430024943221929
Conservatives,2019,E14000673,Dulwich and West Norwood,41.3507987914096,8.67091241338134,56,Female,7,0.7050059990315598
Labour,2019,E14000673,Dulwich and West Norwood,41.3507987914096,8.67091241338134,58,Male,4,0.8712266913173176
Labour,2019,E14000673,Dulwich and West Norwood,41.3507987914096,8.67091241338134,32,Female,,0.4669876174675604
Labour,2019,E14000673,Dulwich and West Norwood,41.3507987914096,8.67091241338134,29,Male,3,1.026701783940763
Labour,2019,E14000673,Dulwich and West Norwood,41.3507987914096,8.67091241338134,35,Female,,0.43419160725586187
Labour,2019,E14000673,Dulwich and West Norwood,41.3507987914096,8.67091241338134,49,Female,4,0.3896152770188859
Labour,2019,E14000679,East Ham,52.3951895997117,6.540222367560497,21,Male,5,1.6602378049686364
Labour,2019,E14000679,East Ham,52.3951895997117,6.540222367560497,45,Male,1,1.0206305974975518
Labour,2019,E14000679,East Ham,52.3951895997117,6.540222367560497,57,Female,,0.47107121999807217
Labour,2019,E14000687,Edmonton,46.2827617594303,10.41861876333003,70,Male,1,1.416805919515591
Conservatives,2019,E14000687,Edmonton,46.2827617594303,10.41861876333003,68,Male,10,0.8402135863224637
Labour,2019,E14000687,Edmonton,46.2827617594303,10.41861876333003,,Female,0,
Labour,2019,E14000687,Edmonton,46.2827617594303,10.41861876333003,67,Female,1,0.429615708032242
Labour,2019,E14000687,Edmonton,46.2827617594303,10.41861876333003,82,Female,2,1.10874980244099
Labour,2019,E14000687,Edmonton,46.2827617594303,10.41861876333003,,Male,5,
Labour,2019,E14000687,Edmonton,46.2827617594303,10.41861876333003,81,Female,5,0.554374901220495
Conservatives,2019,E14000687,Edmonton,46.2827617594303,10.41861876333003,68,Male,5,0.8402135863224637
Conservatives,2019,E14000692,"Enfield, Southgate",38.1514883826037,15.0605008525587,50,Male,7,0.38099171313993374
Labour,2019,E14000692,"Enfield, Southgate",38.1514883826037,15.0605008525587,45,Male,2,0.8565938046390624
Conservatives,2019,E14000692,"Enfield, Southgate",38.1514883826037,15.0605008525587,65,Male,6,1.2603203794836921
Conservatives,2019,E14000692,"Enfield, Southgate",38.1514883826037,15.0605008525587,47,Male,6,0.7619834262798675
Conservatives,2019,E14000696,Erith and Thamesmead,44.50980926183149,9.977213098383128,25,Female,,0.8308181143993655
Labour,2019,E14000696,Erith and Thamesmead,44.50980926183149,9.977213098383128,32,Male,3,2.053403567881526
Labour,2019,E14000696,Erith and Thamesmead,44.50980926183149,9.977213098383128,40,Male,3,0.47729884162578906
Conservatives,2019,E14000696,Erith and Thamesmead,44.50980926183149,9.977213098383128,41,Male,5,0.4245814115532571
Labour,2019,E14000696,Erith and Thamesmead,44.50980926183149,9.977213098383128,50,Female,3,0.7792305540377717
Labour,2019,E14000696,Erith and Thamesmead,44.50980926183149,9.977213098383128,59,Female,1,0.39627093593896917
Labour,2019,E14000726,Hammersmith,43.42332284583375,8.693629689772997,47,Male,3,0.4282969023195312
Labour,2019,E14000726,Hammersmith,43.42332284583375,8.693629689772997,28,Male,2,0.5133508919703815
Labour,2019,E14000726,Hammersmith,43.42332284583375,8.693629689772997,,Female,4,
Conservatives,2019,E14000726,Hammersmith,43.42332284583375,8.693629689772997,81,Female,5,0.9862889140403056
Conservatives,2019,E14000726,Hammersmith,43.42332284583375,8.693629689772997,,Male,,
Conservatives,2019,E14000731,Harrow East,40.21935023756517,14.7714459189869,70,Female,8,0.7643297147776953
Conservatives,2019,E14000731,Harrow East,40.21935023756517,14.7714459189869,87,Female,8,1.479433371060454
Conservatives,2019,E14000731,Harrow East,40.21935023756517,14.7714459189869,52,Male,8,1.1429751394197867
Conservatives,2019,E14000737,Hayes and Harlington,45.93173708152869,9.737317606893482,62,Female,3,0.8380832555454069
Labour,2019,E14000737,Hayes and Harlington,45.93173708152869,9.737317606893482,25,Female,7,1.4009628524026774
Labour,2019,E14000737,Hayes and Harlington,45.93173708152869,9.737317606893482,22,Female,6,1.5102934641761518
Labour,2019,E14000737,Hayes and Harlington,45.93173708152869,9.737317606893482,25,Male,2,2.053403567881526
Labour,2019,E14000737,Hayes and Harlington,45.93173708152869,9.737317606893482,43,Female,,0.8683832145117237
Conservatives,2019,E14000737,Hayes and Harlington,45.93173708152869,9.737317606893482,77,Female,5,1.9725778280806112
Conservatives,2019,E14000737,Hayes and Harlington,45.93173708152869,9.737317606893482,57,Female,,1.4100119980631196
Labour,2019,E14000737,Hayes and Harlington,45.93173708152869,9.737317606893482,61,Female,5,1.1888128078169
Labour,2019,E14000752,Hornsey and Wood Green,39.73458297862184,9.417689694404444,49,Female,3,0.3896152770188859
Labour,2019,E14000752,Hornsey and Wood Green,39.73458297862184,9.417689694404444,37,Female,3,0.43419160725586187
Labour,2019,E14000752,Hornsey and Wood Green,39.73458297862184,9.417689694404444,59,Male,3,1.0356798421293667
Labour,2019,E14000752,Hornsey and Wood Green,39.73458297862184,9.417689694404444,24,Male,4,0.6633181096332548
Labour,2019,E14000760,Ilford South,48.01923150303355,9.334147365207768,27,Male,8,0.5133508919703815
Labour,2019,E14000760,Ilford South,48.01923150303355,9.334147365207768,27,Male,,0.5133508919703815
Conservatives,2019,E14000760,Ilford South,48.01923150303355,9.334147365207768,52,Male,3,0.4539512166883769
Conservatives,2019,E14000763,Islington North,43.63045936464061,8.59484483275184,29,Female,7,0.8308181143993655
Labour,2019,E14000763,Islington North,43.63045936464061,8.59484483275184,33,Male,2,0.5133508919703815
Conservatives,2019,E14000763,Islington North,43.63045936464061,8.59484483275184,28,Female,9,0.41540905719968274
Conservatives,2019,E14000763,Islington North,43.63045936464061,8.59484483275184,35,Female,5,0.7724707014386825
Labour,2019,E14000763,Islington North,43.63045936464061,8.59484483275184,31,Female,4,0.9339752349351208
Conservatives,2019,E14000764,Islington South and Finsbury,45.63103958852868,8.90644482543641,,Female,8,
Labour,2019,E14000764,Islington South and Finsbury,45.63103958852868,8.90644482543641,32,Female,5,1.8679504698702416
Labour,2019,E14000764,Islington South and Finsbury,45.63103958852868,8.90644482543641,48,Female,5,0.9284523675618215
Labour,2019,E14000764,Islington South and Finsbury,45.63103958852868,8.90644482543641,36,Female,4,0.43419160725586187
Labour,2019,E14000764,Islington South and Finsbury,45.63103958852868,8.90644482543641,69,Female,,0.859231416064484
Conservatives,2019,E14000764,Islington South and Finsbury,45.63103958852868,8.90644482543641,32,Female,7,0.41540905719968274
Conservatives,2019,E14000764,Islington South and Finsbury,45.63103958852868,8.90644482543641,64,Female,5,0.3525029995157799
Labour,2019,E14000764,Islington South and Finsbury,45.63103958852868,8.90644482543641,64,Male,2,1.306840036975974
Conservatives,2019,E14000787,Lewisham East,40.97998160577657,11.24689352875565,28,Female,4,1.246227171599042
Conservatives,2019,E14000787,Lewisham East,40.97998160577657,11.24689352875565,47,Female,6,0.825905245100982
Conservatives,2019,E14000787,Lewisham East,40.97998160577657,11.24689352875565,50,Male,6,0.7619834262798675
Conservatives,2019,E14000787,Lewisham East,40.97998160577657,11.24689352875565,61,Male,8,0.9212894960958325
Labour,2019,E14000787,Lewisham East,40.97998160577657,11.24689352875565,70,Male,3,0.944537279677065
Labour,2019,E14000788,Lewisham West and Penge,39.25542252790278,10.16104837111885,38,Female,2,0.43419160725586187
Labour,2019,E14000788,Lewisham West and Penge,39.25542252790278,10.16104837111885,91,Male,8,1.2188282488980824
Conservatives,2019,E14000788,Lewisham West and Penge,39.25542252790278,10.16104837111885,51,Female,5,0.412952622550491
Labour,2019,E14000788,Lewisham West and Penge,39.25542252790278,10.16104837111885,57,Female,3,1.4132136599942111
Labour,2019,E14000788,Lewisham West and Penge,39.25542252790278,10.16104837111885,43,Female,3,1.7367664290234475
Conservatives,2019,E14000788,Lewisham West and Penge,39.25542252790278,10.16104837111885,71,Male,7,1.6804271726449274
Labour,2019,E14000788,Lewisham West and Penge,39.25542252790278,10.16104837111885,45,Female,4,0.7792305540377717
Conservatives,2019,E14000788,Lewisham West and Penge,39.25542252790278,10.16104837111885,46,Male,5,0.9079024333767538
Labour,2019,E14000788,Lewisham West and Penge,39.25542252790278,10.16104837111885,30,Male,4,1.026701783940763
Conservatives,2019,E14000872,Orpington,33.89461329240353,19.59213154716896,74,Male,6,0.8402135863224637
Conservatives,2019,E14000872,Orpington,33.89461329240353,19.59213154716896,51,Female,,1.238857867651467
Conservatives,2019,E14000872,Orpington,33.89461329240353,19.59213154716896,42,Female,10,0.8872156290671163
Conservatives,2019,E14000872,Orpington,33.89461329240353,19.59213154716896,66,Male,5,0.42010679316123184
Conservatives,2019,E14000872,Orpington,33.89461329240353,19.59213154716896,70,Male,7,0.8402135863224637
Conservatives,2019,E14000872,Orpington,33.89461329240353,19.59213154716896,56,Female,5,0.7050059990315598
Conservatives,2019,E14000872,Orpington,33.89461329240353,19.59213154716896,86,Male,8,0.5421046242176462
Conservatives,2019,E14000872,Orpington,33.89461329240353,19.59213154716896,66,Male,5,0.42010679316123184
Conservatives,2019,E14000882,Poplar and Limehouse,51.24237834479009,5.475164084042099,23,Male,5,0.3692163322388286
Labour,2019,E14000882,Poplar and Limehouse,51.24237834479009,5.475164084042099,45,Male,2,1.530945896246345
Labour,2019,E14000882,Poplar and Limehouse,51.24237834479009,5.475164084042099,72,Male,0,0.4722686398385325
Conservatives,2019,E14000882,Poplar and Limehouse,51.24237834479009,5.475164084042099,54,Female,6,0.34658245495824375
Conservatives,2019,E14000882,Poplar and Limehouse,51.24237834479009,5.475164084042099,32,Male,5,0.9133030601645373
Labour,2019,E14000882,Poplar and Limehouse,51.24237834479009,5.475164084042099,42,Female,2,0.43419160725586187
Conservatives,2019,E14000882,Poplar and Limehouse,51.24237834479009,5.475164084042099,63,Female,7,1.4100119980631196
Labour,2019,E14000896,Richmond Park,36.30676274754806,13.31667322800952,,Male,0,
Conservatives,2019,E14000896,Richmond Park,36.30676274754806,13.31667322800952,67,Male,6,0.42010679316123184
Conservatives,2019,E14000896,Richmond Park,36.30676274754806,13.31667322800952,47,Female,8,0.6931649099164875
Conservatives,2019,E14000896,Richmond Park,36.30676274754806,13.31667322800952,46,Male,7,0.7619834262798675
Conservatives,2019,E14000896,Richmond Park,36.30676274754806,13.31667322800952,54,Female,5,0.6931649099164875
Conservatives,2019,E14000900,Romford,37.51225311281206,16.27839072309008,29,Male,7,0.47499924451826026
Conservatives,2019,E14000900,Romford,37.51225311281206,16.27839072309008,52,Male,3,0.9079024333767538
Labour,2019,E14000900,Romford,37.51225311281206,16.27839072309008,37,Male,2,0.9545976832515781
Labour,2019,E14000900,Romford,37.51225311281206,16.27839072309008,49,Male,3,1.2848907069585938
Labour,2019,E14000900,Romford,37.51225311281206,16.27839072309008,23,Female,4,1.132720098132103
Conservatives,2019,E14000900,Romford,37.51225311281206,16.27839072309008,35,Female,7,0.8872156290671163
Labour,2019,E14000998,Tooting,43.11628777247638,8.491907568528394,,Female,3,
Labour,2019,E14000998,Tooting,43.11628777247638,8.491907568528394,55,Male,2,1.7424533826346351
Labour,2019,E14000998,Tooting,43.11628777247638,8.491907568528394,42,Male,7,0.9545976832515781
Labour,2019,E14001002,Tottenham,46.68090407545827,8.14936898875709,64,Female,,0.7925418718779383
Labour,2019,E14001002,Tottenham,46.68090407545827,8.14936898875709,53,Female,4,0.7792305540377717
Labour,2019,E14001002,Tottenham,46.68090407545827,8.14936898875709,25,Female,0,0.9339752349351208
Conservatives,2019,E14001002,Tottenham,46.68090407545827,8.14936898875709,32,Female,6,0.41540905719968274
Labour,2019,E14001002,Tottenham,46.68090407545827,8.14936898875709,75,Male,,1.2188282488980824
Conservatives,2019,E14001005,Twickenham,35.9494483164293,13.1967344610613,56,Male,7,0.7750001175833483
Conservatives,2019,E14001005,Twickenham,35.9494483164293,13.1967344610613,78,Female,7,0.4931444570201528
Labour,2019,E14001013,Walthamstow,45.24235370248869,8.168034297115842,42,Male,3,1.4318965248773605
Conservatives,2019,E14001013,Walthamstow,45.24235370248869,8.168034297115842,60,Male,10,0.7750001175833483
Labour,2019,E14001013,Walthamstow,45.24235370248869,8.168034297115842,54,Female,5,1.5584611080755435
Labour,2019,E14001013,Walthamstow,45.24235370248869,8.168034297115842,63,Female,1,0.7925418718779383
Labour,2019,E14001013,Walthamstow,45.24235370248869,8.168034297115842,62,Male,3,1.0356798421293667
Labour,2019,E14001013,Walthamstow,45.24235370248869,8.168034297115842,34,Female,5,1.8679504698702416
Labour,2019,E14001032,West Ham,51.0484248333776,6.824878906299403,47,Female,5,0.3896152770188859
Labour,2019,E14001032,West Ham,51.0484248333776,6.824878906299403,35,Female,10,1.4960628768821336
Labour,2019,E14001032,West Ham,51.0484248333776,6.824878906299403,49,Female,7,0.3896152770188859
Labour,2019,E14001032,West Ham,51.0484248333776,6.824878906299403,26,Male,,2.13590687686759
Labour,2019,E14001032,West Ham,51.0484248333776,6.824878906299403,53,Female,5,1.856904735123643
Labour,2019,E14001032,West Ham,51.0484248333776,6.824878906299403,40,Female,,
Labour,2019,E14001040,Wimbledon,37.14819233362726,12.31910368795062,62,Male,5,0.8712266913173176
Conservatives,2019,E14001040,Wimbledon,37.14819233362726,12.31910368795062,36,Male,4,0.8491628231065143
Conservatives,2019,E14001040,Wimbledon,37.14819233362726,12.31910368795062,49,Male,5,0.38099171313993374
Labour,2019,E14001040,Wimbledon,37.14819233362726,12.31910368795062,55,Male,5,0.8712266913173176
Conservatives,2019,E14001040,Wimbledon,37.14819233362726,12.31910368795062,60,Female,6,0.7050059990315598
Conservatives,2019,E14001040,Wimbledon,37.14819233362726,12.31910368795062,88,Male,8,0.5421046242176462
Conservatives,2019,E14001040,Wimbledon,37.14819233362726,12.31910368795062,30,Male,6,0.9133030601645373
Labour,2019,E14000575,Blyth Valley,34.54133910969406,17.12098717355855,47,Female,2,0.37849837154423893
Conservatives,2019,E14000575,Blyth Valley,34.54133910969406,17.12098717355855,77,Female,5,0.4020763594116577
Labour,2019,E14000575,Blyth Valley,34.54133910969406,17.12098717355855,71,Female,5,0.35027934994026755
Labour,2019,E14000575,Blyth Valley,34.54133910969406,17.12098717355855,61,Female,5,0.7681586945331631
Conservatives,2019,E14000709,Gateshead,38.66738619770173,15.53552155418704,67,Male,5,0.3425264292314063
Labour,2019,E14000709,Gateshead,38.66738619770173,15.53552155418704,39,Female,,
Labour,2019,E14000709,Gateshead,38.66738619770173,15.53552155418704,41,Female,3,0.4065958810679813
Labour,2019,E14000709,Gateshead,38.66738619770173,15.53552155418704,61,Female,,1.5363173890663262
Conservatives,2019,E14000709,Gateshead,38.66738619770173,15.53552155418704,75,Male,9,0.8839902816417557
Conservatives,2019,E14000709,Gateshead,38.66738619770173,15.53552155418704,78,Female,8,0.8041527188233154
Conservatives,2019,E14000709,Gateshead,38.66738619770173,15.53552155418704,49,Male,5,0.740241728192415
Conservatives,2019,E14000709,Gateshead,38.66738619770173,15.53552155418704,55,Male,,0.7511566261795696
Labour,2019,E14000746,Hexham,29.71299648460045,21.9948580723018,39,Male,1,0.7783138504767032
Conservatives,2019,E14000746,Hexham,29.71299648460045,21.9948580723018,55,Female,5,0.6833159320288069
Labour,2019,E14000746,Hexham,29.71299648460045,21.9948580723018,33,Male,1,0.8371026169143194
Conservatives,2019,E14000746,Hexham,29.71299648460045,21.9948580723018,62,Male,8,0.7511566261795696
Labour,2019,E14000746,Hexham,29.71299648460045,21.9948580723018,53,Male,4,0.6984081714007364
Labour,2019,E14000746,Hexham,29.71299648460045,21.9948580723018,49,Female,3,0.31766572639082863
Labour,2019,E14000746,Hexham,29.71299648460045,21.9948580723018,52,Female,2,0.6353314527816573
Labour,2019,E14000746,Hexham,29.71299648460045,21.9948580723018,88,Male,3,0.9937494340426164
Conservatives,2019,E14000746,Hexham,29.71299648460045,21.9948580723018,51,Male,6,0.6212693210056862
Labour,2019,E14000765,Jarrow,34.63007446552967,17.82969012731204,56,Male,2,1.6888454265740798
Conservatives,2019,E14000765,Jarrow,34.63007446552967,17.82969012731204,76,Male,6,1.7679805632835115
Labour,2019,E14000765,Jarrow,34.63007446552967,17.82969012731204,65,Female,4,1.4011173997610702
Labour,2019,E14000765,Jarrow,34.63007446552967,17.82969012731204,28,Female,1,0.7614997125031364
Conservatives,2019,E14000819,Middlesbrough,44.23693602514249,13.93703723432589,76,Male,6,0.8839902816417557
Labour,2019,E14000819,Middlesbrough,44.23693602514249,13.93703723432589,23,Male,5,1.0816487009292728
Labour,2019,E14000819,Middlesbrough,44.23693602514249,13.93703723432589,32,Female,4,0.3960479318603151
Conservatives,2019,E14000819,Middlesbrough,44.23693602514249,13.93703723432589,58,Male,10,1.126734939269342
Labour,2019,E14000819,Middlesbrough,44.23693602514249,13.93703723432589,37,Male,3,0.7783138504767032
Labour,2019,E14000819,Middlesbrough,44.23693602514249,13.93703723432589,32,Female,4,0.7920958637206302
Conservatives,2019,E14000819,Middlesbrough,44.23693602514249,13.93703723432589,60,Female,3,1.0249738980432073
Conservatives,2019,E14000819,Middlesbrough,44.23693602514249,13.93703723432589,66,Male,8,0.6850528584628126
Conservatives,2019,E14000820,Middlesbrough South and East Cleveland,34.62284273802598,18.57022816883201,58,Male,5,0.7511566261795696
Conservatives,2019,E14000820,Middlesbrough South and East Cleveland,34.62284273802598,18.57022816883201,46,Male,6,0.6212693210056862
Conservatives,2019,E14000820,Middlesbrough South and East Cleveland,34.62284273802598,18.57022816883201,55,Female,8,0.8622207187530185
Conservatives,2019,E14000820,Middlesbrough South and East Cleveland,34.62284273802598,18.57022816883201,47,Female,5,0.6733868128129921
Conservatives,2019,E14000820,Middlesbrough South and East Cleveland,34.62284273802598,18.57022816883201,68,Male,5,0.3425264292314063
Labour,2019,E14000820,Middlesbrough South and East Cleveland,34.62284273802598,18.57022816883201,62,Female,3,0.6461845935600937
Conservatives,2019,E14000820,Middlesbrough South and East Cleveland,34.62284273802598,18.57022816883201,85,Female,7,0.4020763594116577
Conservatives,2019,E14000820,Middlesbrough South and East Cleveland,34.62284273802598,18.57022816883201,55,Female,5,1.149627625004019
Labour,2019,E14000832,Newcastle Upon Tyne East,52.66296331167812,11.39357038989842,76,Male,5,1.9874988680852328
Labour,2019,E14000832,Newcastle Upon Tyne East,52.66296331167812,11.39357038989842,32,Female,,0.7920958637206302
Conservatives,2019,E14000832,Newcastle Upon Tyne East,52.66296331167812,11.39357038989842,58,Female,2,1.3666318640576138
Conservatives,2019,E14000832,Newcastle Upon Tyne East,52.66296331167812,11.39357038989842,53,Female,7,1.3467736256259841
Labour,2019,E14000832,Newcastle Upon Tyne East,52.66296331167812,11.39357038989842,67,Male,3,0.38505564174436824
Labour,2019,E14000832,Newcastle Upon Tyne East,52.66296331167812,11.39357038989842,86,Female,,0.4519994878961536
Conservatives,2019,E14000832,Newcastle Upon Tyne East,52.66296331167812,11.39357038989842,76,Male,7,1.7679805632835115
Labour,2019,E14000832,Newcastle Upon Tyne East,52.66296331167812,11.39357038989842,71,Male,3,1.540222566977473
Labour,2019,E14000832,Newcastle Upon Tyne East,52.66296331167812,11.39357038989842,87,Female,3,0.4519994878961536
Labour,2019,E14000832,Newcastle Upon Tyne East,52.66296331167812,11.39357038989842,60,Female,4,0.38407934726658155
Labour,2019,E14000832,Newcastle Upon Tyne East,52.66296331167812,11.39357038989842,76,Male,4,0.4968747170213082
Labour,2019,E14000833,Newcastle Upon Tyne North,35.67963034270312,18.05159799768964,72,Male,1,0.7701112834887365
Conservatives,2019,E14000833,Newcastle Upon Tyne North,35.67963034270312,18.05159799768964,80,Male,6,0.8839902816417557
Labour,2019,E14000833,Newcastle Upon Tyne North,35.67963034270312,18.05159799768964,34,Female,4,0.7614997125031364
Conservatives,2019,E14000833,Newcastle Upon Tyne North,35.67963034270312,18.05159799768964,80,Male,4,1.3259854224626264
Conservatives,2019,E14000833,Newcastle Upon Tyne North,35.67963034270312,18.05159799768964,54,Male,7,0.6212693210056862
Conservatives,2019,E14000833,Newcastle Upon Tyne North,35.67963034270312,18.05159799768964,56,Female,,0.6833159320288069
Conservatives,2019,E14000833,Newcastle Upon Tyne North,35.67963034270312,18.05159799768964,75,Female,5,0.8041527188233154
Conservatives,2019,E14000856,North West Durham,32.94108707215666,18.6237366884139,55,Female,7,0.5748138125020095
Labour,2019,E14000856,North West Durham,32.94108707215666,18.6237366884139,47,Male,6,0.4160762927618139
Conservatives,2019,E14000856,North West Durham,32.94108707215666,18.6237366884139,61,Male,5,0.3159411216993387
Labour,2019,E14000856,North West Durham,32.94108707215666,18.6237366884139,69,Female,3,0.35027934994026755
Conservatives,2019,E14000856,North West Durham,32.94108707215666,18.6237366884139,71,Female,5,0.6231823246375996
Labour,2019,E14000856,North West Durham,32.94108707215666,18.6237366884139,55,Male,5,1.0655082439245984
Labour,2019,E14000856,North West Durham,32.94108707215666,18.6237366884139,50,Male,2,1.2482288782854303
Conservatives,2019,E14000856,North West Durham,32.94108707215666,18.6237366884139,60,Female,7,0.5748138125020095
Labour,2019,E14000891,Redcar,35.74075352712376,19.12932403507561,39,Female,0,0.8131917621359626
Conservatives,2019,E14000891,Redcar,35.74075352712376,19.12932403507561,59,Male,5,0.3755783130897848
Conservatives,2019,E14000891,Redcar,35.74075352712376,19.12932403507561,55,Female,8,0.6833159320288069
Conservatives,2019,E14000891,Redcar,35.74075352712376,19.12932403507561,61,Male,10,0.6318822433986774
Conservatives,2019,E14000891,Redcar,35.74075352712376,19.12932403507561,48,Male,5,1.1103625922886204
Labour,2019,E14000891,Redcar,35.74075352712376,19.12932403507561,28,Female,4,0.7920958637206302
Conservatives,2019,E14000891,Redcar,35.74075352712376,19.12932403507561,52,Male,5,1.1103625922886204
Conservatives,2019,E14000915,Sedgefield,33.80142687277051,18.40071343638526,67,Male,5,0.3425264292314063
Conservatives,2019,E14000915,Sedgefield,33.80142687277051,18.40071343638526,,Male,5,
Labour,2019,E14000915,Sedgefield,33.80142687277051,18.40071343638526,78,Female,,0.4519994878961536
Labour,2019,E14000944,South Shields,35.29661943762607,18.3245437091404,62,Male,10,0.42221135664351994
Labour,2019,E14000944,South Shields,35.29661943762607,18.3245437091404,32,Female,,0.3960479318603151
Conservatives,2019,E14000944,South Shields,35.29661943762607,18.3245437091404,47,Male,8,1.1103625922886204
Conservatives,2019,E14000944,South Shields,35.29661943762607,18.3245437091404,81,Female,,0.4020763594116577
Labour,2019,E14000944,South Shields,35.29661943762607,18.3245437091404,19,Female,3,0.9839596223259034
Labour,2019,E14000982,Sunderland Central,37.40101116283726,17.19877859538469,39,Male,6,0.7783138504767032
Labour,2019,E14000982,Sunderland Central,37.40101116283726,17.19877859538469,37,Female,3,0.7080204522116267
Labour,2019,E14000982,Sunderland Central,37.40101116283726,17.19877859538469,41,Male,2,0.8939267355723115
Labour,2019,E14000982,Sunderland Central,37.40101116283726,17.19877859538469,88,Male,5,0.9937494340426164
Labour,2019,E14000982,Sunderland Central,37.40101116283726,17.19877859538469,64,Female,2,0.32309229678004686
Labour,2019,E14000982,Sunderland Central,37.40101116283726,17.19877859538469,49,Female,1,0.31766572639082863
Labour,2019,E14000982,Sunderland Central,37.40101116283726,17.19877859538469,29,Female,1,0.7920958637206302
Labour,2019,E14001006,Tynemouth,32.65221397543515,18.75575896880284,38,Male,3,0.3891569252383516
Labour,2019,E14001006,Tynemouth,32.65221397543515,18.75575896880284,34,Male,,1.7414728055194548
Labour,2019,E14001006,Tynemouth,32.65221397543515,18.75575896880284,40,Male,6,0.8939267355723115
Conservatives,2019,E14001006,Tynemouth,32.65221397543515,18.75575896880284,59,Female,,0.6833159320288069
Labour,2019,E14001006,Tynemouth,32.65221397543515,18.75575896880284,,Female,3,
Labour,2019,E14001006,Tynemouth,32.65221397543515,18.75575896880284,30,Female,0,1.5229994250062728
Conservatives,2019,E14001006,Tynemouth,32.65221397543515,18.75575896880284,48,Female,5,0.6733868128129921
Labour,2019,E14001006,Tynemouth,32.65221397543515,18.75575896880284,24,Female,3,0.4919798111629517
Conservatives,2019,E14001006,Tynemouth,32.65221397543515,18.75575896880284,22,Female,7,0.5476919106386738
Labour,2019,E14000532,Altrincham and Sale West,34.68128500584941,17.18897205743806,45,Female,4,0.8449401617372058
Labour,2019,E14000532,Altrincham and Sale West,34.68128500584941,17.18897205743806,47,Female,1,0.7091405152945638
Conservatives,2019,E14000532,Altrincham and Sale West,34.68128500584941,17.18897205743806,63,Male,3,1.2576323617153689
Labour,2019,E14000532,Altrincham and Sale West,34.68128500584941,17.18897205743806,23,Male,2,1.5109031421140957
Labour,2019,E14000532,Altrincham and Sale West,34.68128500584941,17.18897205743806,80,Male,3,1.1091973845230656
Labour,2019,E14000532,Altrincham and Sale West,34.68128500584941,17.18897205743806,50,Male,6,1.559090230413206
Labour,2019,E14000532,Altrincham and Sale West,34.68128500584941,17.18897205743806,19,Female,3,0.5491351250990467
Conservatives,2019,E14000532,Altrincham and Sale West,34.68128500584941,17.18897205743806,44,Male,7,1.5455650675565094
Conservatives,2019,E14000543,Barrow and Furness,32.99371805552428,19.71269673293855,29,Female,8,0.7864666010843733
Conservatives,2019,E14000543,Barrow and Furness,32.99371805552428,19.71269673293855,85,Male,5,0.9866870608942708
Conservatives,2019,E14000543,Barrow and Furness,32.99371805552428,19.71269673293855,72,Male,5,0.7646382607493681
Conservatives,2019,E14000543,Barrow and Furness,32.99371805552428,19.71269673293855,83,Female,6,0.4487872203596606
Labour,2019,E14000543,Barrow and Furness,32.99371805552428,19.71269673293855,66,Female,4,0.39097273970324353
Conservatives,2019,E14000543,Barrow and Furness,32.99371805552428,19.71269673293855,69,Female,7,0.34778998653467225
Labour,2019,E14000543,Barrow and Furness,32.99371805552428,19.71269673293855,33,Female,5,1.6999325191813457
Conservatives,2019,E14000543,Barrow and Furness,32.99371805552428,19.71269673293855,69,Female,7,0.6955799730693445
Labour,2019,E14000543,Barrow and Furness,32.99371805552428,19.71269673293855,65,Male,3,0.4297891360614255
Conservatives,2019,E14000543,Barrow and Furness,32.99371805552428,19.71269673293855,,Female,5,
Conservatives,2019,E14000572,Blackpool North and Cleveleys,32.37999304481299,22.16306316029308,59,Female,8,0.7626995484425125
Labour,2019,E14000572,Blackpool North and Cleveleys,32.37999304481299,22.16306316029308,63,Female,5,0.8573988428941379
Conservatives,2019,E14000572,Blackpool North and Cleveleys,32.37999304481299,22.16306316029308,49,Male,6,0.4131193239958438
Labour,2019,E14000572,Blackpool North and Cleveleys,32.37999304481299,22.16306316029308,38,Female,4,0.7902740941317683
Labour,2019,E14000572,Blackpool North and Cleveleys,32.37999304481299,22.16306316029308,75,Female,,1.009020247167614
Conservatives,2019,E14000572,Blackpool North and Cleveleys,32.37999304481299,22.16306316029308,71,Male,5,0.7646382607493681
Conservatives,2019,E14000578,Bolton North East,38.97342792376794,15.86663588279741,71,Female,7,0.34778998653467225
Conservatives,2019,E14000578,Bolton North East,38.97342792376794,15.86663588279741,67,Male,5,0.7646382607493681
Conservatives,2019,E14000578,Bolton North East,38.97342792376794,15.86663588279741,68,Female,6,0.34778998653467225
Labour,2019,E14000578,Bolton North East,38.97342792376794,15.86663588279741,21,Female,5,0.6872229790542667
Conservatives,2019,E14000578,Bolton North East,38.97342792376794,15.86663588279741,48,Female,9,0.9462244239304992
Conservatives,2019,E14000578,Bolton North East,38.97342792376794,15.86663588279741,83,Female,8,0.4487872203596606
Conservatives,2019,E14000579,Bolton South East,42.24399736601571,13.80876094626869,24,Female,3,1.4654502350384417
Labour,2019,E14000579,Bolton South East,42.24399736601571,13.80876094626869,33,Female,4,0.44205844563670627
Conservatives,2019,E14000579,Bolton South East,42.24399736601571,13.80876094626869,52,Male,6,1.6524772959833751
Labour,2019,E14000579,Bolton South East,42.24399736601571,13.80876094626869,50,Female,6,1.2674102426058105
Labour,2019,E14000579,Bolton South East,42.24399736601571,13.80876094626869,39,Female,3,0.39513704706588415
Labour,2019,E14000579,Bolton South East,42.24399736601571,13.80876094626869,62,Female,3,0.8573988428941379
Labour,2019,E14000579,Bolton South East,42.24399736601571,13.80876094626869,18,Male,2,1.810962405024265
Labour,2019,E14000580,Bolton West,35.01581625636089,16.61394581213038,18,Female,6,1.0982702501980934
Conservatives,2019,E14000580,Bolton West,35.01581625636089,16.61394581213038,29,Female,7,0.39323330054218664
Conservatives,2019,E14000580,Bolton West,35.01581625636089,16.61394581213038,47,Female,7,0.751616922694492
Conservatives,2019,E14000580,Bolton West,35.01581625636089,16.61394581213038,75,Female,7,0.4487872203596606
Conservatives,2019,E14000580,Bolton West,35.01581625636089,16.61394581213038,88,Male,7,0.4933435304471354
Conservatives,2019,E14000580,Bolton West,35.01581625636089,16.61394581213038,41,Male,7,1.7751475636842051
Conservatives,2019,E14000580,Bolton West,35.01581625636089,16.61394581213038,75,Male,7,0.9866870608942708
Conservatives,2019,E14000580,Bolton West,35.01581625636089,16.61394581213038,68,Female,0,0.6955799730693445
Conservatives,2019,E14000580,Bolton West,35.01581625636089,16.61394581213038,65,Male,5,0.7646382607493681
Labour,2019,E14000580,Bolton West,35.01581625636089,16.61394581213038,49,Female,3,1.6898803234744115
Labour,2019,E14000609,Burnley,37.81228821833469,16.23496709128293,31,Male,2,0.4671761318552706
Labour,2019,E14000609,Burnley,37.81228821833469,16.23496709128293,62,Male,,0.9425227657233547
Conservatives,2019,E14000609,Burnley,37.81228821833469,16.23496709128293,84,Female,,0.4487872203596606
Conservatives,2019,E14000609,Burnley,37.81228821833469,16.23496709128293,35,Male,5,0.8875737818421026
Labour,2019,E14000609,Burnley,37.81228821833469,16.23496709128293,29,Female,5,0.8841168912734125
Conservatives,2019,E14000609,Burnley,37.81228821833469,16.23496709128293,61,Female,,0.7626995484425125
Conservatives,2019,E14000609,Burnley,37.81228821833469,16.23496709128293,73,Female,,0.6955799730693445
Labour,2019,E14000611,Bury North,36.44545850627163,16.31199981655163,46,Female,,0.3545702576472819
Labour,2019,E14000611,Bury North,36.44545850627163,16.31199981655163,72,Female,5,0.7819454794064871
Conservatives,2019,E14000611,Bury North,36.44545850627163,16.31199981655163,59,Female,7,0.38134977422125627
Conservatives,2019,E14000611,Bury North,36.44545850627163,16.31199981655163,44,Female,5,0.35149434812949315
Labour,2019,E14000611,Bury North,36.44545850627163,16.31199981655163,51,Female,3,0.3545702576472819
Conservatives,2019,E14000611,Bury North,36.44545850627163,16.31199981655163,19,Male,6,2.1479232914848514
Labour,2019,E14000611,Bury North,36.44545850627163,16.31199981655163,55,Female,,1.2860982643412047
Labour,2019,E14000611,Bury North,36.44545850627163,16.31199981655163,45,Female,5,0.7091405152945638
Labour,2019,E14000611,Bury North,36.44545850627163,16.31199981655163,67,Male,2,0.859578272122851
Labour,2019,E14000612,Bury South,37.58304204738251,15.65074303468858,63,Female,5,0.8573988428941379
Labour,2019,E14000612,Bury South,37.58304204738251,15.65074303468858,32,Female,5,1.6999325191813457
Conservatives,2019,E14000612,Bury South,37.58304204738251,15.65074303468858,72,Male,7,0.38231913037468407
Labour,2019,E14000612,Bury South,37.58304204738251,15.65074303468858,57,Male,3,0.7928618065831082
Labour,2019,E14000612,Bury South,37.58304204738251,15.65074303468858,48,Male,7,1.857654333712736
Labour,2019,E14000612,Bury South,37.58304204738251,15.65074303468858,45,Female,4,0.7091405152945638
Labour,2019,E14000612,Bury South,37.58304204738251,15.65074303468858,62,Male,,
Labour,2019,E14000612,Bury South,37.58304204738251,15.65074303468858,22,Female,2,1.030834468581391
Conservatives,2019,E14000612,Bury South,37.58304204738251,15.65074303468858,63,Female,7,1.1440493226637618
Conservatives,2019,E14000612,Bury South,37.58304204738251,15.65074303468858,76,Male,6,0.9866870608942708
Labour,2019,E14000620,Carlisle,35.78199327742821,17.82877214203468,70,Male,4,0.4297891360614255
Conservatives,2019,E14000620,Carlisle,35.78199327742821,17.82877214203468,34,Female,5,0.7560878904302633
Labour,2019,E14000620,Carlisle,35.78199327742821,17.82877214203468,69,Female,8,0.7819454794064871
Labour,2019,E14000620,Carlisle,35.78199327742821,17.82877214203468,40,Male,3,0.9977778734609465
Conservatives,2019,E14000620,Carlisle,35.78199327742821,17.82877214203468,57,Male,5,0.8384215744769168
Conservatives,2019,E14000620,Carlisle,35.78199327742821,17.82877214203468,71,Female,5,0.6955799730693445
Conservatives,2019,E14000620,Carlisle,35.78199327742821,17.82877214203468,63,Female,6,0.7626995484425125
Conservatives,2019,E14000620,Carlisle,35.78199327742821,17.82877214203468,66,Male,6,0.7646382607493681
Conservatives,2019,E14000620,Carlisle,35.78199327742821,17.82877214203468,56,Male,7,0.4192107872384584
Conservatives,2019,E14000640,City of Chester,36.85359427926232,17.8848325178773,20,Male,7,2.1479232914848514
Conservatives,2019,E14000640,City of Chester,36.85359427926232,17.8848325178773,39,Male,5,0.4437868909210513
Labour,2019,E14000640,City of Chester,36.85359427926232,17.8848325178773,26,Female,4,0.4249831297953364
Labour,2019,E14000640,City of Chester,36.85359427926232,17.8848325178773,51,Female,3,1.4182810305891276
Conservatives,2019,E14000640,City of Chester,36.85359427926232,17.8848325178773,42,Female,8,1.4059773925179726
Labour,2019,E14000640,City of Chester,36.85359427926232,17.8848325178773,23,Male,0,1.5109031421140957
Labour,2019,E14000640,City of Chester,36.85359427926232,17.8848325178773,54,Male,4,1.559090230413206
Labour,2019,E14000640,City of Chester,36.85359427926232,17.8848325178773,,Male,6,
Labour,2019,E14000653,Crewe and Nantwich,37.12932665864959,16.70162485667142,83,Female,4,0.504510123583807
Conservatives,2019,E14000686,Eddisbury,32.18852545163664,19.78676444828513,66,Male,5,0.7646382607493681
Conservatives,2019,E14000686,Eddisbury,32.18852545163664,19.78676444828513,78,Male,8,0.4933435304471354
Conservatives,2019,E14000686,Eddisbury,32.18852545163664,19.78676444828513,74,Male,9,0.7646382607493681
Conservatives,2019,E14000686,Eddisbury,32.18852545163664,19.78676444828513,50,Female,,1.503233845388984
Labour,2019,E14000686,Eddisbury,32.18852545163664,19.78676444828513,52,Male,4,0.779545115206603
Conservatives,2019,E14000686,Eddisbury,32.18852545163664,19.78676444828513,,Male,10,
Conservatives,2019,E14000686,Eddisbury,32.18852545163664,19.78676444828513,72,Male,6,0.38231913037468407
Labour,2019,E14000686,Eddisbury,32.18852545163664,19.78676444828513,59,Male,2,1.1892927098746517
Labour,2019,E14000686,Eddisbury,32.18852545163664,19.78676444828513,26,Male,3,0.4671761318552706
Conservatives,2019,E14000686,Eddisbury,32.18852545163664,19.78676444828513,54,Male,8,0.4131193239958438
Conservatives,2019,E14000686,Eddisbury,32.18852545163664,19.78676444828513,45,Male,4,0.6934447279538123
Conservatives,2019,E14000708,Garston and Halewood,36.19660787946405,17.60443002343982,42,Female,2,1.0544830443884738
Labour,2019,E14000708,Garston and Halewood,36.19660787946405,17.60443002343982,44,Female,,1.8153271735865748
Conservatives,2019,E14000708,Garston and Halewood,36.19660787946405,17.60443002343982,92,Female,10,0.8975744407193212
Labour,2019,E14000708,Garston and Halewood,36.19660787946405,17.60443002343982,67,Male,2,0.4297891360614255
Conservatives,2019,E14000708,Garston and Halewood,36.19660787946405,17.60443002343982,60,Male,5,0.4192107872384584
Conservatives,2019,E14000725,Halton,37.65987683562292,15.65450813200695,40,Female,5,1.0544830443884738
Labour,2019,E14000725,Halton,37.65987683562292,15.65450813200695,19,Male,2,1.2073082700161692
Labour,2019,E14000725,Halton,37.65987683562292,15.65450813200695,49,Female,5,
Labour,2019,E14000725,Halton,37.65987683562292,15.65450813200695,66,Female,4,0.7819454794064871
Labour,2019,E14000725,Halton,37.65987683562292,15.65450813200695,19,Female,,2.196540500396187
Labour,2019,E14000725,Halton,37.65987683562292,15.65450813200695,68,Male,3,0.4297891360614255
Labour,2019,E14000725,Halton,37.65987683562292,15.65450813200695,64,Male,4,1.1892927098746517
Labour,2019,E14000747,Heywood and Middleton,37.11956417117447,16.00573661616648,23,Female,2,1.030834468581391
Conservatives,2019,E14000747,Heywood and Middleton,37.11956417117447,16.00573661616648,,Male,5,
Conservatives,2019,E14000747,Heywood and Middleton,37.11956417117447,16.00573661616648,71,Male,7,0.7646382607493681
Labour,2019,E14000747,Heywood and Middleton,37.11956417117447,16.00573661616648,31,Female,,0.8841168912734125
Conservatives,2019,E14000747,Heywood and Middleton,37.11956417117447,16.00573661616648,48,Female,7,0.3154081413101664
Labour,2019,E14000747,Heywood and Middleton,37.11956417117447,16.00573661616648,53,Female,0,1.4182810305891276
Conservatives,2019,E14000747,Heywood and Middleton,37.11956417117447,16.00573661616648,44,Female,,1.4059773925179726
Conservatives,2019,E14000775,Knowsley,38.63439514964873,15.77903955345972,72,Female,5,0.6955799730693445
Labour,2019,E14000775,Knowsley,38.63439514964873,15.77903955345972,39,Female,5,0.39513704706588415
Labour,2019,E14000775,Knowsley,38.63439514964873,15.77903955345972,62,Female,5,1.2860982643412047
Conservatives,2019,E14000775,Knowsley,38.63439514964873,15.77903955345972,68,Male,5,1.5292765214987363
Conservatives,2019,E14000776,Lancaster and Fleetwood,42.69013271783035,17.12175418349683,62,Female,4,1.525399096885025
Conservatives,2019,E14000776,Lancaster and Fleetwood,42.69013271783035,17.12175418349683,54,Male,7,0.8262386479916876
Conservatives,2019,E14000776,Lancaster and Fleetwood,42.69013271783035,17.12175418349683,55,Female,5,0.7626995484425125
Conservatives,2019,E14000776,Lancaster and Fleetwood,42.69013271783035,17.12175418349683,,Male,5,
Conservatives,2019,E14000776,Lancaster and Fleetwood,42.69013271783035,17.12175418349683,64,Female,7,0.7626995484425125
Labour,2019,E14000793,"Liverpool, Riverside",52.19021928297946,10.25408980160111,54,Male,,0.464413583428184
Labour,2019,E14000793,"Liverpool, Riverside",52.19021928297946,10.25408980160111,36,Male,0,0.49888893673047324
Conservatives,2019,E14000793,"Liverpool, Riverside",52.19021928297946,10.25408980160111,71,Male,7,0.7646382607493681
Labour,2019,E14000793,"Liverpool, Riverside",52.19021928297946,10.25408980160111,25,Female,3,0.8499662595906728
Labour,2019,E14000793,"Liverpool, Riverside",52.19021928297946,10.25408980160111,24,Female,4,0.6872229790542667
Conservatives,2019,E14000805,Makerfield,35.65609661717684,16.45485835319036,80,Female,5,0.4487872203596606
Labour,2019,E14000805,Makerfield,35.65609661717684,16.45485835319036,69,Male,6,0.859578272122851
Conservatives,2019,E14000805,Makerfield,35.65609661717684,16.45485835319036,50,Male,6,1.3868894559076246
Conservatives,2019,E14000805,Makerfield,35.65609661717684,16.45485835319036,68,Male,6,
Labour,2019,E14000805,Makerfield,35.65609661717684,16.45485835319036,71,Male,3,0.859578272122851
Labour,2019,E14000805,Makerfield,35.65609661717684,16.45485835319036,50,Female,8,0.3545702576472819
Labour,2019,E14000805,Makerfield,35.65609661717684,16.45485835319036,43,Female,5,0.4538317933966437
Labour,2019,E14000807,Manchester Central,56.35990054047615,7.60984470616262,49,Male,8,0.464413583428184
Conservatives,2019,E14000825,Morecambe and Lunesdale,33.06000022809439,21.39069146812951,65,Female,5,0.6955799730693445
Labour,2019,E14000825,Morecambe and Lunesdale,33.06000022809439,21.39069146812951,42,Female,5,0.9076635867932874
Labour,2019,E14000825,Morecambe and Lunesdale,33.06000022809439,21.39069146812951,74,Female,4,0.7819454794064871
Labour,2019,E14000825,Morecambe and Lunesdale,33.06000022809439,21.39069146812951,92,Male,3,0.5545986922615328
Conservatives,2019,E14000825,Morecambe and Lunesdale,33.06000022809439,21.39069146812951,66,Male,6,0.38231913037468407
Conservatives,2019,E14000825,Morecambe and Lunesdale,33.06000022809439,21.39069146812951,77,Male,8,0.4933435304471354
Labour,2019,E14000825,Morecambe and Lunesdale,33.06000022809439,21.39069146812951,41,Male,2,0.9977778734609465
Conservatives,2019,E14000825,Morecambe and Lunesdale,33.06000022809439,21.39069146812951,71,Male,8,0.7646382607493681
Labour,2019,E14000870,Oldham East and Saddleworth,39.96122085412546,14.59336030157183,33,Male,,0.48594671225176506
Labour,2019,E14000870,Oldham East and Saddleworth,39.96122085412546,14.59336030157183,46,Female,3,0.7091405152945638
Labour,2019,E14000870,Oldham East and Saddleworth,39.96122085412546,14.59336030157183,50,Female,4,0.7091405152945638
Conservatives,2019,E14000870,Oldham East and Saddleworth,39.96122085412546,14.59336030157183,33,Male,7,0.415576750262921
Conservatives,2019,E14000870,Oldham East and Saddleworth,39.96122085412546,14.59336030157183,87,Male,5,0.4933435304471354
Labour,2019,E14000870,Oldham East and Saddleworth,39.96122085412546,14.59336030157183,34,Female,3,0.44205844563670627
Labour,2019,E14000870,Oldham East and Saddleworth,39.96122085412546,14.59336030157183,33,Female,,0.8499662595906728
Labour,2019,E14000870,Oldham East and Saddleworth,39.96122085412546,14.59336030157183,69,Male,3,0.859578272122851
Labour,2019,E14000871,Oldham West and Royton,42.89681920948001,13.97150541825836,57,Male,0,1.5857236131662165
Labour,2019,E14000871,Oldham West and Royton,42.89681920948001,13.97150541825836,29,Male,5,0.48594671225176506
Conservatives,2019,E14000871,Oldham West and Royton,42.89681920948001,13.97150541825836,49,Female,,1.503233845388984
Conservatives,2019,E14000871,Oldham West and Royton,42.89681920948001,13.97150541825836,64,Female,5,0.7626995484425125
Conservatives,2019,E14000871,Oldham West and Royton,42.89681920948001,13.97150541825836,55,Female,7,0.6415922923560912
Labour,2019,E14000871,Oldham West and Royton,42.89681920948001,13.97150541825836,69,Male,0,0.4297891360614255
Conservatives,2019,E14000902,Rossendale and Darwen,35.86585808324263,15.10185041206655,72,Female,5,0.34778998653467225
Conservatives,2019,E14000902,Rossendale and Darwen,35.86585808324263,15.10185041206655,60,Male,8,0.35264529855034465
Conservatives,2019,E14000902,Rossendale and Darwen,35.86585808324263,15.10185041206655,28,Male,,0.4322741289811899
Labour,2019,E14000902,Rossendale and Darwen,35.86585808324263,15.10185041206655,60,Female,0,0.36062725499133647
Conservatives,2019,E14000902,Rossendale and Darwen,35.86585808324263,15.10185041206655,61,Female,5,0.7626995484425125
Conservatives,2019,E14000902,Rossendale and Darwen,35.86585808324263,15.10185041206655,87,Female,3,0.4487872203596606
Labour,2019,E14000902,Rossendale and Darwen,35.86585808324263,15.10185041206655,24,Female,,0.34361148952713333
Conservatives,2019,E14000902,Rossendale and Darwen,35.86585808324263,15.10185041206655,81,Male,6,0.4933435304471354
Conservatives,2019,E14000958,Southport,31.7445038227061,23.16969274515661,70,Female,7,0.6955799730693445
Labour,2019,E14000958,Southport,31.7445038227061,23.16969274515661,36,Male,,0.868733764984281
Conservatives,2019,E14000958,Southport,31.7445038227061,23.16969274515661,91,Male,5,1.9733741217885417
Labour,2019,E14000958,Southport,31.7445038227061,23.16969274515661,57,Male,0,0.47126138286167735
Conservatives,2019,E14000958,Southport,31.7445038227061,23.16969274515661,77,Male,10,0.4933435304471354
Conservatives,2019,E14000958,Southport,31.7445038227061,23.16969274515661,72,Female,5,0.6955799730693445
Labour,2019,E14000962,St Helens North,35.23487846826499,17.54802213058704,25,Female,5,
Conservatives,2019,E14000962,St Helens North,35.23487846826499,17.54802213058704,52,Male,6,0.8262386479916876
Labour,2019,E14000962,St Helens North,35.23487846826499,17.54802213058704,28,Female,,0.44205844563670627
Conservatives,2019,E14000962,St Helens North,35.23487846826499,17.54802213058704,68,Male,7,0.7646382607493681
Labour,2019,E14000962,St Helens North,35.23487846826499,17.54802213058704,46,Female,1,0.8449401617372058
Labour,2019,E14000963,St Helens South and Whiston,35.74912822754503,17.91628997486514,56,Male,0,0.9425227657233547
Conservatives,2019,E14000963,St Helens South and Whiston,35.74912822754503,17.91628997486514,45,Female,,0.375808461347246
Conservatives,2019,E14000963,St Helens South and Whiston,35.74912822754503,17.91628997486514,73,Male,,0.38231913037468407
Labour,2019,E14000963,St Helens South and Whiston,35.74912822754503,17.91628997486514,32,Male,5,0.4671761318552706
Conservatives,2019,E14000963,St Helens South and Whiston,35.74912822754503,17.91628997486514,68,Male,7,0.38231913037468407
Labour,2019,E14000963,St Helens South and Whiston,35.74912822754503,17.91628997486514,63,Female,5,0.7212545099826729
Labour,2019,E14000963,St Helens South and Whiston,35.74912822754503,17.91628997486514,48,Female,7,0.7091405152945638
Conservatives,2019,E14000963,St Helens South and Whiston,35.74912822754503,17.91628997486514,81,Male,8,0.4933435304471354
Conservatives,2019,E14000963,St Helens South and Whiston,35.74912822754503,17.91628997486514,69,Male,8,0.7646382607493681
Labour,2019,E14001010,Wallasey,36.68552390322436,16.91561200304101,33,Male,5,1.4578401367552891
Labour,2019,E14001010,Wallasey,36.68552390322436,16.91561200304101,37,Female,,0.9076635867932874
Labour,2019,E14001010,Wallasey,36.68552390322436,16.91561200304101,51,Female,0,0.7091405152945638
Conservatives,2019,E14001010,Wallasey,36.68552390322436,16.91561200304101,55,Female,,1.525399096885025
Conservatives,2019,E14001010,Wallasey,36.68552390322436,16.91561200304101,65,Female,8,
Conservatives,2019,E14001018,Warrington South,35.75573517731159,16.05756202401533,83,Male,,0.4933435304471354
Conservatives,2019,E14001018,Warrington South,35.75573517731159,16.05756202401533,55,Female,5,0.7626995484425125
Conservatives,2019,E14001018,Warrington South,35.75573517731159,16.05756202401533,32,Female,6,0.7560878904302633
Labour,2019,E14001018,Warrington South,35.75573517731159,16.05756202401533,57,Male,3,0.7928618065831082
Conservatives,2019,E14001018,Warrington South,35.75573517731159,16.05756202401533,84,Female,,0.4487872203596606
Conservatives,2019,E14001018,Warrington South,35.75573517731159,16.05756202401533,52,Female,8,0.9462244239304992
Conservatives,2019,E14001018,Warrington South,35.75573517731159,16.05756202401533,82,Male,10,0.9866870608942708
Conservatives,2019,E14001018,Warrington South,35.75573517731159,16.05756202401533,74,Male,8,0.38231913037468407
Conservatives,2019,E14001018,Warrington South,35.75573517731159,16.05756202401533,72,Male,7,0.7646382607493681
Conservatives,2019,E14001018,Warrington South,35.75573517731159,16.05756202401533,79,Female,7,0.4487872203596606
Labour,2019,E14001018,Warrington South,35.75573517731159,16.05756202401533,46,Female,3,0.7091405152945638
Labour,2019,E14001033,West Lancashire,36.06232264734115,18.49742080445584,66,Female,2,0.7819454794064871
Labour,2019,E14001033,West Lancashire,36.06232264734115,18.49742080445584,28,Female,3,0.8499662595906728
Labour,2019,E14001033,West Lancashire,36.06232264734115,18.49742080445584,28,Female,2,0.8499662595906728
Conservatives,2019,E14001033,West Lancashire,36.06232264734115,18.49742080445584,40,Female,5,0.8074125752819861
Conservatives,2019,E14001033,West Lancashire,36.06232264734115,18.49742080445584,69,Male,6,0.7646382607493681
Labour,2019,E14001033,West Lancashire,36.06232264734115,18.49742080445584,45,Female,3,0.7091405152945638
Conservatives,2019,E14001033,West Lancashire,36.06232264734115,18.49742080445584,78,Female,7,0.8975744407193212
Labour,2019,E14001033,West Lancashire,36.06232264734115,18.49742080445584,38,Female,3,0.7902740941317683
Conservatives,2019,E14001037,Westmorland and Lonsdale,28.30348312062822,24.50696504963119,64,Male,,0.8384215744769168
Conservatives,2019,E14001037,Westmorland and Lonsdale,28.30348312062822,24.50696504963119,82,Female,5,0.4487872203596606
Conservatives,2019,E14001043,Wirral South,31.51205885606815,22.14570195818122,26,Male,6,0.8645482579623798
Labour,2019,E14001043,Wirral South,31.51205885606815,22.14570195818122,22,Female,4,1.030834468581391
Conservatives,2019,E14001043,Wirral South,31.51205885606815,22.14570195818122,46,Male,6,0.6934447279538123
Conservatives,2019,E14001043,Wirral South,31.51205885606815,22.14570195818122,64,Female,9,0.38134977422125627
Conservatives,2019,E14001043,Wirral South,31.51205885606815,22.14570195818122,58,Male,8,1.2576323617153689
Labour,2019,E14001043,Wirral South,31.51205885606815,22.14570195818122,31,Female,2,0.8499662595906728
Conservatives,2019,E14001057,Wyre and Preston North,30.3332429010671,22.82058238379454,72,Female,6,
Conservatives,2019,E14001057,Wyre and Preston North,30.3332429010671,22.82058238379454,34,Female,4,0.39323330054218664
Conservatives,2019,E14001057,Wyre and Preston North,30.3332429010671,22.82058238379454,85,Female,8,0.4487872203596606
Labour,2019,E14001057,Wyre and Preston North,30.3332429010671,22.82058238379454,65,Male,3,0.4297891360614255
Labour,2019,E14001057,Wyre and Preston North,30.3332429010671,22.82058238379454,19,Male,3,2.4146165400323385
Conservatives,2019,E14001057,Wyre and Preston North,30.3332429010671,22.82058238379454,29,Female,,0.3780439452151316
Labour,2019,E14001059,Wythenshawe and Sale East,39.55879284508431,13.73603444678389,79,Male,0,1.1091973845230656
Labour,2019,E14001059,Wythenshawe and Sale East,39.55879284508431,13.73603444678389,66,Female,5,0.39097273970324353
Labour,2019,E14001059,Wythenshawe and Sale East,39.55879284508431,13.73603444678389,69,Male,3,0.859578272122851
Labour,2019,E14001059,Wythenshawe and Sale East,39.55879284508431,13.73603444678389,26,Male,,0.9718934245035301
Labour,2019,E14001059,Wythenshawe and Sale East,39.55879284508431,13.73603444678389,53,Male,5,1.3932407502845479
Labour,2019,E14001059,Wythenshawe and Sale East,39.55879284508431,13.73603444678389,36,Female,,0.4538317933966437
Labour,2019,E14001059,Wythenshawe and Sale East,39.55879284508431,13.73603444678389,45,Female,5,0.3545702576472819
Labour,2019,S14000002,Aberdeen South,37.61172569932509,15.04447568054766,62,Male,,0.39109761712497154
Labour,2019,S14000002,Aberdeen South,37.61172569932509,15.04447568054766,21,Female,2,2.166989880180064
Labour,2019,S14000002,Aberdeen South,37.61172569932509,15.04447568054766,47,Male,0,0.7690576957228079
Conservatives,2019,S14000003,Airdrie and Shotts,37.11689673248296,14.90593511561535,70,Female,6,0.6862221580823635
Conservatives,2019,S14000003,Airdrie and Shotts,37.11689673248296,14.90593511561535,61,Female,6,0.6329607874229518
Conservatives,2019,S14000003,Airdrie and Shotts,37.11689673248296,14.90593511561535,74,Male,6,0.7543513869849002
Conservatives,2019,S14000003,Airdrie and Shotts,37.11689673248296,14.90593511561535,65,Male,,0.3771756934924501
Conservatives,2019,S14000007,Banff and Buchan,33.97098275390091,17.73446482343279,64,Female,,1.5048775133394783
Conservatives,2019,S14000007,Banff and Buchan,33.97098275390091,17.73446482343279,90,Male,6,0.48670645396177437
Conservatives,2019,S14000007,Banff and Buchan,33.97098275390091,17.73446482343279,66,Male,6,0.3771756934924501
Conservatives,2019,S14000007,Banff and Buchan,33.97098275390091,17.73446482343279,80,Male,10,0.9734129079235487
Conservatives,2019,S14000007,Banff and Buchan,33.97098275390091,17.73446482343279,50,Female,3,1.4830104566314783
Conservatives,2019,S14000008,"Berwickshire, Roxburgh and Selkirk",30.46587032519037,21.15796922361987,57,Female,5,0.7524387566697391
Conservatives,2019,S14000008,"Berwickshire, Roxburgh and Selkirk",30.46587032519037,21.15796922361987,,Female,5,
Conservatives,2019,S14000008,"Berwickshire, Roxburgh and Selkirk",30.46587032519037,21.15796922361987,30,Female,,0.7758860650837337
Conservatives,2019,S14000008,"Berwickshire, Roxburgh and Selkirk",30.46587032519037,21.15796922361987,76,Female,,0.44274957129090703
Conservatives,2019,S14000008,"Berwickshire, Roxburgh and Selkirk",30.46587032519037,21.15796922361987,65,Female,6,1.0293332371235409
Conservatives,2019,S14000008,"Berwickshire, Roxburgh and Selkirk",30.46587032519037,21.15796922361987,54,Male,5,0.8151230484886156
Conservatives,2019,S14000008,"Berwickshire, Roxburgh and Selkirk",30.46587032519037,21.15796922361987,65,Female,6,0.34311107904118177
Conservatives,2019,S14000008,"Berwickshire, Roxburgh and Selkirk",30.46587032519037,21.15796922361987,68,Male,7,0.7543513869849002
Conservatives,2019,S14000009,"Caithness, Sutherland and Easter Ross",32.19399315431712,20.16905301386813,50,Female,7,1.4830104566314783
Conservatives,2019,S14000009,"Caithness, Sutherland and Easter Ross",32.19399315431712,20.16905301386813,68,Female,5,0.6862221580823635
Conservatives,2019,S14000009,"Caithness, Sutherland and Easter Ross",32.19399315431712,20.16905301386813,75,Male,7,0.48670645396177437
Conservatives,2019,S14000009,"Caithness, Sutherland and Easter Ross",32.19399315431712,20.16905301386813,79,Female,5,0.44274957129090703
Conservatives,2019,S14000013,Dumfries and Galloway,31.4411110195335,21.79901920382428,51,Male,5,0.8151230484886156
Labour,2019,S14000017,Dunfermline and West Fife,34.84000895054822,15.17931609674729,62,Female,5,0.35577564444743354
Labour,2019,S14000018,East Dunbartonshire,31.94178895451501,20.5053887840224,60,Male,3,0.7821952342499431
Conservatives,2019,S14000018,East Dunbartonshire,31.94178895451501,20.5053887840224,56,Male,6,0.6958021426091082
Conservatives,2019,S14000018,East Dunbartonshire,31.94178895451501,20.5053887840224,65,Female,7,0.34311107904118177
Conservatives,2019,S14000019,"East Kilbride, Strathaven and Lesmahagow",34.49844242961075,17.08749266001174,70,Female,5,0.34311107904118177
Conservatives,2019,S14000019,"East Kilbride, Strathaven and Lesmahagow",34.49844242961075,17.08749266001174,68,Male,7,0.3771756934924501
Conservatives,2019,S14000019,"East Kilbride, Strathaven and Lesmahagow",34.49844242961075,17.08749266001174,41,Male,7,0.7623860930291723
Labour,2019,S14000019,"East Kilbride, Strathaven and Lesmahagow",34.49844242961075,17.08749266001174,21,Male,5,1.1910660435857445
Labour,2019,S14000020,East Lothian,34.01125184271488,17.81341195583501,38,Female,5,0.7796423349549572
Labour,2019,S14000020,East Lothian,34.01125184271488,17.81341195583501,78,Male,6,1.0942750688867988
Conservatives,2019,S14000020,East Lothian,34.01125184271488,17.81341195583501,61,Female,5,0.7524387566697391
Labour,2019,S14000020,East Lothian,34.01125184271488,17.81341195583501,24,Male,3,0.37264414408736557
Conservatives,2019,S14000020,East Lothian,34.01125184271488,17.81341195583501,59,Male,7,1.043703213913658
Labour,2019,S14000023,Edinburgh North and Leith,39.26805609184144,11.74858499006432,36,Male,4,0.8570464678216116
Conservatives,2019,S14000023,Edinburgh North and Leith,39.26805609184144,11.74858499006432,83,Male,7,0.9734129079235487
Conservatives,2019,S14000028,Falkirk,34.32426231012803,16.06810150979762,51,Male,5,1.6302460969772312
Conservatives,2019,S14000028,Falkirk,34.32426231012803,16.06810150979762,64,Female,7,0.6329607874229518
Labour,2019,S14000028,Falkirk,34.32426231012803,16.06810150979762,27,Male,1,0.4608910920647456
Conservatives,2019,S14000028,Falkirk,34.32426231012803,16.06810150979762,66,Male,6,0.7543513869849002
Conservatives,2019,S14000028,Falkirk,34.32426231012803,16.06810150979762,78,Male,3,0.48670645396177437
Conservatives,2019,S14000032,Glasgow North East,39.08262864863605,15.34581964730822,65,Female,6,0.34311107904118177
Labour,2019,S14000032,Glasgow North East,39.08262864863605,15.34581964730822,51,Female,5,0.41678648299723686
Conservatives,2019,S14000032,Glasgow North East,39.08262864863605,15.34581964730822,65,Male,4,0.3771756934924501
Labour,2019,S14000032,Glasgow North East,39.08262864863605,15.34581964730822,78,Female,7,0.49772282006970753
Labour,2019,S14000032,Glasgow North East,39.08262864863605,15.34581964730822,33,Male,3,0.9588182941005776
Labour,2019,S14000032,Glasgow North East,39.08262864863605,15.34581964730822,60,Female,5,0.35577564444743354
Conservatives,2019,S14000032,Glasgow North East,39.08262864863605,15.34581964730822,78,Male,10,0.48670645396177437
Labour,2019,S14000033,Glasgow North West,38.21522554202277,14.96937658647912,48,Female,,0.41678648299723686
Labour,2019,S14000033,Glasgow North West,38.21522554202277,14.96937658647912,66,Male,0,0.8480141461434074
Conservatives,2019,S14000033,Glasgow North West,38.21522554202277,14.96937658647912,66,Male,7,0.3771756934924501
Labour,2019,S14000034,Glasgow South,36.51595865774257,14.46296043345627,21,Female,2,1.3559551856832912
Conservatives,2019,S14000034,Glasgow South,36.51595865774257,14.46296043345627,54,Male,5,0.4075615242443078
Labour,2019,S14000036,Glenrothes,35.04786430050943,17.0374517158372,36,Male,3,0.8570464678216116
Conservatives,2019,S14000036,Glenrothes,35.04786430050943,17.0374517158372,68,Male,4,0.7543513869849002
Conservatives,2019,S14000036,Glenrothes,35.04786430050943,17.0374517158372,57,Male,6,1.240713112429569
Labour,2019,S14000037,Gordon,33.49919903884661,15.38045654785743,34,Female,1,0.8722226409848457
Labour,2019,S14000037,Gordon,33.49919903884661,15.38045654785743,30,Female,6,0.8385314464701548
Conservatives,2019,S14000037,Gordon,33.49919903884661,15.38045654785743,54,Female,7,0.6223297500977123
Conservatives,2019,S14000039,"Inverness, Nairn, Badenoch and Strathspey",34.51381258829069,16.89785747920264,21,Male,5,1.325943102352762
Labour,2019,S14000042,Lanark and Hamilton East,32.93201932050086,18.04067150021023,27,Female,1,0.4192657232350774
Labour,2019,S14000042,Lanark and Hamilton East,32.93201932050086,18.04067150021023,48,Female,5,1.3992005337409668
Labour,2019,S14000042,Lanark and Hamilton East,32.93201932050086,18.04067150021023,69,Male,2,0.8480141461434074
Labour,2019,S14000042,Lanark and Hamilton East,32.93201932050086,18.04067150021023,75,Female,5,0.49772282006970753
Conservatives,2019,S14000042,Lanark and Hamilton East,32.93201932050086,18.04067150021023,66,Female,5,0.34311107904118177
Conservatives,2019,S14000043,Linlithgow and East Falkirk,35.88841484595584,15.67429390859779,78,Female,6,0.44274957129090703
Conservatives,2019,S14000043,Linlithgow and East Falkirk,35.88841484595584,15.67429390859779,71,Male,7,0.7543513869849002
Labour,2019,S14000044,Livingston,37.96596286858392,12.81215871860211,69,Male,0,0.4240070730717037
Conservatives,2019,S14000044,Livingston,37.96596286858392,12.81215871860211,69,Male,7,0.3771756934924501
Labour,2019,S14000044,Livingston,37.96596286858392,12.81215871860211,,Female,,
Conservatives,2019,S14000044,Livingston,37.96596286858392,12.81215871860211,27,Male,7,0.4264586347472012
Labour,2019,S14000047,Motherwell and Wishaw,37.06127240513483,15.643648300525,42,Female,5,0.3898211674774786
Conservatives,2019,S14000047,Motherwell and Wishaw,37.06127240513483,15.643648300525,75,Female,5,0.44274957129090703
Conservatives,2019,S14000047,Motherwell and Wishaw,37.06127240513483,15.643648300525,83,Female,,0.44274957129090703
Labour,2019,S14000047,Motherwell and Wishaw,37.06127240513483,15.643648300525,75,Female,6,0.49772282006970753
Labour,2019,S14000047,Motherwell and Wishaw,37.06127240513483,15.643648300525,77,Male,7,1.0942750688867988
Conservatives,2019,S14000047,Motherwell and Wishaw,37.06127240513483,15.643648300525,44,Male,7,1.7512660502440753
Labour,2019,S14000047,Motherwell and Wishaw,37.06127240513483,15.643648300525,33,Male,4,1.8435643682589824
Conservatives,2019,S14000048,North Ayrshire and Arran,32.90582631000366,19.79270271685075,21,Male,9,0.9944573267645767
Conservatives,2019,S14000048,North Ayrshire and Arran,32.90582631000366,19.79270271685075,47,Male,,0.3420578194822926
Conservatives,2019,S14000048,North Ayrshire and Arran,32.90582631000366,19.79270271685075,28,Male,8,0.8199717802566706
Conservatives,2019,S14000048,North Ayrshire and Arran,32.90582631000366,19.79270271685075,82,Male,5,0.9734129079235487
Conservatives,2019,S14000049,North East Fife,35.99732029873707,20.27640622286182,74,Female,6,0.6862221580823635
Conservatives,2019,S14000050,Ochil and South Perthshire,33.12504974926371,18.14853140173525,66,Male,5,1.5087027739698005
Labour,2019,S14000050,Ochil and South Perthshire,33.12504974926371,18.14853140173525,51,Male,2,0.7690576957228079
Conservatives,2019,S14000050,Ochil and South Perthshire,33.12504974926371,18.14853140173525,61,Male,6,0.6958021426091082
Conservatives,2019,S14000052,Paisley and Renfrewshire North,34.81178543992047,16.79583352162321,73,Male,7,0.7543513869849002
Labour,2019,S14000052,Paisley and Renfrewshire North,34.81178543992047,16.79583352162321,54,Female,4,1.049400400305717
Labour,2019,E14000534,Arundel and South Downs,29.02834465954537,23.88271458973753,66,Male,3,0.9540655537162074
Conservatives,2019,E14000534,Arundel and South Downs,29.02834465954537,23.88271458973753,57,Male,5,0.9305832518607563
Conservatives,2019,E14000534,Arundel and South Downs,29.02834465954537,23.88271458973753,67,Female,5,0.3860200482507433
Conservatives,2019,E14000534,Arundel and South Downs,29.02834465954537,23.88271458973753,77,Male,10,1.0951465010532073
Conservatives,2019,E14000536,Ashford,37.03470869488224,16.75048698423942,30,Female,,1.6783984315005367
Conservatives,2019,E14000536,Ashford,37.03470869488224,16.75048698423942,43,Male,7,0.9851384092641983
Labour,2019,E14000536,Ashford,37.03470869488224,16.75048698423942,24,Male,3,1.3400190192040062
Conservatives,2019,E14000536,Ashford,37.03470869488224,16.75048698423942,57,Female,5,0.7121179368052699
Conservatives,2019,E14000536,Ashford,37.03470869488224,16.75048698423942,49,Female,,0.7001573975166163
Labour,2019,E14000536,Ashford,37.03470869488224,16.75048698423942,51,Female,,0.9378183807206081
Labour,2019,E14000539,Banbury,37.66874703208737,14.46730208262669,72,Male,5,0.9540655537162074
Conservatives,2019,E14000539,Banbury,37.66874703208737,14.46730208262669,71,Male,7,0.8486894670252655
Conservatives,2019,E14000539,Banbury,37.66874703208737,14.46730208262669,49,Female,6,1.2513551798407445
Labour,2019,E14000539,Banbury,37.66874703208737,14.46730208262669,51,Male,1,0.5154632416806926
Conservatives,2019,E14000539,Banbury,37.66874703208737,14.46730208262669,67,Male,5,0.42434473351263274
Labour,2019,E14000539,Banbury,37.66874703208737,14.46730208262669,29,Male,5,0.5185294572659788
Conservatives,2019,E14000539,Banbury,37.66874703208737,14.46730208262669,27,Female,,0.8391992157502683
Conservatives,2019,E14000539,Banbury,37.66874703208737,14.46730208262669,71,Male,8,0.8486894670252655
Labour,2019,E14000539,Banbury,37.66874703208737,14.46730208262669,64,Female,3,0.8005368513300248
Labour,2019,E14000545,Basingstoke,39.22460091114485,12.39582947516575,38,Female,3,0.8771432639209871
Labour,2019,E14000545,Basingstoke,39.22460091114485,12.39582947516575,42,Male,5,0.9642274443196234
Conservatives,2019,E14000545,Basingstoke,39.22460091114485,12.39582947516575,48,Male,7,1.8341222870865124
Conservatives,2019,E14000545,Basingstoke,39.22460091114485,12.39582947516575,57,Female,,0.8465376459630983
Conservatives,2019,E14000545,Basingstoke,39.22460091114485,12.39582947516575,54,Female,5,0.8342367865604972
Conservatives,2019,E14000545,Basingstoke,39.22460091114485,12.39582947516575,46,Male,7,0.7696701391869126
Conservatives,2019,E14000550,Beaconsfield,32.73566965498506,19.65347580669504,83,Male,8,1.0951465010532073
Conservatives,2019,E14000550,Beaconsfield,32.73566965498506,19.65347580669504,23,Female,5,1.3570350082970088
Labour,2019,E14000550,Beaconsfield,32.73566965498506,19.65347580669504,27,Female,0,0.9433969615050638
Conservatives,2019,E14000550,Beaconsfield,32.73566965498506,19.65347580669504,85,Female,5,0.4981191844644507
Conservatives,2019,E14000550,Beaconsfield,32.73566965498506,19.65347580669504,58,Male,5,0.46529162593037815
Conservatives,2019,E14000550,Beaconsfield,32.73566965498506,19.65347580669504,49,Female,7,0.7001573975166163
Conservatives,2019,E14000550,Beaconsfield,32.73566965498506,19.65347580669504,79,Male,9,0.5475732505266037
Conservatives,2019,E14000557,Bexhill and Battle,28.87408539914819,26.90639054076862,25,Male,5,1.383774375911078
Conservatives,2019,E14000557,Bexhill and Battle,28.87408539914819,26.90639054076862,37,Male,7,0.8577289816441399
Conservatives,2019,E14000557,Bexhill and Battle,28.87408539914819,26.90639054076862,86,Female,10,0.4981191844644507
Conservatives,2019,E14000557,Bexhill and Battle,28.87408539914819,26.90639054076862,67,Female,5,0.3860200482507433
Conservatives,2019,E14000557,Bexhill and Battle,28.87408539914819,26.90639054076862,80,Male,5,0.5475732505266037
Conservatives,2019,E14000557,Bexhill and Battle,28.87408539914819,26.90639054076862,51,Male,9,0.7696701391869126
Conservatives,2019,E14000557,Bexhill and Battle,28.87408539914819,26.90639054076862,60,Male,7,0.39140906993373653
Labour,2019,E14000557,Bexhill and Battle,28.87408539914819,26.90639054076862,21,Female,2,1.5255289560046141
Conservatives,2019,E14000557,Bexhill and Battle,28.87408539914819,26.90639054076862,76,Male,6,1.0951465010532073
Labour,2019,E14000619,Canterbury,43.51299414348463,17.64275256222547,70,Male,3,0.9540655537162074
Conservatives,2019,E14000619,Canterbury,43.51299414348463,17.64275256222547,82,Female,,0.9962383689289014
Conservatives,2019,E14000619,Canterbury,43.51299414348463,17.64275256222547,60,Male,6,0.7828181398674731
Conservatives,2019,E14000619,Canterbury,43.51299414348463,17.64275256222547,85,Male,7,1.0951465010532073
Conservatives,2019,E14000619,Canterbury,43.51299414348463,17.64275256222547,62,Male,7,1.3958748777911272
Conservatives,2019,E14000619,Canterbury,43.51299414348463,17.64275256222547,64,Female,7,0.42326882298154916
Conservatives,2019,E14000619,Canterbury,43.51299414348463,17.64275256222547,52,Male,6,0.7696701391869126
Labour,2019,E14000619,Canterbury,43.51299414348463,17.64275256222547,62,Female,4,0.8005368513300248
Conservatives,2019,E14000652,Crawley,40.22627278441232,12.63450190905935,57,Female,8,0.8465376459630983
Labour,2019,E14000652,Crawley,40.22627278441232,12.63450190905935,,Female,3,
Conservatives,2019,E14000652,Crawley,40.22627278441232,12.63450190905935,72,Female,5,0.7720400965014866
Conservatives,2019,E14000652,Crawley,40.22627278441232,12.63450190905935,96,Male,8,0.5475732505266037
Labour,2019,E14000652,Crawley,40.22627278441232,12.63450190905935,,,,
Conservatives,2019,E14000652,Crawley,40.22627278441232,12.63450190905935,69,Male,7,0.42434473351263274
Conservatives,2019,E14000652,Crawley,40.22627278441232,12.63450190905935,42,Male,8,0.42886449082206995
Conservatives,2019,E14000652,Crawley,40.22627278441232,12.63450190905935,52,Male,8,0.4585305717716281
Labour,2019,E14000652,Crawley,40.22627278441232,12.63450190905935,31,Female,2,0.4906507637399099
Conservatives,2019,E14000659,Dartford,38.37209302325581,15.04941860465116,30,Male,5,
Conservatives,2019,E14000659,Dartford,38.37209302325581,15.04941860465116,60,Male,9,0.7828181398674731
Conservatives,2019,E14000659,Dartford,38.37209302325581,15.04941860465116,77,Female,7,0.4981191844644507
Conservatives,2019,E14000659,Dartford,38.37209302325581,15.04941860465116,38,Female,3,0.8961656555271111
Conservatives,2019,E14000659,Dartford,38.37209302325581,15.04941860465116,31,Female,5,0.43645862021953524
Labour,2019,E14000659,Dartford,38.37209302325581,15.04941860465116,41,Female,6,1.7542865278419741
Conservatives,2019,E14000684,Eastbourne,33.45655673267697,23.16007187511699,72,Female,5,0.7720400965014866
Conservatives,2019,E14000684,Eastbourne,33.45655673267697,23.16007187511699,71,Female,,0.7720400965014866
Conservatives,2019,E14000694,Epsom and Ewell,34.46260448957263,17.76250755779917,67,Male,8,0.42434473351263274
Conservatives,2019,E14000697,Esher and Walton,34.42341896327264,16.41179382804335,83,Female,8,0.4981191844644507
Conservatives,2019,E14000699,Fareham,32.89506071545783,19.36843616672137,77,Female,9,0.9962383689289014
Labour,2019,E14000699,Fareham,32.89506071545783,19.36843616672137,41,Male,4,0.9642274443196234
Conservatives,2019,E14000699,Fareham,32.89506071545783,19.36843616672137,24,Female,,0.5421788937198218
Conservatives,2019,E14000704,Folkestone and Hythe,33.41948046200823,20.76824357215559,73,Female,,1.158060144752227
Labour,2019,E14000704,Folkestone and Hythe,33.41948046200823,20.76824357215559,,Male,3,
Conservatives,2019,E14000704,Folkestone and Hythe,33.41948046200823,20.76824357215559,54,Female,,0.7001573975166163
Conservatives,2019,E14000711,Gillingham and Rainham,39.47687949003338,14.81432763330972,59,Female,5,0.7121179368052699
Labour,2019,E14000711,Gillingham and Rainham,39.47687949003338,14.81432763330972,23,Female,3,0.7627644780023071
Conservatives,2019,E14000711,Gillingham and Rainham,39.47687949003338,14.81432763330972,65,Female,8,0.7720400965014866
Conservatives,2019,E14000711,Gillingham and Rainham,39.47687949003338,14.81432763330972,55,Male,7,1.1742272098012034
Conservatives,2019,E14000711,Gillingham and Rainham,39.47687949003338,14.81432763330972,75,Male,8,1.0951465010532073
Conservatives,2019,E14000711,Gillingham and Rainham,39.47687949003338,14.81432763330972,53,Female,6,1.4003147950332326
Conservatives,2019,E14000713,Gosport,35.60326373592282,18.61136102751838,52,Male,5,0.4585305717716281
Labour,2019,E14000713,Gosport,35.60326373592282,18.61136102751838,34,Male,3,1.078726706192928
Conservatives,2019,E14000713,Gosport,35.60326373592282,18.61136102751838,60,Male,5,0.9305832518607563
Conservatives,2019,E14000713,Gosport,35.60326373592282,18.61136102751838,50,Male,6,0.7696701391869126
Conservatives,2019,E14000715,Gravesham,38.62957137239481,16.01454974439638,67,Male,5,0.42434473351263274
Conservatives,2019,E14000715,Gravesham,38.62957137239481,16.01454974439638,74,Male,8,0.8486894670252655
Labour,2019,E14000715,Gravesham,38.62957137239481,16.01454974439638,69,Female,5,0.8678991442436214
Labour,2019,E14000719,Guildford,39.95854117958863,15.66916239931091,32,Female,0,0.4906507637399099
Conservatives,2019,E14000719,Guildford,39.95854117958863,15.66916239931091,53,Male,9,0.7696701391869126
Conservatives,2019,E14000719,Guildford,39.95854117958863,15.66916239931091,47,Female,8,0.7001573975166163
Conservatives,2019,E14000719,Guildford,39.95854117958863,15.66916239931091,73,Male,4,0.8486894670252655
Labour,2019,E14000735,Hastings and Rye,34.61253519039857,18.95836420210401,56,Male,3,0.8800154250642029
Conservatives,2019,E14000735,Hastings and Rye,34.61253519039857,18.95836420210401,74,Female,7,
Labour,2019,E14000735,Hastings and Rye,34.61253519039857,18.95836420210401,73,Male,4,0.9540655537162074
Conservatives,2019,E14000735,Hastings and Rye,34.61253519039857,18.95836420210401,76,Male,6,0.5475732505266037
Labour,2019,E14000735,Hastings and Rye,34.61253519039857,18.95836420210401,42,Male,3,0.9642274443196234
Labour,2019,E14000735,Hastings and Rye,34.61253519039857,18.95836420210401,43,Female,4,0.43857163196049354
Labour,2019,E14000735,Hastings and Rye,34.61253519039857,18.95836420210401,37,Female,3,1.007436542553981
Conservatives,2019,E14000735,Hastings and Rye,34.61253519039857,18.95836420210401,64,Female,5,0.7121179368052699
Labour,2019,E14000735,Hastings and Rye,34.61253519039857,18.95836420210401,36,Female,3,1.007436542553981
Conservatives,2019,E14000736,Havant,34.43265306122449,20.86204081632653,56,Female,,0.8465376459630983
Conservatives,2019,E14000736,Havant,34.43265306122449,20.86204081632653,81,Female,10,0.4981191844644507
Labour,2019,E14000736,Havant,34.43265306122449,20.86204081632653,43,Female,3,0.8771432639209871
Conservatives,2019,E14000736,Havant,34.43265306122449,20.86204081632653,83,Female,5,0.4981191844644507
Conservatives,2019,E14000736,Havant,34.43265306122449,20.86204081632653,60,Female,5,0.8465376459630983
Conservatives,2019,E14000742,Henley,32.261890156627,19.70923813029076,66,Female,8,0.3860200482507433
Conservatives,2019,E14000742,Henley,32.261890156627,19.70923813029076,23,Male,5,1.7880218336919265
Conservatives,2019,E14000753,Horsham,34.25625892064961,16.93380395787525,70,Female,6,0.3860200482507433
Conservatives,2019,E14000753,Horsham,34.25625892064961,16.93380395787525,52,Female,5,0.8342367865604972
Conservatives,2019,E14000753,Horsham,34.25625892064961,16.93380395787525,83,Male,8,0.5475732505266037
Conservatives,2019,E14000753,Horsham,34.25625892064961,16.93380395787525,35,Male,5,1.4777076138962904
Conservatives,2019,E14000753,Horsham,34.25625892064961,16.93380395787525,78,Male,7,1.0951465010532073
Labour,2019,E14000753,Horsham,34.25625892064961,16.93380395787525,45,Male,6,1.0309264833613851
Conservatives,2019,E14000753,Horsham,34.25625892064961,16.93380395787525,41,Male,5,0.9851384092641983
Conservatives,2019,E14000753,Horsham,34.25625892064961,16.93380395787525,58,Male,6,0.7828181398674731
Labour,2019,E14000786,Lewes,30.28279208998549,24.24482946298984,50,Female,3,0.39354562599414433
Conservatives,2019,E14000786,Lewes,30.28279208998549,24.24482946298984,82,Female,,
Conservatives,2019,E14000786,Lewes,30.28279208998549,24.24482946298984,72,Female,6,0.3860200482507433
Conservatives,2019,E14000786,Lewes,30.28279208998549,24.24482946298984,56,Female,6,1.269806468944644
Conservatives,2019,E14000803,Maidenhead,34.07585732534145,17.32141102485998,70,Male,7,0.8486894670252655
Labour,2019,E14000803,Maidenhead,34.07585732534145,17.32141102485998,18,Female,3,2.437990461991409
Conservatives,2019,E14000803,Maidenhead,34.07585732534145,17.32141102485998,47,Female,9,0.8342367865604972
Conservatives,2019,E14000803,Maidenhead,34.07585732534145,17.32141102485998,,Female,8,
Labour,2019,E14000822,Milton Keynes South,40.53832770443149,10.89409004668446,50,Female,5,0.39354562599414433
Conservatives,2019,E14000822,Milton Keynes South,40.53832770443149,10.89409004668446,34,Female,5,1.309375860658609
Conservatives,2019,E14000822,Milton Keynes South,40.53832770443149,10.89409004668446,65,Female,5,0.7720400965014866
Conservatives,2019,E14000822,Milton Keynes South,40.53832770443149,10.89409004668446,78,Female,5,0.9962383689289014
Conservatives,2019,E14000822,Milton Keynes South,40.53832770443149,10.89409004668446,64,Male,7,0.39140906993373653
Labour,2019,E14000822,Milton Keynes South,40.53832770443149,10.89409004668446,56,Male,4,2.092255082598122
Labour,2019,E14000822,Milton Keynes South,40.53832770443149,10.89409004668446,74,Female,4,0.4339495721218107
Conservatives,2019,E14000822,Milton Keynes South,40.53832770443149,10.89409004668446,76,Female,8,0.4981191844644507
Labour,2019,E14000822,Milton Keynes South,40.53832770443149,10.89409004668446,66,Male,1,0.9540655537162074
Conservatives,2019,E14000830,Newbury,35.77880938869301,15.20034235424361,24,Male,5,1.1188227041041936
Conservatives,2019,E14000830,Newbury,35.77880938869301,15.20034235424361,44,Female,6,0.8961656555271111
Conservatives,2019,E14000830,Newbury,35.77880938869301,15.20034235424361,50,Female,8,1.4003147950332326
Conservatives,2019,E14000830,Newbury,35.77880938869301,15.20034235424361,56,Female,3,1.4242358736105398
Conservatives,2019,E14000852,North Thanet,34.07518314528635,21.87583551681728,88,Male,8,1.0951465010532073
Conservatives,2019,E14000852,North Thanet,34.07518314528635,21.87583551681728,70,Female,5,0.7720400965014866
Conservatives,2019,E14000852,North Thanet,34.07518314528635,21.87583551681728,58,Female,3,1.0681769052078987
Conservatives,2019,E14000857,North West Hampshire,33.83043194106114,17.23704275840215,81,Male,6,1.0951465010532073
Labour,2019,E14000857,North West Hampshire,33.83043194106114,17.23704275840215,62,Male,4,0.8800154250642029
Conservatives,2019,E14000857,North West Hampshire,33.83043194106114,17.23704275840215,63,Male,7,0.9305832518607563
Labour,2019,E14000857,North West Hampshire,33.83043194106114,17.23704275840215,44,Female,3,0.8771432639209871
Conservatives,2019,E14000857,North West Hampshire,33.83043194106114,17.23704275840215,60,Female,7,0.8465376459630983
Conservatives,2019,E14000857,North West Hampshire,33.83043194106114,17.23704275840215,60,Female,7,0.42326882298154916
Labour,2019,E14000857,North West Hampshire,33.83043194106114,17.23704275840215,35,Female,2,0.8771432639209871
Conservatives,2019,E14000857,North West Hampshire,33.83043194106114,17.23704275840215,59,Female,6,0.35605896840263496
Labour,2019,E14000883,Portsmouth North,39.24044136515268,14.84218629715166,34,Female,,0.9813015274798198
Conservatives,2019,E14000883,Portsmouth North,39.24044136515268,14.84218629715166,49,Male,5,0.9170611435432562
Conservatives,2019,E14000883,Portsmouth North,39.24044136515268,14.84218629715166,64,Female,,
Conservatives,2019,E14000883,Portsmouth North,39.24044136515268,14.84218629715166,74,Female,5,1.5440801930029733
Conservatives,2019,E14000883,Portsmouth North,39.24044136515268,14.84218629715166,57,Female,7,0.8465376459630983
Labour,2019,E14000884,Portsmouth South,49.22745305720471,12.03370776077524,41,Female,5,0.8771432639209871
Conservatives,2019,E14000884,Portsmouth South,49.22745305720471,12.03370776077524,73,Male,5,0.8486894670252655
Labour,2019,E14000884,Portsmouth South,49.22745305720471,12.03370776077524,,Female,4,
Conservatives,2019,E14000884,Portsmouth South,49.22745305720471,12.03370776077524,24,Male,,0.7458818027361312
Conservatives,2019,E14000884,Portsmouth South,49.22745305720471,12.03370776077524,55,Female,7,1.0681769052078987
Conservatives,2019,E14000884,Portsmouth South,49.22745305720471,12.03370776077524,45,Female,7,0.35007869875830816
Conservatives,2019,E14000884,Portsmouth South,49.22745305720471,12.03370776077524,63,Female,6,0.7121179368052699
Conservatives,2019,E14000889,Reading East,44.02356747614758,11.69090207180543,30,Male,5,0.9595818544950098
Labour,2019,E14000889,Reading East,44.02356747614758,11.69090207180543,33,Female,4,0.4716984807525319
Conservatives,2019,E14000889,Reading East,44.02356747614758,11.69090207180543,45,Male,5,0.3848350695934563
Labour,2019,E14000889,Reading East,44.02356747614758,11.69090207180543,56,Male,3,1.3200231375962994
Labour,2019,E14000889,Reading East,44.02356747614758,11.69090207180543,74,Male,3,0.4770327768581037
Conservatives,2019,E14000889,Reading East,44.02356747614758,11.69090207180543,43,Male,5,0.49256920463209913
Labour,2019,E14000889,Reading East,44.02356747614758,11.69090207180543,39,Male,2,0.4821137221598117
Labour,2019,E14000889,Reading East,44.02356747614758,11.69090207180543,36,Male,3,0.9642274443196234
Labour,2019,E14000890,Reading West,38.99208687682923,13.55972289287228,32,Female,5,1.4719522912197256
Conservatives,2019,E14000890,Reading West,38.99208687682923,13.55972289287228,67,Female,3,0.7720400965014866
Conservatives,2019,E14000890,Reading West,38.99208687682923,13.55972289287228,62,Female,8,
Labour,2019,E14000890,Reading West,38.99208687682923,13.55972289287228,88,Male,0,2.462247013834072
Conservatives,2019,E14000918,Sevenoaks,33.80462587363937,18.4960023974912,45,Male,7,0.9170611435432562
Conservatives,2019,E14000918,Sevenoaks,33.80462587363937,18.4960023974912,61,Female,3,0.7121179368052699
Conservatives,2019,E14000918,Sevenoaks,33.80462587363937,18.4960023974912,48,Male,9,0.7696701391869126
Labour,2019,E14000918,Sevenoaks,33.80462587363937,18.4960023974912,69,Male,5,0.9540655537162074
Labour,2019,E14000930,Slough,45.28974695631415,9.233259727858677,84,Male,3,0.615561753458518
Labour,2019,E14000930,Slough,45.28974695631415,9.233259727858677,26,Male,1,2.074117829063915
Labour,2019,E14000930,Slough,45.28974695631415,9.233259727858677,25,Male,,2.074117829063915
Labour,2019,E14000930,Slough,45.28974695631415,9.233259727858677,77,Female,1,0.5599673072513698
Labour,2019,E14000930,Slough,45.28974695631415,9.233259727858677,39,Male,0,0.9642274443196234
Labour,2019,E14000930,Slough,45.28974695631415,9.233259727858677,18,Female,1,2.437990461991409
Conservatives,2019,E14000930,Slough,45.28974695631415,9.233259727858677,84,Male,10,2.1902930021064146
Conservatives,2019,E14000930,Slough,45.28974695631415,9.233259727858677,54,Male,8,1.8341222870865124
Labour,2019,E14000930,Slough,45.28974695631415,9.233259727858677,43,Male,3,1.9284548886392467
Conservatives,2019,E14000953,South West Surrey,33.64814940511398,18.96556739617373,65,Male,8,0.8486894670252655
Conservatives,2019,E14000953,South West Surrey,33.64814940511398,18.96556739617373,77,Female,7,0.4981191844644507
Labour,2019,E14000953,South West Surrey,33.64814940511398,18.96556739617373,40,Female,5,2.014873085107962
Conservatives,2019,E14000953,South West Surrey,33.64814940511398,18.96556739617373,52,Female,7,1.6684735731209943
Conservatives,2019,E14000953,South West Surrey,33.64814940511398,18.96556739617373,60,Male,7,0.9305832518607563
Conservatives,2019,E14000953,South West Surrey,33.64814940511398,18.96556739617373,49,Male,7,1.1545052087803582
Conservatives,2019,E14000953,South West Surrey,33.64814940511398,18.96556739617373,53,Female,,0.7001573975166163
Conservatives,2019,E14000955,"Southampton, Itchen",43.10383428565866,14.22258130457213,64,Male,8,0.9305832518607563
Labour,2019,E14000955,"Southampton, Itchen",43.10383428565866,14.22258130457213,53,Female,,0.46890919036030404
Conservatives,2019,E14000955,"Southampton, Itchen",43.10383428565866,14.22258130457213,61,Male,5,0.9305832518607563
Conservatives,2019,E14000955,"Southampton, Itchen",43.10383428565866,14.22258130457213,72,Male,5,0.42434473351263274
Conservatives,2019,E14000955,"Southampton, Itchen",43.10383428565866,14.22258130457213,63,Female,3,
Labour,2019,E14000955,"Southampton, Itchen",43.10383428565866,14.22258130457213,54,Male,3,0.4326174626015053
Labour,2019,E14000955,"Southampton, Itchen",43.10383428565866,14.22258130457213,24,Female,3,0.7627644780023071
Conservatives,2019,E14000983,Surrey Heath,34.13144739831856,16.65151859425888,61,Male,7,1.5656362797349461
Conservatives,2019,E14000983,Surrey Heath,34.13144739831856,16.65151859425888,58,Female,,0.8465376459630983
Conservatives,2019,E14000983,Surrey Heath,34.13144739831856,16.65151859425888,68,Female,6,0.7720400965014866
Conservatives,2019,E14000983,Surrey Heath,34.13144739831856,16.65151859425888,88,Male,6,1.0951465010532073
Conservatives,2019,E14000983,Surrey Heath,34.13144739831856,16.65151859425888,68,Female,5,0.7720400965014866
Conservatives,2019,E14000983,Surrey Heath,34.13144739831856,16.65151859425888,77,Male,8,1.0951465010532073
Conservatives,2019,E14000983,Surrey Heath,34.13144739831856,16.65151859425888,44,Female,7,1.5605264151132678
Conservatives,2019,E14000983,Surrey Heath,34.13144739831856,16.65151859425888,44,Female,6,0.39013160377831696
Conservatives,2019,E14001004,Tunbridge Wells,35.9731607499762,16.3605215570572,57,Female,3,0.42326882298154916
Labour,2019,E14001004,Tunbridge Wells,35.9731607499762,16.3605215570572,25,Female,,0.4906507637399099
Conservatives,2019,E14001004,Tunbridge Wells,35.9731607499762,16.3605215570572,48,Female,,0.8342367865604972
Labour,2019,E14001015,Wantage,35.28788148870896,16.80379776524782,74,Male,5,0.9540655537162074
Conservatives,2019,E14001015,Wantage,35.28788148870896,16.80379776524782,42,Male,8,0.9851384092641983
Conservatives,2019,E14001015,Wantage,35.28788148870896,16.80379776524782,84,Female,7,0.4981191844644507
Labour,2019,E14001015,Wantage,35.28788148870896,16.80379776524782,76,Female,3,1.1199346145027396
Conservatives,2019,E14001015,Wantage,35.28788148870896,16.80379776524782,49,Male,8,0.9170611435432562
Labour,2019,E14001023,Wealden,32.40638440595036,20.90715384918913,40,Male,3,0.9642274443196234
Conservatives,2019,E14001023,Wealden,32.40638440595036,20.90715384918913,20,Male,6,2.3840291115892236
Conservatives,2019,E14001023,Wealden,32.40638440595036,20.90715384918913,51,Female,5,1.6684735731209943
Conservatives,2019,E14001023,Wealden,32.40638440595036,20.90715384918913,47,Male,6,0.7696701391869126
Conservatives,2019,E14001023,Wealden,32.40638440595036,20.90715384918913,78,Male,8,0.5475732505266037
Conservatives,2019,E14001023,Wealden,32.40638440595036,20.90715384918913,45,Female,3,0.8342367865604972
Labour,2019,E14001046,Witney,33.90564903272602,18.38345469989216,42,Male,2,0.4821137221598117
Conservatives,2019,E14001046,Witney,33.90564903272602,18.38345469989216,66,Male,8,0.42434473351263274
Conservatives,2019,E14001046,Witney,33.90564903272602,18.38345469989216,74,Male,8,1.697378934050531
Conservatives,2019,E14001046,Witney,33.90564903272602,18.38345469989216,47,Female,5,0.4171183932802486
Conservatives,2019,E14001046,Witney,33.90564903272602,18.38345469989216,38,Female,5,0.7802632075566339
Conservatives,2019,E14001056,Wycombe,41.25497454881999,13.1568718186025,50,Male,5,1.3755917153148802
Conservatives,2019,E14001056,Wycombe,41.25497454881999,13.1568718186025,57,Male,7,0.7828181398674731
Conservatives,2019,E14001056,Wycombe,41.25497454881999,13.1568718186025,77,Male,7,0.5475732505266037
Labour,2019,E14000601,Bristol South,40.2086340986355,14.59693568667629,18,Female,10,1.9611571405189396
Labour,2019,E14000601,Bristol South,40.2086340986355,14.59693568667629,57,Female,1,0.8586189250043361
Labour,2019,E14000601,Bristol South,40.2086340986355,14.59693568667629,39,Male,4,1.0341859095254535
Labour,2019,E14000601,Bristol South,40.2086340986355,14.59693568667629,61,Male,4,0.5610140891298779
Conservatives,2019,E14000601,Bristol South,40.2086340986355,14.59693568667629,76,Female,3,0.5342596758391837
Labour,2019,E14000602,Bristol West,52.63368941070799,7.202547075995252,23,Female,2,0.8181060185371029
Labour,2019,E14000602,Bristol West,52.63368941070799,7.202547075995252,84,Male,5,1.3204463233646895
Labour,2019,E14000602,Bristol West,52.63368941070799,7.202547075995252,54,Male,5,0.5528621121136482
Labour,2019,E14000602,Bristol West,52.63368941070799,7.202547075995252,27,Female,4,0.5059220469326611
Conservatives,2019,E14000602,Bristol West,52.63368941070799,7.202547075995252,66,Female,7,0.8280546193682641
Conservatives,2019,E14000602,Bristol West,52.63368941070799,7.202547075995252,21,Male,6,2.556999730332102
Labour,2019,E14000602,Bristol West,52.63368941070799,7.202547075995252,48,Female,3,0.8441977949418533
Conservatives,2019,E14000623,Central Devon,29.9383757281335,22.19598317702359,54,Female,6,1.5019130999172938
Conservatives,2019,E14000623,Central Devon,29.9383757281335,22.19598317702359,55,Male,6,0.9981006995645791
Labour,2019,E14000623,Central Devon,29.9383757281335,22.19598317702359,,,,
Labour,2019,E14000623,Central Devon,29.9383757281335,22.19598317702359,43,Female,3,0.9407834318824516
Conservatives,2019,E14000623,Central Devon,29.9383757281335,22.19598317702359,52,Male,8,0.8255127123987535
Conservatives,2019,E14000630,Cheltenham,39.12193540389255,16.2958795426588,92,Male,5,0.5873018274513622
Conservatives,2019,E14000630,Cheltenham,39.12193540389255,16.2958795426588,77,Male,8,0.5873018274513622
Conservatives,2019,E14000638,Christchurch,25.88520981865161,32.1713957605627,83,Female,8,0.5342596758391837
Conservatives,2019,E14000638,Christchurch,25.88520981865161,32.1713957605627,82,Male,8,0.5873018274513622
Labour,2019,E14000638,Christchurch,25.88520981865161,32.1713957605627,69,Female,3,0.9308686152355958
Conservatives,2019,E14000638,Christchurch,25.88520981865161,32.1713957605627,,Male,7,
Conservatives,2019,E14000678,East Devon,29.29882072459449,26.7274043169143,52,Female,5,1.34214588313877
Labour,2019,E14000702,Filton and Bradley Stoke,38.95370800099298,14.86654218518958,35,Male,3,1.187806735689909
Conservatives,2019,E14000702,Filton and Bradley Stoke,38.95370800099298,14.86654218518958,71,Female,5,0.8280546193682641
Labour,2019,E14000702,Filton and Bradley Stoke,38.95370800099298,14.86654218518958,84,Male,5,1.3204463233646895
Labour,2019,E14000702,Filton and Bradley Stoke,38.95370800099298,14.86654218518958,29,Male,3,1.1569925398262566
Labour,2019,E14000702,Filton and Bradley Stoke,38.95370800099298,14.86654218518958,51,Female,2,0.5029303826337339
Labour,2019,E14000702,Filton and Bradley Stoke,38.95370800099298,14.86654218518958,35,Female,2,0.9407834318824516
Conservatives,2019,E14000702,Filton and Bradley Stoke,38.95370800099298,14.86654218518958,31,Male,,0.49472420293928787
Conservatives,2019,E14000702,Filton and Bradley Stoke,38.95370800099298,14.86654218518958,59,Female,7,0.45397862843224057
Conservatives,2019,E14000702,Filton and Bradley Stoke,38.95370800099298,14.86654218518958,39,Male,,0.919960567637564
Conservatives,2019,E14000702,Filton and Bradley Stoke,38.95370800099298,14.86654218518958,50,Female,5,1.34214588313877
Conservatives,2019,E14000712,Gloucester,39.66172117407896,14.44862512928421,25,Female,8,0.9362507938995093
Conservatives,2019,E14000712,Gloucester,39.66172117407896,14.44862512928421,48,Male,7,0.4917987547507339
Conservatives,2019,E14000712,Gloucester,39.66172117407896,14.44862512928421,57,Male,8,0.9981006995645791
Labour,2019,E14000712,Gloucester,39.66172117407896,14.44862512928421,29,Female,,1.0118440938653221
Conservatives,2019,E14000712,Gloucester,39.66172117407896,14.44862512928421,56,Male,5,0.9981006995645791
Conservatives,2019,E14000712,Gloucester,39.66172117407896,14.44862512928421,52,Female,,1.34214588313877
Conservatives,2019,E14000815,Mid Dorset and North Poole,31.61536271706708,21.6120208433899,79,Female,,0.5342596758391837
Conservatives,2019,E14000815,Mid Dorset and North Poole,31.61536271706708,21.6120208433899,54,Male,10,0.9835975095014678
Conservatives,2019,E14000815,Mid Dorset and North Poole,31.61536271706708,21.6120208433899,75,Female,8,1.0685193516783673
Conservatives,2019,E14000815,Mid Dorset and North Poole,31.61536271706708,21.6120208433899,52,Female,5,0.4473819610462593
Conservatives,2019,E14000815,Mid Dorset and North Poole,31.61536271706708,21.6120208433899,23,Female,6,1.7445482669997971
Conservatives,2019,E14000837,North Cornwall,30.97119755144926,23.02939631346932,55,Female,5,0.7637848730638648
Conservatives,2019,E14000837,North Cornwall,30.97119755144926,23.02939631346932,45,Male,10,0.8255127123987535
Conservatives,2019,E14000837,North Cornwall,30.97119755144926,23.02939631346932,54,Female,5,0.7509565499586469
Conservatives,2019,E14000837,North Cornwall,30.97119755144926,23.02939631346932,62,Female,6,0.7637848730638648
Conservatives,2019,E14000837,North Cornwall,30.97119755144926,23.02939631346932,43,Female,5,0.9611859722586099
Conservatives,2019,E14000837,North Cornwall,30.97119755144926,23.02939631346932,46,Female,,1.34214588313877
Conservatives,2019,E14000837,North Cornwall,30.97119755144926,23.02939631346932,60,Female,6,0.9079572568644811
Labour,2019,E14000839,North Dorset,32.23695881291022,21.73305089167388,77,Female,6,0.6005951213750343
Conservatives,2019,E14000839,North Dorset,32.23695881291022,21.73305089167388,66,Female,6,0.41402730968413204
Conservatives,2019,E14000839,North Dorset,32.23695881291022,21.73305089167388,55,Male,5,0.49905034978228957
Conservatives,2019,E14000839,North Dorset,32.23695881291022,21.73305089167388,66,Male,5,0.455132600472459
Labour,2019,E14000839,North Dorset,32.23695881291022,21.73305089167388,36,Male,6,0.5170929547627268
Labour,2019,E14000839,North Dorset,32.23695881291022,21.73305089167388,31,Male,5,1.1569925398262566
Conservatives,2019,E14000839,North Dorset,32.23695881291022,21.73305089167388,56,Female,6,0.45397862843224057
Conservatives,2019,E14000850,North Somerset,30.82175054437413,21.3954292924154,63,Female,7,0.45397862843224057
Conservatives,2019,E14000850,North Somerset,30.82175054437413,21.3954292924154,82,Female,5,0.5342596758391837
Conservatives,2019,E14000850,North Somerset,30.82175054437413,21.3954292924154,48,Male,8,0.8255127123987535
Labour,2019,E14000851,North Swindon,37.69250118784762,14.13678414712541,41,Male,5,1.7817101035348792
Conservatives,2019,E14000851,North Swindon,37.69250118784762,14.13678414712541,84,Male,5,0.5873018274513622
Conservatives,2019,E14000851,North Swindon,37.69250118784762,14.13678414712541,83,Male,9,
Labour,2019,E14000851,North Swindon,37.69250118784762,14.13678414712541,22,Male,4,1.437242630170911
Conservatives,2019,E14000880,"Plymouth, Sutton and Devonport",46.35250773600487,12.51916986542528,56,Female,7,0.45397862843224057
Conservatives,2019,E14000880,"Plymouth, Sutton and Devonport",46.35250773600487,12.51916986542528,36,Male,,1.0566140466083198
Labour,2019,E14000880,"Plymouth, Sutton and Devonport",46.35250773600487,12.51916986542528,32,Female,3,1.0524987840721856
Labour,2019,E14000880,"Plymouth, Sutton and Devonport",46.35250773600487,12.51916986542528,64,Female,2,0.42930946250216806
Conservatives,2019,E14000880,"Plymouth, Sutton and Devonport",46.35250773600487,12.51916986542528,63,Male,8,0.839614651855433
Conservatives,2019,E14000880,"Plymouth, Sutton and Devonport",46.35250773600487,12.51916986542528,74,Female,10,0.8280546193682641
Conservatives,2019,E14000880,"Plymouth, Sutton and Devonport",46.35250773600487,12.51916986542528,,Female,6,
Conservatives,2019,E14000880,"Plymouth, Sutton and Devonport",46.35250773600487,12.51916986542528,36,Female,7,0.8368743492315793
Labour,2019,E14000881,Poole,32.87940194452027,21.03273765775603,55,Female,2,0.42930946250216806
Conservatives,2019,E14000881,Poole,32.87940194452027,21.03273765775603,56,Female,6,0.45397862843224057
Labour,2019,E14000881,Poole,32.87940194452027,21.03273765775603,68,Female,6,0.4654343076177979
Conservatives,2019,E14000881,Poole,32.87940194452027,21.03273765775603,69,Female,10,0.41402730968413204
Labour,2019,E14000932,Somerton and Frome,31.6575126170895,21.04753325002664,48,Female,2,0.42209889747092666
Labour,2019,E14000932,Somerton and Frome,31.6575126170895,21.04753325002664,40,Male,3,0.5170929547627268
Labour,2019,E14000932,Somerton and Frome,31.6575126170895,21.04753325002664,22,Female,,0.4090530092685514
Conservatives,2019,E14000932,Somerton and Frome,31.6575126170895,21.04753325002664,59,Male,5,1.2594219777831428
Conservatives,2019,E14000938,South East Cornwall,29.95822738830367,21.7228932074101,77,Female,1,1.0685193516783673
Conservatives,2019,E14000938,South East Cornwall,29.95822738830367,21.7228932074101,71,Female,6,0.41402730968413204
Labour,2019,E14000938,South East Cornwall,29.95822738830367,21.7228932074101,34,Female,2,0.5262493920360928
Conservatives,2019,E14000938,South East Cornwall,29.95822738830367,21.7228932074101,65,Female,10,0.41402730968413204
Conservatives,2019,E14000938,South East Cornwall,29.95822738830367,21.7228932074101,33,Female,5,0.9000863948921801
Conservatives,2019,E14000938,South East Cornwall,29.95822738830367,21.7228932074101,77,Male,5,1.1746036549027243
Conservatives,2019,E14000947,South Swindon,37.99781966037773,13.43560632102064,78,Female,10,1.0685193516783673
Conservatives,2019,E14000947,South Swindon,37.99781966037773,13.43560632102064,78,Male,8,1.1746036549027243
Conservatives,2019,E14000947,South Swindon,37.99781966037773,13.43560632102064,83,Female,8,0.5342596758391837
Labour,2019,E14000947,South Swindon,37.99781966037773,13.43560632102064,55,Female,3,0.8586189250043361
Labour,2019,E14000947,South Swindon,37.99781966037773,13.43560632102064,38,Female,2,0.9407834318824516
Labour,2019,E14000947,South Swindon,37.99781966037773,13.43560632102064,66,Female,,0.4654343076177979
Labour,2019,E14000947,South Swindon,37.99781966037773,13.43560632102064,34,Female,5,1.0118440938653221
Conservatives,2019,E14000947,South Swindon,37.99781966037773,13.43560632102064,49,Male,6,0.8255127123987535
Conservatives,2019,E14000961,St Austell and Newquay,32.97921757922162,20.96924040151072,66,Male,5,0.910265200944918
Conservatives,2019,E14000961,St Austell and Newquay,32.97921757922162,20.96924040151072,,Female,4,
Conservatives,2019,E14000961,St Austell and Newquay,32.97921757922162,20.96924040151072,27,Female,5,0.9362507938995093
Labour,2019,E14000961,St Austell and Newquay,32.97921757922162,20.96924040151072,34,Female,1,0.5059220469326611
Conservatives,2019,E14000961,St Austell and Newquay,32.97921757922162,20.96924040151072,73,Female,5,1.2420819290523892
Conservatives,2019,E14000961,St Austell and Newquay,32.97921757922162,20.96924040151072,68,Male,6,0.910265200944918
Labour,2019,E14000961,St Austell and Newquay,32.97921757922162,20.96924040151072,21,Female,,2.6148761873585786
Conservatives,2019,E14000964,St Ives,30.04102648500594,23.02890662654143,70,Female,5,0.41402730968413204
Conservatives,2019,E14000964,St Ives,30.04102648500594,23.02890662654143,75,Female,7,1.0685193516783673
Conservatives,2019,E14000964,St Ives,30.04102648500594,23.02890662654143,70,Male,7,1.820530401889836
Conservatives,2019,E14000980,Stroud,32.31345676043921,19.02400416766852,59,Female,7,0.45397862843224057
Labour,2019,E14000980,Stroud,32.31345676043921,19.02400416766852,38,Female,,1.0805299965150283
Labour,2019,E14000980,Stroud,32.31345676043921,19.02400416766852,80,,,
Conservatives,2019,E14000980,Stroud,32.31345676043921,19.02400416766852,56,Male,6,1.679229303710866
Conservatives,2019,E14000988,Taunton Deane,34.48047410311561,19.97694827883507,58,Male,7,0.839614651855433
Conservatives,2019,E14000988,Taunton Deane,34.48047410311561,19.97694827883507,74,Male,6,0.455132600472459
Conservatives,2019,E14000988,Taunton Deane,34.48047410311561,19.97694827883507,67,Male,5,0.910265200944918
Conservatives,2019,E14000988,Taunton Deane,34.48047410311561,19.97694827883507,58,Female,10,1.361935885296714
Conservatives,2019,E14000988,Taunton Deane,34.48047410311561,19.97694827883507,75,Male,7,1.1746036549027243
Conservatives,2019,E14000988,Taunton Deane,34.48047410311561,19.97694827883507,56,Male,7,0.839614651855433
Conservatives,2019,E14000990,Tewkesbury,32.2395907636497,20.07764892901543,87,Female,8,0.5342596758391837
Conservatives,2019,E14000990,Tewkesbury,32.2395907636497,20.07764892901543,73,Female,7,0.41402730968413204
Labour,2019,E14000990,Tewkesbury,32.2395907636497,20.07764892901543,52,Male,4,1.1057242242272964
Conservatives,2019,E14000996,Tiverton and Honiton,30.30665440049065,24.70918941020137,74,Female,7,0.8280546193682641
Labour,2019,E14000996,Tiverton and Honiton,30.30665440049065,24.70918941020137,70,Male,0,1.0232867340890943
Conservatives,2019,E14000996,Tiverton and Honiton,30.30665440049065,24.70918941020137,69,Male,8,0.910265200944918
Conservatives,2019,E14001000,Torridge and West Devon,29.58542131854336,23.50205282816954,68,Male,9,1.3653978014173727
Labour,2019,E14001000,Torridge and West Devon,29.58542131854336,23.50205282816954,53,Female,2,0.42209889747092666
Conservatives,2019,E14001000,Torridge and West Devon,29.58542131854336,23.50205282816954,81,Male,5,0.5873018274513622
Conservatives,2019,E14001000,Torridge and West Devon,29.58542131854336,23.50205282816954,58,Female,7,0.45397862843224057
Conservatives,2019,E14001000,Torridge and West Devon,29.58542131854336,23.50205282816954,49,Male,5,0.9835975095014678
Conservatives,2019,E14001000,Torridge and West Devon,29.58542131854336,23.50205282816954,71,Male,10,0.910265200944918
Conservatives,2019,E14001000,Torridge and West Devon,29.58542131854336,23.50205282816954,71,Male,7,0.455132600472459
Conservatives,2019,E14001000,Torridge and West Devon,29.58542131854336,23.50205282816954,67,Female,7,0.8280546193682641
Conservatives,2019,E14001001,Totnes,28.24551021147598,26.33365137260112,,Male,8,
Conservatives,2019,E14001001,Totnes,28.24551021147598,26.33365137260112,79,Female,6,1.0685193516783673
Conservatives,2019,E14001031,West Dorset,28.42342342342343,26.5723863398282,65,Male,8,0.455132600472459
Labour,2019,E14001031,West Dorset,28.42342342342343,26.5723863398282,62,Male,4,0.9438639795288604
Conservatives,2019,E14001031,West Dorset,28.42342342342343,26.5723863398282,71,Male,3,0.910265200944918
Conservatives,2019,E14001031,West Dorset,28.42342342342343,26.5723863398282,45,Female,,0.8947639220925186
Conservatives,2019,E14001031,West Dorset,28.42342342342343,26.5723863398282,39,Female,5,0.9611859722586099
Conservatives,2019,E14001031,West Dorset,28.42342342342343,26.5723863398282,64,Male,7,1.2594219777831428
Labour,2019,W07000043,Alyn and Deeside,36.44748803102842,16.5868735228168,78,Male,3,1.1748814448111164
Labour,2019,W07000043,Alyn and Deeside,36.44748803102842,16.5868735228168,50,Female,4,0.4474877654113798
Conservatives,2019,W07000043,Alyn and Deeside,36.44748803102842,16.5868735228168,62,Male,5,0.44403546407828876
Labour,2019,W07000043,Alyn and Deeside,36.44748803102842,16.5868735228168,67,Male,4,0.9104804756767207
Labour,2019,W07000043,Alyn and Deeside,36.44748803102842,16.5868735228168,48,Female,,0.7511341487174688
Conservatives,2019,W07000043,Alyn and Deeside,36.44748803102842,16.5868735228168,79,Female,10,0.47536334400539343
Labour,2019,W07000043,Alyn and Deeside,36.44748803102842,16.5868735228168,46,Female,5,1.3424632962341332
Labour,2019,W07000072,Blaenau Gwent,36.08302059758788,17.87177356977111,23,Female,5,1.4558374150617766
Labour,2019,W07000072,Blaenau Gwent,36.08302059758788,17.87177356977111,35,Female,,0.48070664479283204
Conservatives,2019,W07000072,Blaenau Gwent,36.08302059758788,17.87177356977111,74,Female,5,0.368385291537977
Labour,2019,W07000072,Blaenau Gwent,36.08302059758788,17.87177356977111,60,Female,5,0.45408599288754226
Labour,2019,W07000072,Blaenau Gwent,36.08302059758788,17.87177356977111,36,Female,3,0.418536133633939
Labour,2019,W07000051,Cardiff North,38.13014957895454,16.53426243275756,39,Female,3,0.837072267267878
Labour,2019,W07000051,Cardiff North,38.13014957895454,16.53426243275756,81,Male,9,0.5874407224055582
Conservatives,2019,W07000051,Cardiff North,38.13014957895454,16.53426243275756,74,Male,6,0.4049591700639245
Conservatives,2019,W07000051,Cardiff North,38.13014957895454,16.53426243275756,40,Male,7,0.40927244892512116
Labour,2019,W07000079,Cardiff West,39.4443406901249,14.30125127709361,48,Female,2,0.4474877654113798
Labour,2019,W07000079,Cardiff West,39.4443406901249,14.30125127709361,47,Female,3,0.7511341487174688
Conservatives,2019,W07000079,Cardiff West,39.4443406901249,14.30125127709361,71,Male,6,0.809918340127849
Labour,2019,W07000079,Cardiff West,39.4443406901249,14.30125127709361,18,Male,5,2.5576044523742034
Labour,2019,W07000079,Cardiff West,39.4443406901249,14.30125127709361,53,Male,2,0.41285397172261923
Labour,2019,W07000079,Cardiff West,39.4443406901249,14.30125127709361,53,Female,,1.126701223076193
Labour,2019,W07000079,Cardiff West,39.4443406901249,14.30125127709361,34,Female,2,0.900299262369766
Conservatives,2019,W07000062,Clwyd South,35.74250652668612,17.31561239162909,52,Female,5,0.6681717392022374
Labour,2019,W07000062,Clwyd South,35.74250652668612,17.31561239162909,29,Male,4,0.49484120358920064
Labour,2019,W07000062,Clwyd South,35.74250652668612,17.31561239162909,41,Female,3,0.837072267267878
Labour,2019,W07000062,Clwyd South,35.74250652668612,17.31561239162909,19,Male,4,0.6394011130935509
Conservatives,2019,W07000062,Clwyd South,35.74250652668612,17.31561239162909,54,Male,6,0.7345088937667607
Conservatives,2019,W07000062,Clwyd South,35.74250652668612,17.31561239162909,83,Female,5,0.9507266880107869
Conservatives,2019,W07000062,Clwyd South,35.74250652668612,17.31561239162909,49,Female,5,1.1941888635891653
Labour,2019,W07000042,Delyn,33.8023742517964,18.78687447322181,63,Female,3,0.9081719857750845
Conservatives,2019,W07000042,Delyn,33.8023742517964,18.78687447322181,63,Male,10,0.8880709281565775
Labour,2019,W07000042,Delyn,33.8023742517964,18.78687447322181,31,Female,3,0.46823610706936986
Labour,2019,W07000042,Delyn,33.8023742517964,18.78687447322181,87,Male,5,0.5874407224055582
Conservatives,2019,W07000042,Delyn,33.8023742517964,18.78687447322181,68,Male,8,0.809918340127849
Conservatives,2019,W07000042,Delyn,33.8023742517964,18.78687447322181,71,Female,5,0.368385291537977
Conservatives,2019,W07000042,Delyn,33.8023742517964,18.78687447322181,82,Female,6,0.9507266880107869
Conservatives,2019,W07000042,Delyn,33.8023742517964,18.78687447322181,74,Female,6,0.736770583075954
Labour,2019,W07000061,Dwyfor Meirionnydd,30.0973882970914,25.27528099052218,64,Male,4,0.49916837355172916
Conservatives,2019,W07000061,Dwyfor Meirionnydd,30.0973882970914,25.27528099052218,73,Male,7,0.809918340127849
Conservatives,2019,W07000046,Gower,32.26589907349106,21.01543324894948,72,Female,8,0.368385291537977
Labour,2019,W07000046,Gower,32.26589907349106,21.01543324894948,22,Female,,0.5816536156459745
Labour,2019,W07000046,Gower,32.26589907349106,21.01543324894948,31,Female,,0.46823610706936986
Conservatives,2019,W07000046,Gower,32.26589907349106,21.01543324894948,76,Female,7,0.9507266880107869
Conservatives,2019,W07000046,Gower,32.26589907349106,21.01543324894948,35,Male,7,0.9401338136363305
Labour,2019,W07000046,Gower,32.26589907349106,21.01543324894948,51,Female,3,0.7511341487174688
Labour,2019,W07000045,Llanelli,35.48279894147332,19.40673272201366,60,Female,0,0.9081719857750845
Conservatives,2019,W07000045,Llanelli,35.48279894147332,19.40673272201366,58,Male,3,1.3321063922348582
Labour,2019,W07000045,Llanelli,35.48279894147332,19.40673272201366,46,Female,,0.3755670743587344
Labour,2019,W07000045,Llanelli,35.48279894147332,19.40673272201366,43,Male,1,0.528431966180843
Conservatives,2019,W07000045,Llanelli,35.48279894147332,19.40673272201366,54,Female,7,0.6681717392022374
Labour,2019,W07000063,Montgomeryshire,32.32098339578859,21.37067059690493,44,Female,,0.418536133633939
Conservatives,2019,W07000063,Montgomeryshire,32.32098339578859,21.37067059690493,58,Female,5,0.8078648218380182
Labour,2019,W07000063,Montgomeryshire,32.32098339578859,21.37067059690493,36,Female,2,0.48070664479283204
Conservatives,2019,W07000063,Montgomeryshire,32.32098339578859,21.37067059690493,57,Female,7,0.4039324109190091
Conservatives,2019,W07000063,Montgomeryshire,32.32098339578859,21.37067059690493,77,Male,5,1.0451163479603143
Labour,2019,W07000063,Montgomeryshire,32.32098339578859,21.37067059690493,80,Male,5,0.5874407224055582
Labour,2019,W07000063,Montgomeryshire,32.32098339578859,21.37067059690493,57,Female,3,0.3819827528394941
Conservatives,2019,W07000063,Montgomeryshire,32.32098339578859,21.37067059690493,57,Female,5,0.4039324109190091
Conservatives,2019,W07000063,Montgomeryshire,32.32098339578859,21.37067059690493,78,Female,5,0.47536334400539343
Conservatives,2019,W07000056,Newport West,37.50073184154752,16.98106579548249,57,Male,,0.37352812371156363
Conservatives,2019,W07000056,Newport West,37.50073184154752,16.98106579548249,64,Male,8,0.37352812371156363
Conservatives,2019,W07000056,Newport West,37.50073184154752,16.98106579548249,,Female,6,
Conservatives,2019,W07000056,Newport West,37.50073184154752,16.98106579548249,43,Female,5,1.116927050141444
Labour,2019,W07000056,Newport West,37.50073184154752,16.98106579548249,33,Male,2,0.9896824071784013
Conservatives,2019,W07000074,Ogmore,36.18373518156761,16.05207524953839,51,Female,4,1.1941888635891653
Labour,2019,W07000074,Ogmore,36.18373518156761,16.05207524953839,70,Female,2,0.8282504515674036
Conservatives,2019,W07000065,Preseli Pembrokeshire,33.46129238643634,21.27253972606317,65,Male,,0.4049591700639245
Conservatives,2019,W07000065,Preseli Pembrokeshire,33.46129238643634,21.27253972606317,83,Male,7,1.0451163479603143
Conservatives,2019,W07000065,Preseli Pembrokeshire,33.46129238643634,21.27253972606317,53,Male,7,0.7345088937667607
Labour,2019,W07000065,Preseli Pembrokeshire,33.46129238643634,21.27253972606317,68,Female,3,0.4141252257837018
Conservatives,2019,W07000065,Preseli Pembrokeshire,33.46129238643634,21.27253972606317,55,Male,,0.7470562474231273
Labour,2019,W07000065,Preseli Pembrokeshire,33.46129238643634,21.27253972606317,54,Female,5,0.4474877654113798
Conservatives,2019,W07000065,Preseli Pembrokeshire,33.46129238643634,21.27253972606317,50,Female,6,0.3980629545297242
Conservatives,2019,W07000065,Preseli Pembrokeshire,33.46129238643634,21.27253972606317,51,Female,8,0.6681717392022374
Labour,2019,W07000065,Preseli Pembrokeshire,33.46129238643634,21.27253972606317,41,Male,,0.9201781352917606
Conservatives,2019,W07000065,Preseli Pembrokeshire,33.46129238643634,21.27253972606317,79,Male,,1.0451163479603143
Conservatives,2019,W07000048,Swansea East,38.62620443031688,15.58185159431807,26,Male,,0.4401862279802856
Labour,2019,W07000048,Swansea East,38.62620443031688,15.58185159431807,37,Male,5,0.4600890676458803
Conservatives,2019,W07000048,Swansea East,38.62620443031688,15.58185159431807,32,Male,6,0.9157447723883
Labour,2019,W07000078,Vale of Glamorgan,35.71874392477464,17.68594026582628,35,Female,4,0.837072267267878
Conservatives,2019,W07000078,Vale of Glamorgan,35.71874392477464,17.68594026582628,59,Female,8,0.4039324109190091
Conservatives,2019,W07000078,Vale of Glamorgan,35.71874392477464,17.68594026582628,64,Male,5,0.37352812371156363
Conservatives,2019,W07000078,Vale of Glamorgan,35.71874392477464,17.68594026582628,59,Female,10,0.4039324109190091
Labour,2019,E14000561,"Birmingham, Erdington",42.19763136901962,14.14019513592014,32,Female,6,0.4783906710279289
Labour,2019,E14000561,"Birmingham, Erdington",42.19763136901962,14.14019513592014,26,Female,3,0.9567813420558579
Labour,2019,E14000563,"Birmingham, Hodge Hill",51.95105113496277,10.48751623136475,37,Male,,0.940133896043683
Labour,2019,E14000563,"Birmingham, Hodge Hill",51.95105113496277,10.48751623136475,40,Female,4,0.982263310744456
Conservatives,2019,E14000563,"Birmingham, Hodge Hill",51.95105113496277,10.48751623136475,18,Male,5,1.7433437957224798
Labour,2019,E14000564,"Birmingham, Ladywood",56.70005446236178,6.990915046608732,33,Male,5,1.0111454963135986
Labour,2019,E14000567,"Birmingham, Selly Oak",46.01843043423948,13.74499120758742,22,Female,1,1.4874099356797088
Labour,2019,E14000567,"Birmingham, Selly Oak",46.01843043423948,13.74499120758742,84,Male,4,1.2003609168017095
Labour,2019,E14000567,"Birmingham, Selly Oak",46.01843043423948,13.74499120758742,31,,2,
Labour,2019,E14000567,"Birmingham, Selly Oak",46.01843043423948,13.74499120758742,61,Male,2,0.5099937607843429
Labour,2019,E14000567,"Birmingham, Selly Oak",46.01843043423948,13.74499120758742,,Female,2,
Conservatives,2019,E14000567,"Birmingham, Selly Oak",46.01843043423948,13.74499120758742,20,Female,6,0.528631246401762
Labour,2019,E14000567,"Birmingham, Selly Oak",46.01843043423948,13.74499120758742,32,Female,3,0.9198239130824102
Labour,2019,E14000567,"Birmingham, Selly Oak",46.01843043423948,13.74499120758742,31,Female,0,0.4599119565412051
Labour,2019,E14000567,"Birmingham, Selly Oak",46.01843043423948,13.74499120758742,48,Female,2,0.38371193935253917
Conservatives,2019,E14000605,Bromsgrove,31.9852195179256,20.43529801253778,21,Male,5,1.7433437957224798
Conservatives,2019,E14000605,Bromsgrove,31.9852195179256,20.43529801253778,71,Female,10,0.37637440631968166
Conservatives,2019,E14000605,Bromsgrove,31.9852195179256,20.43529801253778,69,Female,5,0.37637440631968166
Conservatives,2019,E14000605,Bromsgrove,31.9852195179256,20.43529801253778,85,Female,,
Conservatives,2019,E14000605,Bromsgrove,31.9852195179256,20.43529801253778,45,Male,7,1.5008761488485873
Conservatives,2019,E14000605,Bromsgrove,31.9852195179256,20.43529801253778,30,Male,4,0.9356043874853396
Conservatives,2019,E14000605,Bromsgrove,31.9852195179256,20.43529801253778,44,Female,8,1.1411496741477238
Conservatives,2019,E14000650,Coventry North West,40.20243476881592,16.21956538980093,71,Female,9,0.37637440631968166
Conservatives,2019,E14000650,Coventry North West,40.20243476881592,16.21956538980093,57,Male,4,0.453665192439206
Conservatives,2019,E14000650,Coventry North West,40.20243476881592,16.21956538980093,45,Male,10,0.4470730795253151
Conservatives,2019,E14000650,Coventry North West,40.20243476881592,16.21956538980093,66,Female,10,0.37637440631968166
Conservatives,2019,E14000650,Coventry North West,40.20243476881592,16.21956538980093,76,Male,8,1.067781624386606
Conservatives,2019,E14000650,Coventry North West,40.20243476881592,16.21956538980093,75,Female,8,0.9713449504957955
Conservatives,2019,E14000650,Coventry North West,40.20243476881592,16.21956538980093,22,Female,7,1.3231262156390475
Conservatives,2019,E14000650,Coventry North West,40.20243476881592,16.21956538980093,26,Female,8,1.276657946751488
Conservatives,2019,E14000650,Coventry North West,40.20243476881592,16.21956538980093,54,Female,5,0.8133913683876688
Conservatives,2019,E14000650,Coventry North West,40.20243476881592,16.21956538980093,71,Female,5,0.7527488126393633
Labour,2019,E14000651,Coventry South,46.49213370336342,14.6452352311583,43,Male,4,0.940133896043683
Labour,2019,E14000651,Coventry South,46.49213370336342,14.6452352311583,78,Female,8,
Conservatives,2019,E14000651,Coventry South,46.49213370336342,14.6452352311583,55,Female,7,0.4126924305750851
Labour,2019,E14000651,Coventry South,46.49213370336342,14.6452352311583,61,Male,5,1.7160522343935682
Labour,2019,E14000651,Coventry South,46.49213370336342,14.6452352311583,57,Female,4,0.7805335073183858
Conservatives,2019,E14000651,Coventry South,46.49213370336342,14.6452352311583,89,Female,9,0.48567247524789775
Conservatives,2019,E14000651,Coventry South,46.49213370336342,14.6452352311583,58,Female,7,0.6943239526268907
Conservatives,2019,E14000651,Coventry South,46.49213370336342,14.6452352311583,77,Female,8,0.9713449504957955
Conservatives,2019,E14000651,Coventry South,46.49213370336342,14.6452352311583,70,Male,7,0.8274829137732141
Conservatives,2019,E14000672,Dudley South,36.16914423463238,18.73744475693049,39,Female,7,0.8737727951995152
Conservatives,2019,E14000672,Dudley South,36.16914423463238,18.73744475693049,58,Male,5,0.907330384878412
Conservatives,2019,E14000672,Dudley South,36.16914423463238,18.73744475693049,43,Male,4,0.9605223500948405
Labour,2019,E14000672,Dudley South,36.16914423463238,18.73744475693049,37,Female,5,0.42761286196348747
Conservatives,2019,E14000672,Dudley South,36.16914423463238,18.73744475693049,70,Male,,0.8274829137732141
Labour,2019,E14000672,Dudley South,36.16914423463238,18.73744475693049,54,Female,5,1.3715770898903907
Conservatives,2019,E14000672,Dudley South,36.16914423463238,18.73744475693049,85,Female,,0.48567247524789775
Conservatives,2019,E14000672,Dudley South,36.16914423463238,18.73744475693049,68,Male,5,0.8274829137732141
Conservatives,2019,E14000672,Dudley South,36.16914423463238,18.73744475693049,57,Male,6,1.1448863108950975
Conservatives,2019,E14000672,Dudley South,36.16914423463238,18.73744475693049,66,Male,6,
Conservatives,2019,E14000743,Hereford and South Herefordshire,34.46436630697904,19.3451770401674,44,Male,6,0.9605223500948405
Conservatives,2019,E14000743,Hereford and South Herefordshire,34.46436630697904,19.3451770401674,72,Female,6,0.37637440631968166
Conservatives,2019,E14000743,Hereford and South Herefordshire,34.46436630697904,19.3451770401674,73,Female,8,0.37637440631968166
Labour,2019,E14000743,Hereford and South Herefordshire,34.46436630697904,19.3451770401674,63,Female,3,0.3902667536591929
Conservatives,2019,E14000743,Hereford and South Herefordshire,34.46436630697904,19.3451770401674,59,Male,5,0.7632575405967408
Labour,2019,E14000743,Hereford and South Herefordshire,34.46436630697904,19.3451770401674,86,Female,4,0.5459751735180979
Conservatives,2019,E14000743,Hereford and South Herefordshire,34.46436630697904,19.3451770401674,77,Male,3,0.533890812193303
Conservatives,2019,E14000791,Lichfield,31.90514599128892,20.06452653653815,70,Male,5,0.8274829137732141
Conservatives,2019,E14000791,Lichfield,31.90514599128892,20.06452653653815,74,Female,8,0.37637440631968166
Conservatives,2019,E14000791,Lichfield,31.90514599128892,20.06452653653815,75,Female,5,0.48567247524789775
Conservatives,2019,E14000791,Lichfield,31.90514599128892,20.06452653653815,53,Male,6,1.5008761488485873
Conservatives,2019,E14000812,Meriden,36.05607424645596,17.6817452738348,57,Male,6,1.360995577317609
Conservatives,2019,E14000812,Meriden,36.05607424645596,17.6817452738348,31,Male,5,0.899464957107821
Conservatives,2019,E14000812,Meriden,36.05607424645596,17.6817452738348,77,Female,8,0.48567247524789775
Conservatives,2019,E14000812,Meriden,36.05607424645596,17.6817452738348,,Female,,
Labour,2019,E14000818,Mid Worcestershire,31.62385923306583,20.4491075020645,20,Male,4,1.9598031181105342
Conservatives,2019,E14000818,Mid Worcestershire,31.62385923306583,20.4491075020645,50,Female,5,1.6267827367753376
Conservatives,2019,E14000818,Mid Worcestershire,31.62385923306583,20.4491075020645,79,Male,6,1.067781624386606
Conservatives,2019,E14000818,Mid Worcestershire,31.62385923306583,20.4491075020645,79,Female,5,0.9713449504957955
Labour,2019,E14000818,Mid Worcestershire,31.62385923306583,20.4491075020645,45,Male,4,1.5077494480895866
Conservatives,2019,E14000834,Newcastle-under-Lyme,37.69745348248918,17.6536061611108,64,Male,8,0.453665192439206
Conservatives,2019,E14000834,Newcastle-under-Lyme,37.69745348248918,17.6536061611108,45,Male,,1.5008761488485873
Conservatives,2019,E14000834,Newcastle-under-Lyme,37.69745348248918,17.6536061611108,54,Male,6,0.8941461590506302
Labour,2019,E14000834,Newcastle-under-Lyme,37.69745348248918,17.6536061611108,47,Male,4,0.4218074718865458
Conservatives,2019,E14000834,Newcastle-under-Lyme,37.69745348248918,17.6536061611108,30,Female,,0.8511052978343255
Conservatives,2019,E14000834,Newcastle-under-Lyme,37.69745348248918,17.6536061611108,68,Female,5,0.37637440631968166
Conservatives,2019,E14000834,Newcastle-under-Lyme,37.69745348248918,17.6536061611108,47,Male,8,0.4470730795253151
Conservatives,2019,E14000847,North Herefordshire,29.5981857300692,23.44129790079665,76,Male,5,
Conservatives,2019,E14000847,North Herefordshire,29.5981857300692,23.44129790079665,64,Male,5,1.5265150811934816
Conservatives,2019,E14000847,North Herefordshire,29.5981857300692,23.44129790079665,76,Female,,
Conservatives,2019,E14000847,North Herefordshire,29.5981857300692,23.44129790079665,69,Male,7,0.8274829137732141
Conservatives,2019,E14000847,North Herefordshire,29.5981857300692,23.44129790079665,70,Female,5,0.7527488126393633
Conservatives,2019,E14000847,North Herefordshire,29.5981857300692,23.44129790079665,74,Male,3,0.8274829137732141
Conservatives,2019,E14000847,North Herefordshire,29.5981857300692,23.44129790079665,81,Female,9,0.9713449504957955
Conservatives,2019,E14000847,North Herefordshire,29.5981857300692,23.44129790079665,64,Male,7,0.7632575405967408
Conservatives,2019,E14000847,North Herefordshire,29.5981857300692,23.44129790079665,61,Female,10,0.4126924305750851
Labour,2019,E14000854,North Warwickshire,33.95383966057268,18.13426039051914,57,Male,1,0.8580261171967841
Conservatives,2019,E14000854,North Warwickshire,33.95383966057268,18.13426039051914,43,Male,5,0.9605223500948405
Conservatives,2019,E14000854,North Warwickshire,33.95383966057268,18.13426039051914,67,Female,8,
Conservatives,2019,E14000854,North Warwickshire,33.95383966057268,18.13426039051914,37,Male,5,0.4802611750474203
Labour,2019,E14000854,North Warwickshire,33.95383966057268,18.13426039051914,48,Male,5,0.8436149437730917
Conservatives,2019,E14000868,Nuneaton,37.28015282260721,15.48646334233581,65,Male,8,0.4137414568866071
Conservatives,2019,E14000868,Nuneaton,37.28015282260721,15.48646334233581,72,Male,5,0.4137414568866071
Labour,2019,E14000868,Nuneaton,37.28015282260721,15.48646334233581,74,Female,3,0.42310629543762734
Conservatives,2019,E14000868,Nuneaton,37.28015282260721,15.48646334233581,72,Female,4,0.7527488126393633
Labour,2019,E14000868,Nuneaton,37.28015282260721,15.48646334233581,24,Female,5,0.7437049678398544
Conservatives,2019,E14000868,Nuneaton,37.28015282260721,15.48646334233581,49,Female,6,1.365324552518972
Conservatives,2019,E14000868,Nuneaton,37.28015282260721,15.48646334233581,30,Female,5,1.276657946751488
Conservatives,2019,E14000868,Nuneaton,37.28015282260721,15.48646334233581,77,Male,5,1.067781624386606
Conservatives,2019,E14000868,Nuneaton,37.28015282260721,15.48646334233581,21,Female,5,1.5858937392053016
Conservatives,2019,E14000868,Nuneaton,37.28015282260721,15.48646334233581,53,Male,,0.37521903721214683
Conservatives,2019,E14000931,Solihull,33.31714178734428,20.7707175890788,27,Male,7,0.9356043874853396
Conservatives,2019,E14000931,Solihull,33.31714178734428,20.7707175890788,57,Male,8,0.453665192439206
Labour,2019,E14000931,Solihull,33.31714178734428,20.7707175890788,40,Female,5,1.282838585890462
Conservatives,2019,E14000931,Solihull,33.31714178734428,20.7707175890788,23,Female,6,1.5858937392053016
Conservatives,2019,E14000931,Solihull,33.31714178734428,20.7707175890788,51,Male,5,0.8941461590506302
Conservatives,2019,E14000931,Solihull,33.31714178734428,20.7707175890788,41,Male,7,0.9605223500948405
Labour,2019,E14000931,Solihull,33.31714178734428,20.7707175890788,90,Female,,0.5459751735180979
Labour,2019,E14000931,Solihull,33.31714178734428,20.7707175890788,27,Male,1,0.5055727481567993
Conservatives,2019,E14000931,Solihull,33.31714178734428,20.7707175890788,82,Female,10,0.48567247524789775
Conservatives,2019,E14000931,Solihull,33.31714178734428,20.7707175890788,39,Male,5,0.4181482771586541
Conservatives,2019,E14000931,Solihull,33.31714178734428,20.7707175890788,78,Female,2,0.48567247524789775
Conservatives,2019,E14000931,Solihull,33.31714178734428,20.7707175890788,80,Female,7,0.9713449504957955
Conservatives,2019,E14000931,Solihull,33.31714178734428,20.7707175890788,87,Female,10,0.48567247524789775
Conservatives,2019,E14000945,South Staffordshire,31.71213496342961,20.77732101863221,49,Female,5,0.4066956841938344
Conservatives,2019,E14000945,South Staffordshire,31.71213496342961,20.77732101863221,,Male,,
Conservatives,2019,E14000945,South Staffordshire,31.71213496342961,20.77732101863221,39,Female,7,0.8737727951995152
Conservatives,2019,E14000945,South Staffordshire,31.71213496342961,20.77732101863221,,Male,6,
Conservatives,2019,E14000945,South Staffordshire,31.71213496342961,20.77732101863221,65,Male,10,0.4137414568866071
Conservatives,2019,E14000945,South Staffordshire,31.71213496342961,20.77732101863221,39,Female,7,0.760766449431821
Conservatives,2019,E14000945,South Staffordshire,31.71213496342961,20.77732101863221,66,Female,10,0.37637440631968166
Labour,2019,E14000973,Stoke-on-Trent North,38.4624928914853,16.31701390683968,79,Male,4,0.6001804584008548
Conservatives,2019,E14000973,Stoke-on-Trent North,38.4624928914853,16.31701390683968,71,Male,5,0.4137414568866071
Conservatives,2019,E14000973,Stoke-on-Trent North,38.4624928914853,16.31701390683968,56,Male,6,1.5265150811934816
Conservatives,2019,E14000973,Stoke-on-Trent North,38.4624928914853,16.31701390683968,36,Male,5,0.8362965543173082
Conservatives,2019,E14000973,Stoke-on-Trent North,38.4624928914853,16.31701390683968,58,Male,5,0.453665192439206
Conservatives,2019,E14000973,Stoke-on-Trent North,38.4624928914853,16.31701390683968,53,Female,,0.682662276259486
Conservatives,2019,E14000973,Stoke-on-Trent North,38.4624928914853,16.31701390683968,54,Female,,1.2200870525814944
Conservatives,2019,E14000977,Stratford-on-Avon,29.71070177421178,22.81387727426828,60,Female,6,0.8253848611501702
Conservatives,2019,E14000977,Stratford-on-Avon,29.71070177421178,22.81387727426828,77,Male,6,1.067781624386606
Conservatives,2019,E14000977,Stratford-on-Avon,29.71070177421178,22.81387727426828,64,Male,5,1.5265150811934816
Conservatives,2019,E14000977,Stratford-on-Avon,29.71070177421178,22.81387727426828,69,Female,8,0.7527488126393633
Conservatives,2019,E14000977,Stratford-on-Avon,29.71070177421178,22.81387727426828,30,Female,6,0.8182297993154601
Conservatives,2019,E14000977,Stratford-on-Avon,29.71070177421178,22.81387727426828,67,Female,8,0.37637440631968166
Labour,2019,E14000989,Telford,40.06684447592382,13.26043891587999,,Male,2,
Conservatives,2019,E14000989,Telford,40.06684447592382,13.26043891587999,57,Male,8,0.7632575405967408
Conservatives,2019,E14001011,Walsall North,40.36515477534673,15.5307952875008,36,Female,5,0.4368863975997576
Labour,2019,E14001011,Walsall North,40.36515477534673,15.5307952875008,93,Male,3,0.6001804584008548
Conservatives,2019,E14001011,Walsall North,40.36515477534673,15.5307952875008,75,Male,,0.533890812193303
Conservatives,2019,E14001011,Walsall North,40.36515477534673,15.5307952875008,80,Female,5,0.48567247524789775
Conservatives,2019,E14001011,Walsall North,40.36515477534673,15.5307952875008,71,Male,5,0.8274829137732141
Conservatives,2019,E14001011,Walsall North,40.36515477534673,15.5307952875008,61,Female,5,0.4126924305750851
Labour,2019,E14001016,Warley,42.89432869491654,14.09963015585514,28,Male,6,2.1035442354062517
Conservatives,2019,E14001016,Warley,42.89432869491654,14.09963015585514,70,Male,7,0.4137414568866071
Conservatives,2019,E14001016,Warley,42.89432869491654,14.09963015585514,50,Male,5,0.7504380744242937
Labour,2019,E14001016,Warley,42.89432869491654,14.09963015585514,66,Male,5,0.46511296239301475
Labour,2019,E14001016,Warley,42.89432869491654,14.09963015585514,61,Female,3,0.9278673710213113
Conservatives,2019,E14001016,Warley,42.89432869491654,14.09963015585514,76,Female,5,0.9713449504957955
Labour,2019,E14001030,West Bromwich West,41.21142907828941,14.32515439456265,86,Male,8,0.6001804584008548
Labour,2019,E14001030,West Bromwich West,41.21142907828941,14.32515439456265,30,Male,3,0.5258860588515629
Labour,2019,E14001030,West Bromwich West,41.21142907828941,14.32515439456265,44,Female,,
Conservatives,2019,E14001030,West Bromwich West,41.21142907828941,14.32515439456265,18,Female,4,1.5858937392053016
Conservatives,2019,E14001030,West Bromwich West,41.21142907828941,14.32515439456265,,Female,7,
Labour,2019,E14001030,West Bromwich West,41.21142907828941,14.32515439456265,32,Male,8,1.0517721177031258
Conservatives,2019,E14001030,West Bromwich West,41.21142907828941,14.32515439456265,26,Female,5,0.8511052978343255
Conservatives,2019,E14001035,West Worcestershire,29.30677082196862,24.37648650417857,55,Female,4,0.6943239526268907
Conservatives,2019,E14001035,West Worcestershire,29.30677082196862,24.37648650417857,44,Female,,0.8737727951995152
Conservatives,2019,E14001035,West Worcestershire,29.30677082196862,24.37648650417857,58,Male,6,0.3816287702983704
Conservatives,2019,E14001035,West Worcestershire,29.30677082196862,24.37648650417857,50,Female,6,0.682662276259486
Conservatives,2019,E14001035,West Worcestershire,29.30677082196862,24.37648650417857,39,Male,7,0.8362965543173082
Labour,2019,E14001050,Wolverhampton South East,40.08868525806049,15.94860337729794,18,Male,7,0.6532677060368417
Labour,2019,E14001050,Wolverhampton South East,40.08868525806049,15.94860337729794,41,Female,,1.7104514478539499
Labour,2019,E14001050,Wolverhampton South East,40.08868525806049,15.94860337729794,,Male,,
Labour,2019,E14001050,Wolverhampton South East,40.08868525806049,15.94860337729794,49,Male,5,0.5025831493631883
Labour,2019,E14001050,Wolverhampton South East,40.08868525806049,15.94860337729794,35,Female,3,0.8552257239269749
Labour,2019,E14001050,Wolverhampton South East,40.08868525806049,15.94860337729794,55,Female,10,0.9278673710213113
Conservatives,2019,E14001050,Wolverhampton South East,40.08868525806049,15.94860337729794,41,Female,,0.8737727951995152
Conservatives,2019,E14001058,Wyre Forest,32.24291911201837,20.88594029089053,28,Male,5,0.4497324785539105
Conservatives,2019,E14001058,Wyre Forest,32.24291911201837,20.88594029089053,66,Male,7,0.4137414568866071
Conservatives,2019,E14001058,Wyre Forest,32.24291911201837,20.88594029089053,63,Female,5,0.8253848611501702
Conservatives,2019,E14001058,Wyre Forest,32.24291911201837,20.88594029089053,33,Male,6,0.899464957107821
Labour,2019,E14000548,Batley and Spen,39.5666317574769,14.70263857867079,18,Female,,1.8896567495970333
Labour,2019,E14000548,Batley and Spen,39.5666317574769,14.70263857867079,61,Male,6,0.4054203657015986
Conservatives,2019,E14000548,Batley and Spen,39.5666317574769,14.70263857867079,46,Male,7,0.5965619620553478
Labour,2019,E14000548,Batley and Spen,39.5666317574769,14.70263857867079,32,Male,,0.8361079475524337
Conservatives,2019,E14000548,Batley and Spen,39.5666317574769,14.70263857867079,39,Female,8,0.9071587807303807
Conservatives,2019,E14000556,Beverley and Holderness,30.41765248426034,20.98187432329471,54,Male,6,0.8948429430830267
Conservatives,2019,E14000556,Beverley and Holderness,30.41765248426034,20.98187432329471,46,Female,8,0.646606784998867
Conservatives,2019,E14000556,Beverley and Holderness,30.41765248426034,20.98187432329471,66,Female,,0.5983988871399889
Conservatives,2019,E14000556,Beverley and Holderness,30.41765248426034,20.98187432329471,65,Female,4,0.5983988871399889
Conservatives,2019,E14000556,Beverley and Holderness,30.41765248426034,20.98187432329471,64,Female,7,0.5519539500962656
Conservatives,2019,E14000556,Beverley and Holderness,30.41765248426034,20.98187432329471,72,Female,9,0.5983988871399889
Conservatives,2019,E14000587,Bradford East,48.32542611140397,10.34088912317695,69,Male,7,0.6578088818141714
Labour,2019,E14000587,Bradford East,48.32542611140397,10.34088912317695,40,Male,3,0.8583760203119203
Labour,2019,E14000643,Cleethorpes,33.21188550425779,19.91495090444798,61,Male,5,0.6820892508183702
Conservatives,2019,E14000643,Cleethorpes,33.21188550425779,19.91495090444798,77,Female,5,0.38608612039366175
Labour,2019,E14000643,Cleethorpes,33.21188550425779,19.91495090444798,,Male,3,
Conservatives,2019,E14000643,Cleethorpes,33.21188550425779,19.91495090444798,32,Female,5,0.6765875342629247
Conservatives,2019,E14000643,Cleethorpes,33.21188550425779,19.91495090444798,30,Female,7,0.6765875342629247
Labour,2019,E14000643,Cleethorpes,33.21188550425779,19.91495090444798,76,Male,1,0.4771144269639773
Conservatives,2019,E14000643,Cleethorpes,33.21188550425779,19.91495090444798,27,Male,5,0.37188011118308056
Conservatives,2019,E14000643,Cleethorpes,33.21188550425779,19.91495090444798,55,Male,6,0.7212837582244845
Labour,2019,E14000643,Cleethorpes,33.21188550425779,19.91495090444798,42,Female,,0.33993153682766336
Labour,2019,E14000645,Colne Valley,35.36780798710635,16.06761842840267,50,Female,3,1.4537832371807546
Conservatives,2019,E14000645,Colne Valley,35.36780798710635,16.06761842840267,31,Male,5,0.7437602223661611
Labour,2019,E14000645,Colne Valley,35.36780798710635,16.06761842840267,44,Male,4,1.7167520406238406
Conservatives,2019,E14000645,Colne Valley,35.36780798710635,16.06761842840267,78,Male,6,1.273252096209422
Conservatives,2019,E14000645,Colne Valley,35.36780798710635,16.06761842840267,53,Male,8,0.2982809810276739
Conservatives,2019,E14000645,Colne Valley,35.36780798710635,16.06761842840267,76,Male,6,0.8488347308062857
Conservatives,2019,E14000645,Colne Valley,35.36780798710635,16.06761842840267,28,Female,6,1.300906206994511
Conservatives,2019,E14000689,Elmet and Rothwell,31.7657569035263,20.55750178171708,80,Male,5,0.42441736540314284
Labour,2019,E14000689,Elmet and Rothwell,31.7657569035263,20.55750178171708,72,Female,4,0.6726980689456102
Labour,2019,E14000689,Elmet and Rothwell,31.7657569035263,20.55750178171708,58,Male,5,0.8108407314031972
Labour,2019,E14000689,Elmet and Rothwell,31.7657569035263,20.55750178171708,70,Male,5,0.7394846047368148
Labour,2019,E14000689,Elmet and Rothwell,31.7657569035263,20.55750178171708,30,Female,3,0.7312155086944885
Conservatives,2019,E14000689,Elmet and Rothwell,31.7657569035263,20.55750178171708,53,Male,4,0.355401468280185
Conservatives,2019,E14000689,Elmet and Rothwell,31.7657569035263,20.55750178171708,69,Male,8,0.6578088818141714
Conservatives,2019,E14000689,Elmet and Rothwell,31.7657569035263,20.55750178171708,24,Female,6,0.5259106634841524
Conservatives,2019,E14000689,Elmet and Rothwell,31.7657569035263,20.55750178171708,27,Male,8,0.7150311236858806
Conservatives,2019,E14000689,Elmet and Rothwell,31.7657569035263,20.55750178171708,74,Male,5,0.6578088818141714
Conservatives,2019,E14000689,Elmet and Rothwell,31.7657569035263,20.55750178171708,77,Male,,0.42441736540314284
Conservatives,2019,E14000689,Elmet and Rothwell,31.7657569035263,20.55750178171708,64,Male,10,0.6067528174409892
Labour,2019,E14000716,Great Grimsby,39.86945140124429,15.47204877440704,50,Male,2,0.7990585763124506
Conservatives,2019,E14000716,Great Grimsby,39.86945140124429,15.47204877440704,54,Male,3,0.71080293656037
Conservatives,2019,E14000716,Great Grimsby,39.86945140124429,15.47204877440704,78,Female,5,0.38608612039366175
Labour,2019,E14000716,Great Grimsby,39.86945140124429,15.47204877440704,25,Male,3,0.8361079475524337
Labour,2019,E14000716,Great Grimsby,39.86945140124429,15.47204877440704,71,Female,3,0.6726980689456102
Conservatives,2019,E14000716,Great Grimsby,39.86945140124429,15.47204877440704,69,Female,7,0.29919944356999445
Conservatives,2019,E14000716,Great Grimsby,39.86945140124429,15.47204877440704,53,Male,6,1.42160587312074
Conservatives,2019,E14000716,Great Grimsby,39.86945140124429,15.47204877440704,38,Female,5,0.3473035489935009
Labour,2019,E14000724,Haltemprice and Howden,30.80468599961591,21.19657926546843,66,Female,3,1.0090471034184088
Labour,2019,E14000724,Haltemprice and Howden,30.80468599961591,21.19657926546843,38,Female,4,0.6798630736553267
Conservatives,2019,E14000724,Haltemprice and Howden,30.80468599961591,21.19657926546843,,Male,4,
Conservatives,2019,E14000724,Haltemprice and Howden,30.80468599961591,21.19657926546843,63,Female,5,0.6561410314852058
Conservatives,2019,E14000724,Haltemprice and Howden,30.80468599961591,21.19657926546843,50,Female,5,0.2713417407951724
Conservatives,2019,E14000724,Haltemprice and Howden,30.80468599961591,21.19657926546843,54,Male,7,1.1931239241106957
Conservatives,2019,E14000724,Haltemprice and Howden,30.80468599961591,21.19657926546843,53,Female,7,1.293213569997734
Labour,2019,E14000724,Haltemprice and Howden,30.80468599961591,21.19657926546843,23,Female,3,0.5912094680766543
Conservatives,2019,E14000724,Haltemprice and Howden,30.80468599961591,21.19657926546843,44,Female,9,0.3473035489935009
Conservatives,2019,E14000724,Haltemprice and Howden,30.80468599961591,21.19657926546843,75,Male,7,0.8488347308062857
Conservatives,2019,E14000740,Hemsworth,35.36956220190143,18.1190580351903,46,Female,5,0.3233033924994335
Labour,2019,E14000740,Hemsworth,35.36956220190143,18.1190580351903,70,Male,,0.7394846047368148
Conservatives,2019,E14000740,Hemsworth,35.36956220190143,18.1190580351903,29,Female,5,0.6504531034972555
Labour,2019,E14000777,Leeds Central,54.35101635346975,9.043702070335724,58,Female,2,1.1064145029053674
Labour,2019,E14000778,Leeds East,42.02436778202373,14.4396574537679,60,Male,5,1.6216814628063945
Conservatives,2019,E14000778,Leeds East,42.02436778202373,14.4396574537679,99,Female,5,0.38608612039366175
Labour,2019,E14000778,Leeds East,42.02436778202373,14.4396574537679,23,Female,5,1.4172425621977693
Conservatives,2019,E14000778,Leeds East,42.02436778202373,14.4396574537679,68,Female,5,0.5983988871399889
Conservatives,2019,E14000778,Leeds East,42.02436778202373,14.4396574537679,73,Male,,0.6578088818141714
Conservatives,2019,E14000778,Leeds East,42.02436778202373,14.4396574537679,74,Female,8,0.5983988871399889
Conservatives,2019,E14000778,Leeds East,42.02436778202373,14.4396574537679,60,Female,5,0.6561410314852058
Labour,2019,E14000779,Leeds North East,37.76844172850284,15.20296813618507,34,Male,5,0.8361079475524337
Labour,2019,E14000779,Leeds North East,37.76844172850284,15.20296813618507,36,Male,,0.42918801015596014
Labour,2019,E14000779,Leeds North East,37.76844172850284,15.20296813618507,50,Male,3,0.6706330651767339
Conservatives,2019,E14000779,Leeds North East,37.76844172850284,15.20296813618507,41,Female,,0.6047725204869178
Labour,2019,E14000779,Leeds North East,37.76844172850284,15.20296813618507,31,Female,3,0.36560775434724424
Conservatives,2019,E14000779,Leeds North East,37.76844172850284,15.20296813618507,71,Female,,0.5983988871399889
Labour,2019,E14000781,Leeds West,43.16315755446846,12.96791155744241,43,Female,5,0.780851808941385
Labour,2019,E14000781,Leeds West,43.16315755446846,12.96791155744241,62,Female,4,0.36880483430178984
Labour,2019,E14000781,Leeds West,43.16315755446846,12.96791155744241,46,Male,,0.6706330651767339
Conservatives,2019,E14000781,Leeds West,43.16315755446846,12.96791155744241,66,Male,5,0.6578088818141714
Labour,2019,E14000781,Leeds West,43.16315755446846,12.96791155744241,27,Female,8,0.7312155086944885
Conservatives,2019,E14000781,Leeds West,43.16315755446846,12.96791155744241,29,Female,,0.6765875342629247
Labour,2019,E14000781,Leeds West,43.16315755446846,12.96791155744241,27,Female,4,0.7312155086944885
Labour,2019,E14000903,Rother Valley,34.13136309825808,18.82927447995941,36,Female,3,0.6798630736553267
Conservatives,2019,E14000903,Rother Valley,34.13136309825808,18.82927447995941,70,Male,7,0.6578088818141714
Labour,2019,E14000903,Rother Valley,34.13136309825808,18.82927447995941,51,Male,5,0.6706330651767339
Conservatives,2019,E14000903,Rother Valley,34.13136309825808,18.82927447995941,79,Female,10,0.38608612039366175
Labour,2019,E14000904,Rotherham,39.00687871389233,15.70286631659922,80,Female,5,0.43402384800017113
Labour,2019,E14000904,Rotherham,39.00687871389233,15.70286631659922,61,Female,7,1.4752193372071594
Labour,2019,E14000904,Rotherham,39.00687871389233,15.70286631659922,37,Female,3,0.33993153682766336
Conservatives,2019,E14000913,Scarborough and Whitby,32.14714730130699,22.35443895727882,70,Female,5,0.5983988871399889
Conservatives,2019,E14000913,Scarborough and Whitby,32.14714730130699,22.35443895727882,61,Male,6,0.6067528174409892
Labour,2019,E14000913,Scarborough and Whitby,32.14714730130699,22.35443895727882,54,Male,5,0.6706330651767339
Labour,2019,E14000913,Scarborough and Whitby,32.14714730130699,22.35443895727882,24,Female,1,0.9448283747985167
Conservatives,2019,E14000913,Scarborough and Whitby,32.14714730130699,22.35443895727882,61,Female,8,0.9842115472278143
Conservatives,2019,E14000913,Scarborough and Whitby,32.14714730130699,22.35443895727882,49,Female,5,0.646606784998867
Conservatives,2019,E14000913,Scarborough and Whitby,32.14714730130699,22.35443895727882,88,Female,5,0.38608612039366175
Labour,2019,E14000914,Scunthorpe,38.0854528100612,16.7637976531357,29,Male,5,0.8038117491133999
Labour,2019,E14000914,Scunthorpe,38.0854528100612,16.7637976531357,57,Male,2,1.216261097104785
Labour,2019,E14000914,Scunthorpe,38.0854528100612,16.7637976531357,,Female,3,
Labour,2019,E14000914,Scunthorpe,38.0854528100612,16.7637976531357,63,Male,6,0.8108407314031972
Conservatives,2019,E14000914,Scunthorpe,38.0854528100612,16.7637976531357,60,Female,8,0.9842115472278143
Conservatives,2019,E14000914,Scunthorpe,38.0854528100612,16.7637976531357,49,Male,7,0.5965619620553478
Labour,2019,E14000920,Sheffield South East,36.67319572095826,17.46486149077681,33,Male,1,0.8361079475524337
Labour,2019,E14000920,Sheffield South East,36.67319572095826,17.46486149077681,43,Female,5,0.6798630736553267
Labour,2019,E14000920,Sheffield South East,36.67319572095826,17.46486149077681,39,Female,4,0.6798630736553267
Labour,2019,E14000920,Sheffield South East,36.67319572095826,17.46486149077681,32,Male,3,0.41805397377621684
Conservatives,2019,E14000920,Sheffield South East,36.67319572095826,17.46486149077681,35,Female,6,0.3023862602434589
Labour,2019,E14000921,"Sheffield, Brightside and Hillsborough",43.02261548082398,13.99117034879922,50,Female,,0.36344580929518866
Labour,2019,E14000921,"Sheffield, Brightside and Hillsborough",43.02261548082398,13.99117034879922,61,Female,,0.7376096686035797
Labour,2019,E14000921,"Sheffield, Brightside and Hillsborough",43.02261548082398,13.99117034879922,57,Female,10,0.7376096686035797
Labour,2019,E14000922,"Sheffield, Hallam",37.26890192040825,18.86722771834012,22,Female,2,0.29560473403832715
Labour,2019,E14000922,"Sheffield, Hallam",37.26890192040825,18.86722771834012,51,Female,1,0.30503242733229224
Labour,2019,E14000922,"Sheffield, Hallam",37.26890192040825,18.86722771834012,27,Female,6,0.7312155086944885
Labour,2019,E14000922,"Sheffield, Hallam",37.26890192040825,18.86722771834012,54,Female,2,0.6100648546645845
Conservatives,2019,E14000922,"Sheffield, Hallam",37.26890192040825,18.86722771834012,78,Female,7,0.7721722407873235
Labour,2019,E14000922,"Sheffield, Hallam",37.26890192040825,18.86722771834012,76,Male,3,0.9542288539279546
Conservatives,2019,E14000922,"Sheffield, Hallam",37.26890192040825,18.86722771834012,51,Male,6,0.8948429430830267
Labour,2019,E14000923,"Sheffield, Heeley",36.44212868850705,17.80112554297819,85,Female,6,0.43402384800017113
Labour,2019,E14000923,"Sheffield, Heeley",36.44212868850705,17.80112554297819,75,Female,3,0.43402384800017113
Conservatives,2019,E14000923,"Sheffield, Heeley",36.44212868850705,17.80112554297819,53,Male,8,0.71080293656037
Conservatives,2019,E14000923,"Sheffield, Heeley",36.44212868850705,17.80112554297819,79,Male,7,0.42441736540314284
Labour,2019,E14000923,"Sheffield, Heeley",36.44212868850705,17.80112554297819,29,Male,5,0.40190587455669996
Labour,2019,E14000923,"Sheffield, Heeley",36.44212868850705,17.80112554297819,62,Female,4,0.3102431875761478
Conservatives,2019,E14000923,"Sheffield, Heeley",36.44212868850705,17.80112554297819,45,Female,6,0.646606784998867
Labour,2019,E14000923,"Sheffield, Heeley",36.44212868850705,17.80112554297819,51,Male,2,0.6706330651767339
Labour,2019,E14000923,"Sheffield, Heeley",36.44212868850705,17.80112554297819,22,Female,5,
Labour,2019,E14000925,Shipley,33.65974615449273,17.71560057157266,30,Male,5,0.8361079475524337
Labour,2019,E14000925,Shipley,33.65974615449273,17.71560057157266,32,Male,3,1.2057176236700875
Labour,2019,E14000925,Shipley,33.65974615449273,17.71560057157266,21,Female,4,0.29560473403832715
Conservatives,2019,E14000925,Shipley,33.65974615449273,17.71560057157266,48,Male,7,0.355401468280185
Conservatives,2019,E14000925,Shipley,33.65974615449273,17.71560057157266,69,Male,6,0.6578088818141714
Labour,2019,E14000925,Shipley,33.65974615449273,17.71560057157266,46,Female,2,0.36344580929518866
Conservatives,2019,E14000925,Shipley,33.65974615449273,17.71560057157266,47,Male,7,0.8948429430830267
Conservatives,2019,E14000925,Shipley,33.65974615449273,17.71560057157266,58,Male,8,0.7212837582244845
Conservatives,2019,E14000925,Shipley,33.65974615449273,17.71560057157266,61,Male,6,0.9101292261614875
Labour,2019,E14000928,Skipton and Ripon,30.87461970866158,21.70128744988213,38,Female,4,0.33993153682766336
Conservatives,2019,E14000928,Skipton and Ripon,30.87461970866158,21.70128744988213,26,Male,7,0.7150311236858806
Labour,2019,E14000928,Skipton and Ripon,30.87461970866158,21.70128744988213,23,Male,5,1.299811371549147
Labour,2019,E14000928,Skipton and Ripon,30.87461970866158,21.70128744988213,52,Female,3,0.6100648546645845
Conservatives,2019,E14000928,Skipton and Ripon,30.87461970866158,21.70128744988213,73,Female,10,0.29919944356999445
Conservatives,2019,E14000928,Skipton and Ripon,30.87461970866158,21.70128744988213,36,Female,3,0.6047725204869178
Conservatives,2019,E14000928,Skipton and Ripon,30.87461970866158,21.70128744988213,92,Male,8,0.42441736540314284
Conservatives,2019,E14000928,Skipton and Ripon,30.87461970866158,21.70128744988213,45,Female,5,1.293213569997734
Labour,2019,E14000928,Skipton and Ripon,30.87461970866158,21.70128744988213,80,Female,7,0.43402384800017113
Conservatives,2019,E14000928,Skipton and Ripon,30.87461970866158,21.70128744988213,74,Female,7,0.5983988871399889
Labour,2019,E14001028,Wentworth and Dearne,36.09823619471068,17.14204819529792,64,Female,0,0.7376096686035797
Conservatives,2019,E14001028,Wentworth and Dearne,36.09823619471068,17.14204819529792,59,Female,,0.6561410314852058
Labour,2019,E14001028,Wentworth and Dearne,36.09823619471068,17.14204819529792,92,Female,0,0.43402384800017113
Conservatives,2019,E14001028,Wentworth and Dearne,36.09823619471068,17.14204819529792,89,Male,,0.42441736540314284
Conservatives,2019,E14001062,York Outer,33.25684156598216,20.99325449344661,58,Female,6,0.6561410314852058
Conservatives,2019,E14001062,York Outer,33.25684156598216,20.99325449344661,63,Male,7,0.6067528174409892
Conservatives,2019,E14001062,York Outer,33.25684156598216,20.99325449344661,58,Male,4,0.7212837582244845
Conservatives,2019,E14001062,York Outer,33.25684156598216,20.99325449344661,55,Male,6,0.6067528174409892
Conservatives,2019,E14001062,York Outer,33.25684156598216,20.99325449344661,56,Female,6,0.5519539500962656
Conservatives,2019,E14001062,York Outer,33.25684156598216,20.99325449344661,50,Female,5,0.2713417407951724
Conservatives,2019,E14001062,York Outer,33.25684156598216,20.99325449344661,,Female,,
Labour,2019,E14001062,York Outer,33.25684156598216,20.99325449344661,35,Male,5,0.7473609625268799
Labour,2019,E14001062,York Outer,33.25684156598216,20.99325449344661,34,Male,,0.8038117491133999
Conservatives,2019,E14000535,Ashfield,35.06780226465451,17.48042467178209,71,Male,8,0.41419648276654925
Conservatives,2019,E14000535,Ashfield,35.06780226465451,17.48042467178209,75,Female,7,0.9724132192986185
Conservatives,2019,E14000535,Ashfield,35.06780226465451,17.48042467178209,49,Female,7,1.2214288837552079
Labour,2019,E14000535,Ashfield,35.06780226465451,17.48042467178209,66,Male,2,0.9312489715775112
Conservatives,2019,E14000664,Derbyshire Dales,28.73285625309827,22.4257369110114,61,Female,10,0.34754377920296853
Conservatives,2019,E14000664,Derbyshire Dales,28.73285625309827,22.4257369110114,52,Male,6,1.3426942888859101
Labour,2019,E14000664,Derbyshire Dales,28.73285625309827,22.4257369110114,53,Female,2,1.3730855272535054
Conservatives,2019,E14000664,Derbyshire Dales,28.73285625309827,22.4257369110114,75,Female,10,0.48620660964930923
Conservatives,2019,E14000664,Derbyshire Dales,28.73285625309827,22.4257369110114,29,Male,,0.9366333494194334
Labour,2019,E14000664,Derbyshire Dales,28.73285625309827,22.4257369110114,57,Female,2,0.3906959624562332
Conservatives,2019,E14000664,Derbyshire Dales,28.73285625309827,22.4257369110114,68,Male,8,0.8283929655330985
Conservatives,2019,E14000664,Derbyshire Dales,28.73285625309827,22.4257369110114,76,Male,8,1.0689559526177648
Conservatives,2019,E14000748,High Peak,33.88196981032434,17.2391409585002,87,Female,5,0.48620660964930923
Conservatives,2019,E14000748,High Peak,33.88196981032434,17.2391409585002,37,Female,7,0.43736687789534695
Conservatives,2019,E14000748,High Peak,33.88196981032434,17.2391409585002,34,Male,5,0.9004541735055779
Labour,2019,E14000748,High Peak,33.88196981032434,17.2391409585002,45,Male,4,0.8445427372676346
Conservatives,2019,E14000748,High Peak,33.88196981032434,17.2391409585002,51,Female,4,0.6834130567234417
Conservatives,2019,E14000748,High Peak,33.88196981032434,17.2391409585002,73,Male,3,0.41419648276654925
Labour,2019,E14000748,High Peak,33.88196981032434,17.2391409585002,42,Female,4,1.475015381063744
Labour,2019,E14000748,High Peak,33.88196981032434,17.2391409585002,85,Female,3,0.546575627810559
Conservatives,2019,E14000792,Lincoln,42.89314800534166,14.87200707205598,69,Male,6,0.41419648276654925
Conservatives,2019,E14000792,Lincoln,42.89314800534166,14.87200707205598,34,Female,5,0.8520413290940022
Conservatives,2019,E14000792,Lincoln,42.89314800534166,14.87200707205598,86,Male,8,0.5344779763088824
Conservatives,2019,E14000792,Lincoln,42.89314800534166,14.87200707205598,69,Female,6,0.37678833654729765
Conservatives,2019,E14000798,Louth and Horncastle,28.36558806832843,26.42204675646385,41,Male,,0.48078935819208807
Conservatives,2019,E14000798,Louth and Horncastle,28.36558806832843,26.42204675646385,54,Male,7,0.7512633935685883
Conservatives,2019,E14000829,Newark,32.48531894033577,19.30117145254051,60,Female,4,0.34754377920296853
Conservatives,2019,E14000829,Newark,32.48531894033577,19.30117145254051,50,Male,6,0.8951295259239431
Conservatives,2019,E14000829,Newark,32.48531894033577,19.30117145254051,,Male,5,
Conservatives,2019,E14000829,Newark,32.48531894033577,19.30117145254051,64,Female,6,0.4131463027535734
Conservatives,2019,E14000829,Newark,32.48531894033577,19.30117145254051,65,Male,9,0.8283929655330985
Conservatives,2019,E14000829,Newark,32.48531894033577,19.30117145254051,47,Male,7,0.7512633935685883
Labour,2019,E14000861,Northampton North,39.97122702803044,15.16846111007982,37,Female,6,0.4916717936879167
Labour,2019,E14000861,Northampton North,39.97122702803044,15.16846111007982,50,Male,,1.0062717636778662
Labour,2019,E14000861,Northampton North,39.97122702803044,15.16846111007982,73,Male,0,0.4656244857887556
Conservatives,2019,E14000861,Northampton North,39.97122702803044,15.16846111007982,75,Female,5,0.48620660964930923
Labour,2019,E14000861,Northampton North,39.97122702803044,15.16846111007982,30,Male,5,0.5264644194743506
Labour,2019,E14000861,Northampton North,39.97122702803044,15.16846111007982,37,Female,5,0.8561662867618108
Conservatives,2019,E14000861,Northampton North,39.97122702803044,15.16846111007982,,Female,,
Labour,2019,E14000861,Northampton North,39.97122702803044,15.16846111007982,37,Male,4,1.0809715050481077
Conservatives,2019,E14000929,Sleaford and North Hykeham,30.98977092637948,21.44863852470825,75,Female,8,0.9724132192986185
Labour,2019,E14000929,Sleaford and North Hykeham,30.98977092637948,21.44863852470825,68,Female,0,1.6942864824365858
Conservatives,2019,E14000929,Sleaford and North Hykeham,30.98977092637948,21.44863852470825,52,Female,8,1.0251195850851553
Conservatives,2019,E14000929,Sleaford and North Hykeham,30.98977092637948,21.44863852470825,63,Female,5,1.3901751168118741
Conservatives,2019,E14000929,Sleaford and North Hykeham,30.98977092637948,21.44863852470825,79,Male,8,1.0689559526177648
Conservatives,2019,E14000929,Sleaford and North Hykeham,30.98977092637948,21.44863852470825,52,Male,7,0.7512633935685883
Conservatives,2019,E14000929,Sleaford and North Hykeham,30.98977092637948,21.44863852470825,70,Female,5,1.5071533461891906
Conservatives,2019,E14000590,Braintree,35.31275551921505,16.69358135731807,79,Female,5,0.5358877042049508
Conservatives,2019,E14000590,Braintree,35.31275551921505,16.69358135731807,52,Female,7,0.4487452503901004
Conservatives,2019,E14000590,Braintree,35.31275551921505,16.69358135731807,66,Female,7,0.8305779174379126
Conservatives,2019,E14000590,Braintree,35.31275551921505,16.69358135731807,60,Female,5,0.3830561622396026
Conservatives,2019,E14000590,Braintree,35.31275551921505,16.69358135731807,83,Male,7,2.356365956265946
Conservatives,2019,E14000590,Braintree,35.31275551921505,16.69358135731807,57,Female,8,0.91072403907906
Conservatives,2019,E14000590,Braintree,35.31275551921505,16.69358135731807,42,Female,5,0.48205747811548755
Conservatives,2019,E14000628,Chelmsford,37.35582030657156,15.28684170587343,40,Male,5,0.9227639270660063
Conservatives,2019,E14000628,Chelmsford,37.35582030657156,15.28684170587343,65,Male,8,0.9130390160661516
Conservatives,2019,E14000628,Chelmsford,37.35582030657156,15.28684170587343,58,Female,8,0.7661123244792052
Conservatives,2019,E14000642,Clacton,28.80539837626964,30.20771096193723,80,Male,7,1.178182978132973
Conservatives,2019,E14000644,Colchester,42.16646717613479,13.29067305036369,45,Male,,0.9865947872642913
Conservatives,2019,E14000644,Colchester,42.16646717613479,13.29067305036369,53,Male,10,0.8280282646158933
Conservatives,2019,E14000644,Colchester,42.16646717613479,13.29067305036369,57,Male,8,0.4210865881772834
Labour,2019,E14000644,Colchester,42.16646717613479,13.29067305036369,73,Male,5,0.5132024776276107
Conservatives,2019,E14000644,Colchester,42.16646717613479,13.29067305036369,78,Male,7,1.178182978132973
Conservatives,2019,E14000644,Colchester,42.16646717613479,13.29067305036369,67,Female,5,0.4152889587189563
Labour,2019,E14000729,Harlow,37.8568405976368,15.55938934279483,,Female,6,
Conservatives,2019,E14000729,Harlow,37.8568405976368,15.55938934279483,32,Male,,1.0323395143973966
Conservatives,2019,E14000729,Harlow,37.8568405976368,15.55938934279483,58,Female,5,0.91072403907906
Labour,2019,E14000729,Harlow,37.8568405976368,15.55938934279483,33,Female,,1.0149274463267604
Labour,2019,E14000729,Harlow,37.8568405976368,15.55938934279483,36,Female,,0.9436502440010011
Labour,2019,E14000800,Luton North,42.87345750755455,13.82558339312966,55,Female,6,0.5119012715405531
Conservatives,2019,E14000800,Luton North,42.87345750755455,13.82558339312966,35,Female,5,0.4197122616574905
Conservatives,2019,E14000816,Mid Norfolk,32.51602564102564,22.20452724358974,35,Female,6,1.2591367849724715
Conservatives,2019,E14000816,Mid Norfolk,32.51602564102564,22.20452724358974,42,Female,7,0.9641149562309751
Labour,2019,E14000816,Mid Norfolk,32.51602564102564,22.20452724358974,24,Female,3,0.8205990006291748
Conservatives,2019,E14000816,Mid Norfolk,32.51602564102564,22.20452724358974,72,Female,,0.8305779174379126
Conservatives,2019,E14000816,Mid Norfolk,32.51602564102564,22.20452724358974,19,Male,6,2.564791574411858
Labour,2019,E14000863,Norwich North,35.28711420459749,19.12263027749794,56,Female,2,1.2918530407093543
Conservatives,2019,E14000863,Norwich North,35.28711420459749,19.12263027749794,53,Female,,0.7532449101326956
Labour,2019,E14000863,Norwich North,35.28711420459749,19.12263027749794,38,Male,,1.191426292145703
Conservatives,2019,E14000863,Norwich North,35.28711420459749,19.12263027749794,32,Male,8,0.9924635128463674
Conservatives,2019,E14000863,Norwich North,35.28711420459749,19.12263027749794,47,Female,7,0.8974905007802008
Conservatives,2019,E14000946,South Suffolk,31.29087104368297,21.71614787688552,87,Male,5,0.5890914890664865
Conservatives,2019,E14000946,South Suffolk,31.29087104368297,21.71614787688552,26,Male,8,0.4962317564231837
Conservatives,2019,E14000946,South Suffolk,31.29087104368297,21.71614787688552,73,Female,5,0.4152889587189563
Conservatives,2019,E14000946,South Suffolk,31.29087104368297,21.71614787688552,31,Female,,0.9028291925405764
Conservatives,2019,E14000946,South Suffolk,31.29087104368297,21.71614787688552,61,Female,10,0.91072403907906
Labour,2019,E14000540,Barking,47.58529346839665,9.227964321045189,32,Female,,0.4857506235805482
Conservatives,2019,E14000540,Barking,47.58529346839665,9.227964321045189,63,Female,5,0.3525029995157799
Labour,2019,E14000540,Barking,47.58529346839665,9.227964321045189,54,Female,6,0.9284523675618215
Conservatives,2019,E14000540,Barking,47.58529346839665,9.227964321045189,55,Female,,0.7050059990315598
Labour,2019,E14000540,Barking,47.58529346839665,9.227964321045189,48,Female,5,1.856904735123643
Conservatives,2019,E14000551,Beckenham,33.90146073484961,17.91152842744021,55,Female,5,1.6761665110908137
Labour,2019,E14000551,Beckenham,33.90146073484961,17.91152842744021,42,Female,4,0.49868762562737884
Labour,2019,E14000551,Beckenham,33.90146073484961,17.91152842744021,27,Male,2,1.026701783940763
Conservatives,2019,E14000551,Beckenham,33.90146073484961,17.91152842744021,53,Female,7,1.238857867651467
Conservatives,2019,E14000551,Beckenham,33.90146073484961,17.91152842744021,59,Female,7,0.3525029995157799
Labour,2019,E14000551,Beckenham,33.90146073484961,17.91152842744021,50,Male,5,0.4282969023195312
Labour,2019,E14000551,Beckenham,33.90146073484961,17.91152842744021,20,Female,3,1.8102316475097644
Conservatives,2019,E14000551,Beckenham,33.90146073484961,17.91152842744021,,Male,9,
Labour,2019,E14000551,Beckenham,33.90146073484961,17.91152842744021,70,Male,3,0.944537279677065
Conservatives,2019,E14000629,Chelsea and Fulham,39.45239694598711,11.56891870157147,76,Male,6,1.0842092484352923
Conservatives,2019,E14000629,Chelsea and Fulham,39.45239694598711,11.56891870157147,55,Female,4,1.4100119980631196
Conservatives,2019,E14000629,Chelsea and Fulham,39.45239694598711,11.56891870157147,50,Male,7,0.7619834262798675
Conservatives,2019,E14000629,Chelsea and Fulham,39.45239694598711,11.56891870157147,34,Female,6,0.8308181143993655
Labour,2019,E14000655,Croydon North,43.92255446767222,9.732880538649262,36,Female,,0.8683832145117237
Labour,2019,E14000655,Croydon North,43.92255446767222,9.732880538649262,24,Male,3,1.3266362192665095
Labour,2019,E14000655,Croydon North,43.92255446767222,9.732880538649262,24,Female,3,1.8102316475097644
Labour,2019,E14000690,Eltham,39.04232444657361,14.29048897603583,49,Female,5,1.1688458310566514
Conservatives,2019,E14000690,Eltham,39.04232444657361,14.29048897603583,50,Female,,0.412952622550491
Conservatives,2019,E14000690,Eltham,39.04232444657361,14.29048897603583,55,Male,7,1.3819342441437417
Conservatives,2019,E14000690,Eltham,39.04232444657361,14.29048897603583,33,Female,,1.2962990946313697
Labour,2019,E14000690,Eltham,39.04232444657361,14.29048897603583,63,Male,5,1.0356798421293667
Conservatives,2019,E14000690,Eltham,39.04232444657361,14.29048897603583,72,Female,5,0.7643297147776953
Labour,2019,E14000732,Harrow West,41.3027408438535,11.95315125042,48,Female,3,0.9284523675618215
Conservatives,2019,E14000732,Harrow West,41.3027408438535,11.95315125042,48,Male,5,0.7619834262798675
Conservatives,2019,E14000732,Harrow West,41.3027408438535,11.95315125042,58,Male,6,1.1625001763750105
Labour,2019,E14000732,Harrow West,41.3027408438535,11.95315125042,58,Male,5,0.8712266913173176
Labour,2019,E14000732,Harrow West,41.3027408438535,11.95315125042,,,5,
Conservatives,2019,E14000770,Kingston and Surbiton,39.98830528296131,12.95486517177675,55,Female,5,0.8380832555454069
Conservatives,2019,E14000770,Kingston and Surbiton,39.98830528296131,12.95486517177675,72,Male,7,0.42010679316123184
Labour,2019,E14000789,"Lewisham, Deptford",45.20194634263076,7.354622563748039,66,Female,,0.429615708032242
Labour,2019,E14000789,"Lewisham, Deptford",45.20194634263076,7.354622563748039,,Male,0,
Labour,2019,E14000789,"Lewisham, Deptford",45.20194634263076,7.354622563748039,61,Male,5,0.8712266913173176
Labour,2019,E14000789,"Lewisham, Deptford",45.20194634263076,7.354622563748039,39,Female,3,1.7367664290234475
Conservatives,2019,E14000789,"Lewisham, Deptford",45.20194634263076,7.354622563748039,37,Female,6,0.7724707014386825
Labour,2019,E14000869,Old Bexley and Sidcup,35.97507195246495,18.66470151332281,46,Male,,2.0412611949951036
Conservatives,2019,E14000869,Old Bexley and Sidcup,35.97507195246495,18.66470151332281,58,Male,2,0.9212894960958325
Conservatives,2019,E14000869,Old Bexley and Sidcup,35.97507195246495,18.66470151332281,92,Female,6,
Conservatives,2019,E14000869,Old Bexley and Sidcup,35.97507195246495,18.66470151332281,,Male,5,
Labour,2019,E14000869,Old Bexley and Sidcup,35.97507195246495,18.66470151332281,35,Male,3,0.9545976832515781
Conservatives,2019,E14000869,Old Bexley and Sidcup,35.97507195246495,18.66470151332281,60,Male,7,0.7750001175833483
Conservatives,2019,E14000869,Old Bexley and Sidcup,35.97507195246495,18.66470151332281,65,Male,7,0.8402135863224637
Labour,2019,E14000978,Streatham,44.06411348504077,7.925525441997113,46,Female,6,1.856904735123643
Labour,2019,E14000978,Streatham,44.06411348504077,7.925525441997113,36,Male,5,1.6445943823008957
Labour,2019,E14000978,Streatham,44.06411348504077,7.925525441997113,34,Male,2,2.13590687686759
Labour,2019,E14000978,Streatham,44.06411348504077,7.925525441997113,24,Female,2,1.2068210983398353
Labour,2019,E14000978,Streatham,44.06411348504077,7.925525441997113,45,Male,3,1.2848907069585938
Labour,2019,E14000978,Streatham,44.06411348504077,7.925525441997113,24,Male,3,0.8301189024843182
Labour,2019,E14000978,Streatham,44.06411348504077,7.925525441997113,54,Male,2,2.0412611949951036
Labour,2019,E14000978,Streatham,44.06411348504077,7.925525441997113,19,Male,3,1.3266362192665095
Labour,2019,E14001036,Westminster North,40.10327906757671,10.63020784270067,30,Female,,1.457251870741641
Labour,2019,E14001036,Westminster North,40.10327906757671,10.63020784270067,38,Male,4,1.9091953665031562
Conservatives,2019,E14000574,Blaydon,32.59591531586639,19.81287026653527,45,Male,8,0.3701208640962075
Labour,2019,E14000574,Blaydon,32.59591531586639,19.81287026653527,25,Female,3,0.7920958637206302
Conservatives,2019,E14000574,Blaydon,32.59591531586639,19.81287026653527,65,Male,6,1.0275792876942151
Labour,2019,E14000574,Blaydon,32.59591531586639,19.81287026653527,33,Male,,0.4353682013798637
Conservatives,2019,E14000574,Blaydon,32.59591531586639,19.81287026653527,66,Male,4,0.3425264292314063
Conservatives,2019,E14000574,Blaydon,32.59591531586639,19.81287026653527,45,Male,7,0.740241728192415
Conservatives,2019,E14000574,Blaydon,32.59591531586639,19.81287026653527,61,Female,5,0.6833159320288069
Conservatives,2019,E14000853,North Tyneside,35.11985260970972,16.43636933811568,58,Female,5,0.34165796601440346
Labour,2019,E14000853,North Tyneside,35.11985260970972,16.43636933811568,31,Male,3,0.8371026169143194
Labour,2019,E14000853,North Tyneside,35.11985260970972,16.43636933811568,24,Female,3,0.4919798111629517
Conservatives,2019,E14000853,North Tyneside,35.11985260970972,16.43636933811568,43,Male,7,0.34617472791389287
Labour,2019,E14000853,North Tyneside,35.11985260970972,16.43636933811568,53,Female,4,1.5139934861769557
Labour,2019,E14000970,Stockton North,38.58833244597047,16.08988080362478,40,Female,7,0.4065958810679813
Labour,2019,E14000970,Stockton North,38.58833244597047,16.08988080362478,34,Female,3,1.1881437955809329
Labour,2019,E14000970,Stockton North,38.58833244597047,16.08988080362478,39,Male,5,0.8939267355723115
Conservatives,2019,E14000970,Stockton North,38.58833244597047,16.08988080362478,78,Female,8,0.4020763594116577
Labour,2019,E14001020,Washington and Sunderland West,36.31839673207777,15.31274331689593,69,Male,5,0.38505564174436824
Labour,2019,E14001020,Washington and Sunderland West,36.31839673207777,15.31274331689593,29,Female,5,0.3960479318603151
Labour,2019,E14001020,Washington and Sunderland West,36.31839673207777,15.31274331689593,47,Female,3,0.37849837154423893
Labour,2019,E14001020,Washington and Sunderland West,36.31839673207777,15.31274331689593,48,Female,0,1.2706629055633145
Labour,2019,E14000559,Birkenhead,38.46517597784233,15.69614267378234,59,Male,3,0.47126138286167735
Labour,2019,E14000559,Birkenhead,38.46517597784233,15.69614267378234,64,Female,3,0.42869942144706896
Labour,2019,E14000559,Birkenhead,38.46517597784233,15.69614267378234,37,Male,3,0.49888893673047324
Labour,2019,E14000559,Birkenhead,38.46517597784233,15.69614267378234,48,Male,3,0.3897725576033015
Conservatives,2019,E14000559,Birkenhead,38.46517597784233,15.69614267378234,55,Female,,0.7626995484425125
Labour,2019,E14000570,Blackburn,44.92754974544506,12.37248941685471,68,Male,5,0.859578272122851
Conservatives,2019,E14000637,Chorley,34.69430750431889,16.73829688619222,45,Male,7,1.0401670919307109
Labour,2019,E14000637,Chorley,34.69430750431889,16.73829688619222,24,Male,0,1.810962405024265
Conservatives,2019,E14000637,Chorley,34.69430750431889,16.73829688619222,48,Female,5,0.751616922694492
Labour,2019,E14000688,Ellesmere Port and Neston,33.98225812018915,18.58180019099559,45,Female,5,0.7091405152945638
Conservatives,2019,E14000688,Ellesmere Port and Neston,33.98225812018915,18.58180019099559,71,Male,,0.7646382607493681
Labour,2019,E14000688,Ellesmere Port and Neston,33.98225812018915,18.58180019099559,47,Male,5,0.3897725576033015
Conservatives,2019,E14000688,Ellesmere Port and Neston,33.98225812018915,18.58180019099559,68,Male,7,0.7646382607493681
Labour,2019,E14000688,Ellesmere Port and Neston,33.98225812018915,18.58180019099559,57,Female,4,1.4425090199653459
Conservatives,2019,E14000688,Ellesmere Port and Neston,33.98225812018915,18.58180019099559,56,Male,5,0.8384215744769168
Conservatives,2019,E14000688,Ellesmere Port and Neston,33.98225812018915,18.58180019099559,78,Male,8,0.9866870608942708
Labour,2019,E14000738,Hazel Grove,32.1725840880098,21.08673411390247,59,Female,5,1.2860982643412047
Conservatives,2019,E14000738,Hazel Grove,32.1725840880098,21.08673411390247,,Female,9,
Conservatives,2019,E14000738,Hazel Grove,32.1725840880098,21.08673411390247,69,Male,5,0.38231913037468407
Conservatives,2019,E14000738,Hazel Grove,32.1725840880098,21.08673411390247,40,Female,5,1.6148251505639721
Conservatives,2019,E14000738,Hazel Grove,32.1725840880098,21.08673411390247,73,Female,8,1.0433699596040078
Conservatives,2019,E14000785,Leigh,36.36902045690651,15.59559987184093,38,Male,6,0.8875737818421026
Labour,2019,E14000785,Leigh,36.36902045690651,15.59559987184093,,Male,8,
Conservatives,2019,E14000785,Leigh,36.36902045690651,15.59559987184093,76,Female,5,0.8975744407193212
Labour,2019,E14000785,Leigh,36.36902045690651,15.59559987184093,22,Female,,0.34361148952713333
Labour,2019,E14000796,"Liverpool, West Derby",38.97853916078509,14.95631620221567,19,Female,,2.196540500396187
Conservatives,2019,E14000796,"Liverpool, West Derby",38.97853916078509,14.95631620221567,82,Male,6,0.9866870608942708
Labour,2019,E14000796,"Liverpool, West Derby",38.97853916078509,14.95631620221567,64,Female,0,0.8573988428941379
Conservatives,2019,E14000877,Penrith and the Border,29.80459208597949,21.69027845627748,78,Female,8,0.4487872203596606
Labour,2019,E14000877,Penrith and the Border,29.80459208597949,21.69027845627748,75,Male,0,0.5545986922615328
Conservatives,2019,E14000877,Penrith and the Border,29.80459208597949,21.69027845627748,90,Male,6,0.9866870608942708
Labour,2019,E14000877,Penrith and the Border,29.80459208597949,21.69027845627748,79,Male,3,1.1091973845230656
Conservatives,2019,E14000894,Ribble Valley,33.25630100382755,19.0304243312115,60,Male,7,1.2576323617153689
Conservatives,2019,E14000894,Ribble Valley,33.25630100382755,19.0304243312115,61,Male,7,0.35264529855034465
Labour,2019,E14000894,Ribble Valley,33.25630100382755,19.0304243312115,51,Female,3,1.4182810305891276
Labour,2019,E14000894,Ribble Valley,33.25630100382755,19.0304243312115,53,Male,5,0.928827166856368
Labour,2019,E14000894,Ribble Valley,33.25630100382755,19.0304243312115,53,Male,2,0.779545115206603
Conservatives,2019,E14000894,Ribble Valley,33.25630100382755,19.0304243312115,73,Female,5,0.6955799730693445
Conservatives,2019,E14000894,Ribble Valley,33.25630100382755,19.0304243312115,27,Female,,0.7560878904302633
Conservatives,2019,E14000894,Ribble Valley,33.25630100382755,19.0304243312115,59,Male,8,0.4192107872384584
Labour,2019,E14000894,Ribble Valley,33.25630100382755,19.0304243312115,74,Female,4,0.39097273970324353
Conservatives,2019,E14000894,Ribble Valley,33.25630100382755,19.0304243312115,42,Female,,0.7029886962589863
Labour,2019,E14000894,Ribble Valley,33.25630100382755,19.0304243312115,71,Female,5,0.7819454794064871
Labour,2019,E14000916,Sefton Central,29.719868173258,24.13841807909604,57,Female,1,0.8573988428941379
Conservatives,2019,E14000916,Sefton Central,29.719868173258,24.13841807909604,65,Female,7,0.6955799730693445
Conservatives,2019,E14000916,Sefton Central,29.719868173258,24.13841807909604,70,Female,5,0.6955799730693445
Labour,2019,E14000916,Sefton Central,29.719868173258,24.13841807909604,66,Female,5,0.7819454794064871
Conservatives,2019,E14000916,Sefton Central,29.719868173258,24.13841807909604,65,Female,7,1.0433699596040078
Conservatives,2019,E14000916,Sefton Central,29.719868173258,24.13841807909604,79,Male,7,0.9866870608942708
Labour,2019,E14000987,Tatton,30.76749676699847,20.5001957597257,50,Male,0,1.1693176728098946
Labour,2019,E14000987,Tatton,30.76749676699847,20.5001957597257,80,Male,5,0.5545986922615328
Labour,2019,E14000987,Tatton,30.76749676699847,20.5001957597257,64,Female,,0.8573988428941379
Conservatives,2019,E14000987,Tatton,30.76749676699847,20.5001957597257,62,Male,8,0.4192107872384584
Labour,2019,E14001053,Workington,32.08784758112885,20.20596454959611,,,8,
Labour,2019,E14001053,Workington,32.08784758112885,20.20596454959611,31,Male,5,1.9437868490070602
Conservatives,2019,E14001053,Workington,32.08784758112885,20.20596454959611,70,Male,10,0.38231913037468407
Labour,2019,E14001053,Workington,32.08784758112885,20.20596454959611,39,Female,6,0.9076635867932874
Conservatives,2019,E14001053,Workington,32.08784758112885,20.20596454959611,63,Female,5,0.7626995484425125
Conservatives,2019,S14000014,"Dumfriesshire, Clydesdale and Tweeddale",30.56105839965709,21.14018929783709,54,Female,7,0.7415052283157392
Conservatives,2019,S14000014,"Dumfriesshire, Clydesdale and Tweeddale",30.56105839965709,21.14018929783709,57,Male,,0.6958021426091082
Conservatives,2019,S14000014,"Dumfriesshire, Clydesdale and Tweeddale",30.56105839965709,21.14018929783709,18,Male,6,2.1190267309941233
Conservatives,2019,S14000014,"Dumfriesshire, Clydesdale and Tweeddale",30.56105839965709,21.14018929783709,46,Female,5,0.7415052283157392
Conservatives,2019,S14000014,"Dumfriesshire, Clydesdale and Tweeddale",30.56105839965709,21.14018929783709,64,Male,5,0.8271420749530535
Conservatives,2019,S14000016,Dundee West,42.47192522358954,16.21500459507319,46,Male,8,1.3682312779291703
Labour,2019,S14000016,Dundee West,42.47192522358954,16.21500459507319,18,Female,3,1.6252424101350653
Conservatives,2019,S14000021,East Renfrewshire,34.64570406518427,17.97425309691523,73,Male,7,0.7543513869849002
Labour,2019,S14000021,East Renfrewshire,34.64570406518427,17.97425309691523,25,Male,4,0.9217821841294912
Conservatives,2019,S14000021,East Renfrewshire,34.64570406518427,17.97425309691523,90,Female,8,0.44274957129090703
Conservatives,2019,S14000022,Edinburgh East,43.85399836330446,13.28031558847598,73,Male,5,0.7543513869849002
Labour,2019,S14000022,Edinburgh East,43.85399836330446,13.28031558847598,33,Male,3,0.9217821841294912
Conservatives,2019,S14000022,Edinburgh East,43.85399836330446,13.28031558847598,75,Male,,0.9734129079235487
Labour,2019,S14000024,Edinburgh South,40.70012995451592,15.42861784089854,43,Female,5,0.7796423349549572
Labour,2019,S14000024,Edinburgh South,40.70012995451592,15.42861784089854,88,Female,3,1.9908912802788301
Labour,2019,S14000024,Edinburgh South,40.70012995451592,15.42861784089854,45,Female,5,0.6996002668704834
Labour,2019,S14000024,Edinburgh South,40.70012995451592,15.42861784089854,37,Male,2,0.4285232339108058
Labour,2019,S14000024,Edinburgh South,40.70012995451592,15.42861784089854,78,Male,2,2.1885501377735976
Labour,2019,S14000024,Edinburgh South,40.70012995451592,15.42861784089854,52,Female,4,0.6996002668704834
Labour,2019,S14000030,Glasgow East,37.24628727031418,15.54541086016338,54,Female,,0.6996002668704834
Labour,2019,S14000030,Glasgow East,37.24628727031418,15.54541086016338,56,Male,4,0.39109761712497154
Labour,2019,S14000030,Glasgow East,37.24628727031418,15.54541086016338,69,Male,9,0.8480141461434074
Labour,2019,S14000038,Inverclyde,33.79026814751181,18.13339878505246,42,Female,5,0.44772627839874385
Labour,2019,S14000038,Inverclyde,33.79026814751181,18.13339878505246,52,Female,4,0.41678648299723686
Conservatives,2019,S14000038,Inverclyde,33.79026814751181,18.13339878505246,70,Female,8,0.6862221580823635
Labour,2019,S14000038,Inverclyde,33.79026814751181,18.13339878505246,50,Female,3,0.6996002668704834
Conservatives,2019,S14000038,Inverclyde,33.79026814751181,18.13339878505246,63,Male,10,0.41357103747652674
Labour,2019,S14000041,Kirkcaldy and Cowdenbeath,34.19074041605215,18.13756329995152,73,Male,7,0.4240070730717037
Labour,2019,S14000041,Kirkcaldy and Cowdenbeath,34.19074041605215,18.13756329995152,94,Female,7,0.49772282006970753
Conservatives,2019,S14000041,Kirkcaldy and Cowdenbeath,34.19074041605215,18.13756329995152,68,Female,9,0.34311107904118177
Conservatives,2019,S14000054,Perth and North Perthshire,32.80254124397991,20.01741981760426,78,Male,,0.48670645396177437
Conservatives,2019,S14000054,Perth and North Perthshire,32.80254124397991,20.01741981760426,54,Female,5,0.6223297500977123
Labour,2019,E14000538,Aylesbury,37.4813703981412,14.18349116424598,42,Male,3,0.9642274443196234
Labour,2019,E14000538,Aylesbury,37.4813703981412,14.18349116424598,37,Male,6,0.9642274443196234
Labour,2019,E14000538,Aylesbury,37.4813703981412,14.18349116424598,33,Female,1,0.4716984807525319
Conservatives,2019,E14000538,Aylesbury,37.4813703981412,14.18349116424598,55,Male,5,1.8611665037215126
Conservatives,2019,E14000538,Aylesbury,37.4813703981412,14.18349116424598,80,Female,5,0.4981191844644507
Conservatives,2019,E14000538,Aylesbury,37.4813703981412,14.18349116424598,34,Male,5,0.4797909272475049
Conservatives,2019,E14000586,Bracknell,37.88686587378039,13.20470390752415,37,Male,6,0.49256920463209913
Labour,2019,E14000586,Bracknell,37.88686587378039,13.20470390752415,21,Male,4,2.6800380384080125
Labour,2019,E14000586,Bracknell,37.88686587378039,13.20470390752415,39,Male,2,0.9642274443196234
Conservatives,2019,E14000586,Bracknell,37.88686587378039,13.20470390752415,42,Male,6,0.8577289816441399
Conservatives,2019,E14000700,Faversham and Mid Kent,34.83686048015172,17.93888194474376,24,Female,6,1.0843577874396435
Conservatives,2019,E14000700,Faversham and Mid Kent,34.83686048015172,17.93888194474376,32,Male,4,0.9595818544950098
Labour,2019,E14000700,Faversham and Mid Kent,34.83686048015172,17.93888194474376,38,Female,,1.007436542553981
Conservatives,2019,E14000700,Faversham and Mid Kent,34.83686048015172,17.93888194474376,87,Female,7,0.4981191844644507
Conservatives,2019,E14000700,Faversham and Mid Kent,34.83686048015172,17.93888194474376,72,Male,8,0.42434473351263274
Conservatives,2019,E14000700,Faversham and Mid Kent,34.83686048015172,17.93888194474376,56,Female,,0.8465376459630983
Labour,2019,E14000700,Faversham and Mid Kent,34.83686048015172,17.93888194474376,32,Female,4,0.9433969615050638
Labour,2019,E14000755,Hove,35.47762974547132,14.60607701021523,39,Female,,2.014873085107962
Conservatives,2019,E14000755,Hove,35.47762974547132,14.60607701021523,74,Female,,
Conservatives,2019,E14000755,Hove,35.47762974547132,14.60607701021523,80,Female,,0.4981191844644507
Labour,2019,E14000755,Hove,35.47762974547132,14.60607701021523,75,Female,1,0.5599673072513698
Labour,2019,E14000755,Hove,35.47762974547132,14.60607701021523,61,Female,3,0.4002684256650124
Conservatives,2019,E14000821,Milton Keynes North,40.27980755020608,11.22596430154846,,Female,5,
Conservatives,2019,E14000821,Milton Keynes North,40.27980755020608,11.22596430154846,37,Male,8,0.9851384092641983
Conservatives,2019,E14000821,Milton Keynes North,40.27980755020608,11.22596430154846,31,Male,6,0.9225162506073883
Labour,2019,E14000824,Mole Valley,31.46170277693012,20.50235181463281,52,Male,5,0.8652349252030106
Conservatives,2019,E14000824,Mole Valley,31.46170277693012,20.50235181463281,67,Female,,0.7720400965014866
Conservatives,2019,E14000824,Mole Valley,31.46170277693012,20.50235181463281,29,Female,,0.43645862021953524
Conservatives,2019,E14000824,Mole Valley,31.46170277693012,20.50235181463281,75,Male,8,1.0951465010532073
Conservatives,2019,E14000824,Mole Valley,31.46170277693012,20.50235181463281,47,Female,5,0.8342367865604972
Conservatives,2019,E14000824,Mole Valley,31.46170277693012,20.50235181463281,63,Female,7,0.7121179368052699
Conservatives,2019,E14000828,New Forest West,27.02101859337106,29.40225403014884,69,Male,4,0.8486894670252655
Conservatives,2019,E14000828,New Forest West,27.02101859337106,29.40225403014884,85,Female,10,0.4981191844644507
Conservatives,2019,E14000828,New Forest West,27.02101859337106,29.40225403014884,57,Male,6,0.39140906993373653
Labour,2019,E14000828,New Forest West,27.02101859337106,29.40225403014884,37,Male,,1.1074564471927886
Conservatives,2019,E14000828,New Forest West,27.02101859337106,29.40225403014884,71,Male,9,0.8486894670252655
Labour,2019,E14000828,New Forest West,27.02101859337106,29.40225403014884,38,Female,4,0.8771432639209871
Conservatives,2019,E14000844,North East Hampshire,33.63340236655601,16.59190958382333,41,Male,6,0.9851384092641983
Conservatives,2019,E14000844,North East Hampshire,33.63340236655601,16.59190958382333,,Male,8,
Conservatives,2019,E14000844,North East Hampshire,33.63340236655601,16.59190958382333,67,Male,7,0.8486894670252655
Conservatives,2019,E14000874,Oxford West and Abingdon,37.80346275416332,16.67877529839128,54,Male,7,1.5393402783738253
Conservatives,2019,E14000874,Oxford West and Abingdon,37.80346275416332,16.67877529839128,68,Male,5,0.8486894670252655
Conservatives,2019,E14000874,Oxford West and Abingdon,37.80346275416332,16.67877529839128,67,Male,6,1.697378934050531
Labour,2019,E14000893,Reigate,35.23449664296411,16.38451697360983,35,Female,5,0.43857163196049354
Labour,2019,E14000893,Reigate,35.23449664296411,16.38451697360983,68,Female,5,
Conservatives,2019,E14000893,Reigate,35.23449664296411,16.38451697360983,22,Female,,0.6785175041485044
Labour,2019,E14000893,Reigate,35.23449664296411,16.38451697360983,,,,
Conservatives,2019,E14000893,Reigate,35.23449664296411,16.38451697360983,47,Female,5,
Conservatives,2019,E14000893,Reigate,35.23449664296411,16.38451697360983,62,Male,8,0.9305832518607563
Conservatives,2019,E14000893,Reigate,35.23449664296411,16.38451697360983,77,Male,9,1.0951465010532073
Conservatives,2019,E14000898,Rochester and Strood,38.99459490267975,14.60041226928594,50,Male,7,0.4585305717716281
Conservatives,2019,E14000898,Rochester and Strood,38.99459490267975,14.60041226928594,55,Female,6,0.42326882298154916
Labour,2019,E14000898,Rochester and Strood,38.99459490267975,14.60041226928594,31,Male,4,1.5555883717979535
Conservatives,2019,E14000898,Rochester and Strood,38.99459490267975,14.60041226928594,39,Male,5,0.9851384092641983
Conservatives,2019,E14000898,Rochester and Strood,38.99459490267975,14.60041226928594,57,Male,5,0.9305832518607563
Labour,2019,E14000927,Sittingbourne and Sheppey,37.62175662550298,16.1204384626058,80,Female,4,1.1199346145027396
Conservatives,2019,E14000927,Sittingbourne and Sheppey,37.62175662550298,16.1204384626058,63,Male,10,0.7828181398674731
Conservatives,2019,E14000927,Sittingbourne and Sheppey,37.62175662550298,16.1204384626058,61,Male,2,0.46529162593037815
Conservatives,2019,E14000927,Sittingbourne and Sheppey,37.62175662550298,16.1204384626058,49,Male,8,0.9170611435432562
Conservatives,2019,E14000927,Sittingbourne and Sheppey,37.62175662550298,16.1204384626058,32,Female,5,0.8729172404390705
Conservatives,2019,E14000927,Sittingbourne and Sheppey,37.62175662550298,16.1204384626058,70,Female,,0.3860200482507433
Conservatives,2019,E14000927,Sittingbourne and Sheppey,37.62175662550298,16.1204384626058,61,Male,4,0.46529162593037815
Conservatives,2019,E14000927,Sittingbourne and Sheppey,37.62175662550298,16.1204384626058,19,Male,5,2.3840291115892236
Conservatives,2019,E14000927,Sittingbourne and Sheppey,37.62175662550298,16.1204384626058,56,Male,4,1.3958748777911272
Conservatives,2019,E14000948,South Thanet,34.78364389233954,21.01449275362319,69,Male,8,0.8486894670252655
Conservatives,2019,E14000948,South Thanet,34.78364389233954,21.01449275362319,69,Male,,0.8486894670252655
Labour,2019,E14000948,South Thanet,34.78364389233954,21.01449275362319,65,Male,4,0.4770327768581037
Labour,2019,E14000948,South Thanet,34.78364389233954,21.01449275362319,40,Female,5,0.8771432639209871
Conservatives,2019,E14000948,South Thanet,34.78364389233954,21.01449275362319,72,Female,,0.7720400965014866
Conservatives,2019,E14000948,South Thanet,34.78364389233954,21.01449275362319,73,Male,8,0.42434473351263274
Conservatives,2019,E14000595,Bridgwater and West Somerset,32.65852512916862,21.99436355096289,47,Female,8,0.7509565499586469
Conservatives,2019,E14000595,Bridgwater and West Somerset,32.65852512916862,21.99436355096289,50,Female,6,0.7509565499586469
Conservatives,2019,E14000595,Bridgwater and West Somerset,32.65852512916862,21.99436355096289,56,Male,7,0.839614651855433
Conservatives,2019,E14000595,Bridgwater and West Somerset,32.65852512916862,21.99436355096289,61,Female,7,1.361935885296714
Conservatives,2019,E14000698,Exeter,43.61874752353818,14.95216890884734,28,Male,5,1.4841726088178535
Labour,2019,E14000698,Exeter,43.61874752353818,14.95216890884734,28,Female,1,1.0118440938653221
Labour,2019,E14000698,Exeter,43.61874752353818,14.95216890884734,46,Female,3,0.8441977949418533
Labour,2019,E14000698,Exeter,43.61874752353818,14.95216890884734,48,Male,,0.5528621121136482
Labour,2019,E14000698,Exeter,43.61874752353818,14.95216890884734,63,Female,4,1.2879283875065026
Labour,2019,E14000698,Exeter,43.61874752353818,14.95216890884734,34,Female,3,1.0118440938653221
Labour,2019,E14000698,Exeter,43.61874752353818,14.95216890884734,23,Female,5,1.6362120370742057
Labour,2019,E14000698,Exeter,43.61874752353818,14.95216890884734,67,Female,4,0.4654343076177979
Labour,2019,E14000698,Exeter,43.61874752353818,14.95216890884734,25,Female,1,0.5059220469326611
Labour,2019,E14000705,Forest of Dean,31.83005094757854,20.76432973179988,72,Male,5,1.0232867340890943
Labour,2019,E14000705,Forest of Dean,31.83005094757854,20.76432973179988,55,Female,5,0.5103461140252734
Conservatives,2019,E14000705,Forest of Dean,31.83005094757854,20.76432973179988,60,Female,3,0.7637848730638648
Labour,2019,E14000705,Forest of Dean,31.83005094757854,20.76432973179988,32,Male,5,1.1569925398262566
Conservatives,2019,E14000705,Forest of Dean,31.83005094757854,20.76432973179988,18,Female,7,2.326064355999715
Conservatives,2019,E14000705,Forest of Dean,31.83005094757854,20.76432973179988,67,Female,7,
Conservatives,2019,E14000705,Forest of Dean,31.83005094757854,20.76432973179988,80,Female,7,2.1370387033567346
Conservatives,2019,E14000774,Kingswood,36.06262186030508,17.12237641931414,38,Male,7,0.459980283818782
Labour,2019,E14000774,Kingswood,36.06262186030508,17.12237641931414,31,Male,5,0.5561507936094409
Conservatives,2019,E14000774,Kingswood,36.06262186030508,17.12237641931414,46,Male,6,1.9671950190029357
Labour,2019,E14000774,Kingswood,36.06262186030508,17.12237641931414,47,Female,4,0.8441977949418533
Conservatives,2019,E14000774,Kingswood,36.06262186030508,17.12237641931414,66,Male,7,0.910265200944918
Conservatives,2019,E14000774,Kingswood,36.06262186030508,17.12237641931414,82,Male,5,1.1746036549027243
Labour,2019,E14000774,Kingswood,36.06262186030508,17.12237641931414,43,Female,3,0.9407834318824516
Labour,2019,E14000774,Kingswood,36.06262186030508,17.12237641931414,52,Female,5,0.8441977949418533
Conservatives,2019,E14000912,Salisbury,33.39963715053881,19.9042602024088,75,Male,8,1.1746036549027243
Conservatives,2019,E14000912,Salisbury,33.39963715053881,19.9042602024088,46,Male,6,0.9835975095014678
Labour,2019,E14000912,Salisbury,33.39963715053881,19.9042602024088,49,Female,3,1.0058607652674678
Conservatives,2019,E14000912,Salisbury,33.39963715053881,19.9042602024088,58,Male,5,0.9981006995645791
Labour,2019,E14000912,Salisbury,33.39963715053881,19.9042602024088,42,Male,3,1.0341859095254535
Labour,2019,E14000912,Salisbury,33.39963715053881,19.9042602024088,35,Female,2,0.4703917159412258
Conservatives,2019,E14000912,Salisbury,33.39963715053881,19.9042602024088,59,Female,7,1.8159145137289623
Labour,2019,E14000912,Salisbury,33.39963715053881,19.9042602024088,23,Female,4,1.2271590278056426
Conservatives,2019,E14000950,South West Devon,31.86715451730932,20.87925696594427,72,Male,,0.910265200944918
Labour,2019,E14000950,South West Devon,31.86715451730932,20.87925696594427,22,Female,,0.8181060185371029
Conservatives,2019,E14000950,South West Devon,31.86715451730932,20.87925696594427,58,Female,6,1.5275697461277296
Labour,2019,E14000950,South West Devon,31.86715451730932,20.87925696594427,,Female,1,
Conservatives,2019,E14000950,South West Devon,31.86715451730932,20.87925696594427,75,Male,5,1.1746036549027243
Conservatives,2019,E14000950,South West Devon,31.86715451730932,20.87925696594427,80,Male,,0.5873018274513622
Labour,2019,E14000994,Thornbury and Yate,33.18621421508333,18.93977763307045,88,Male,2,1.3204463233646895
Conservatives,2019,E14000994,Thornbury and Yate,33.18621421508333,18.93977763307045,63,Female,8,0.9079572568644811
Conservatives,2019,E14000994,Thornbury and Yate,33.18621421508333,18.93977763307045,55,Male,7,0.49905034978228957
Conservatives,2019,E14000994,Thornbury and Yate,33.18621421508333,18.93977763307045,75,Female,8,0.5342596758391837
Conservatives,2019,E14001060,Yeovil,34.01852354775573,20.78701665995523,35,Female,3,0.8368743492315793
Labour,2019,E14001060,Yeovil,34.01852354775573,20.78701665995523,48,Female,2,1.0058607652674678
Conservatives,2019,E14001060,Yeovil,34.01852354775573,20.78701665995523,72,Female,5,0.41402730968413204
Conservatives,2019,E14001060,Yeovil,34.01852354775573,20.78701665995523,43,Female,5,1.6737486984631587
Conservatives,2019,E14001060,Yeovil,34.01852354775573,20.78701665995523,70,Male,7,0.455132600472459
Conservatives,2019,W07000068,Brecon and Radnorshire,30.15159616746391,24.01260170238594,56,Female,,0.6795858788894589
Conservatives,2019,W07000068,Brecon and Radnorshire,30.15159616746391,24.01260170238594,49,Female,,0.7961259090594484
Conservatives,2019,W07000068,Brecon and Radnorshire,30.15159616746391,24.01260170238594,76,Female,10,1.9014533760215737
Conservatives,2019,W07000068,Brecon and Radnorshire,30.15159616746391,24.01260170238594,70,Female,5,0.736770583075954
Conservatives,2019,W07000068,Brecon and Radnorshire,30.15159616746391,24.01260170238594,70,Male,5,0.809918340127849
Conservatives,2019,W07000080,Cardiff South and Penarth,41.85845237541297,13.56381741193988,51,Male,4,0.3672544468833803
Labour,2019,W07000080,Cardiff South and Penarth,41.85845237541297,13.56381741193988,46,Female,7,0.8949755308227596
Labour,2019,W07000070,Cynon Valley,37.37382526975287,17.37730595196659,20,Female,,1.7449608469379339
Labour,2019,W07000070,Cynon Valley,37.37382526975287,17.37730595196659,59,Female,3,1.5279310113579765
Labour,2019,W07000070,Cynon Valley,37.37382526975287,17.37730595196659,83,Female,,0.5343860264986501
Labour,2019,W07000070,Cynon Valley,37.37382526975287,17.37730595196659,67,Male,5,0.4552402378383604
Labour,2019,W07000070,Cynon Valley,37.37382526975287,17.37730595196659,25,Male,2,2.0588933344340576
Conservatives,2019,W07000070,Cynon Valley,37.37382526975287,17.37730595196659,65,Male,5,0.4049591700639245
Conservatives,2019,W07000054,Monmouth,30.93523461478748,22.20032723060203,59,Male,6,0.44403546407828876
Labour,2019,W07000054,Monmouth,30.93523461478748,22.20032723060203,76,Female,5,0.5343860264986501
Conservatives,2019,W07000054,Monmouth,30.93523461478748,22.20032723060203,46,Female,5,0.3980629545297242
Labour,2019,W07000054,Monmouth,30.93523461478748,22.20032723060203,52,Male,5,0.4919150635417539
Conservatives,2019,W07000054,Monmouth,30.93523461478748,22.20032723060203,68,Female,,0.736770583075954
Conservatives,2019,W07000054,Monmouth,30.93523461478748,22.20032723060203,60,Female,8,0.8078648218380182
Labour,2019,W07000054,Monmouth,30.93523461478748,22.20032723060203,66,Male,2,0.9104804756767207
Labour,2019,W07000054,Monmouth,30.93523461478748,22.20032723060203,67,Male,2,0.4552402378383604
Conservatives,2019,W07000055,Newport East,39.65105530734864,15.8039336517229,68,Male,7,0.4049591700639245
Labour,2019,W07000055,Newport East,39.65105530734864,15.8039336517229,72,Female,6,0.4141252257837018
Labour,2019,W07000055,Newport East,39.65105530734864,15.8039336517229,70,Male,3,
Labour,2019,W07000055,Newport East,39.65105530734864,15.8039336517229,60,Female,6,1.362257978662621
Labour,2019,W07000055,Newport East,39.65105530734864,15.8039336517229,75,Male,3,1.1748814448111164
Conservatives,2019,W07000055,Newport East,39.65105530734864,15.8039336517229,54,Female,5,0.6681717392022374
Labour,2019,W07000041,Ynys Mon,32.12140327737237,22.43121962409141,73,Female,5,0.4141252257837018
Labour,2019,W07000041,Ynys Mon,32.12140327737237,22.43121962409141,69,Female,2,0.8282504515674036
Conservatives,2019,W07000041,Ynys Mon,32.12140327737237,22.43121962409141,48,Male,5,1.31274983612855
Labour,2019,E14000560,"Birmingham, Edgbaston",44.11192113329468,13.80374451163947,50,Female,5,0.4571923632967991
Labour,2019,E14000560,"Birmingham, Edgbaston",44.11192113329468,13.80374451163947,38,Female,5,0.42761286196348747
Conservatives,2019,E14000560,"Birmingham, Edgbaston",44.11192113329468,13.80374451163947,67,Female,8,0.37637440631968166
Conservatives,2019,E14000649,Coventry North East,44.13225832722535,13.05480902353612,51,Female,9,0.8133913683876688
Conservatives,2019,E14000649,Coventry North East,44.13225832722535,13.05480902353612,44,Male,8,1.4407835251422512
Labour,2019,E14000767,Kenilworth and Southam,31.66048068147246,21.01734104046243,79,Female,,0.5459751735180979
Conservatives,2019,E14000767,Kenilworth and Southam,31.66048068147246,21.01734104046243,75,Male,5,0.533890812193303
Conservatives,2019,E14000767,Kenilworth and Southam,31.66048068147246,21.01734104046243,82,Female,6,0.48567247524789775
Conservatives,2019,E14000767,Kenilworth and Southam,31.66048068147246,21.01734104046243,65,Male,8,0.8274829137732141
Conservatives,2019,E14000767,Kenilworth and Southam,31.66048068147246,21.01734104046243,68,Female,7,0.7527488126393633
Conservatives,2019,E14000767,Kenilworth and Southam,31.66048068147246,21.01734104046243,62,Male,7,0.907330384878412
Conservatives,2019,E14000767,Kenilworth and Southam,31.66048068147246,21.01734104046243,56,Male,7,1.360995577317609
Conservatives,2019,E14000767,Kenilworth and Southam,31.66048068147246,21.01734104046243,,Female,5,
Conservatives,2019,E14000767,Kenilworth and Southam,31.66048068147246,21.01734104046243,59,Male,7,0.907330384878412
Labour,2019,E14000892,Redditch,37.00725938646475,14.74402578141552,32,Male,5,1.0517721177031258
Labour,2019,E14000892,Redditch,37.00725938646475,14.74402578141552,,Female,,
Labour,2019,E14000892,Redditch,37.00725938646475,14.74402578141552,39,Male,,
Conservatives,2019,E14000892,Redditch,37.00725938646475,14.74402578141552,81,Female,10,0.48567247524789775
Conservatives,2019,E14000892,Redditch,37.00725938646475,14.74402578141552,79,Female,8,0.9713449504957955
Conservatives,2019,E14000892,Redditch,37.00725938646475,14.74402578141552,66,Male,8,0.8274829137732141
Conservatives,2019,E14000892,Redditch,37.00725938646475,14.74402578141552,69,Male,5,0.8274829137732141
Labour,2019,E14000892,Redditch,37.00725938646475,14.74402578141552,68,Female,0,
Conservatives,2019,E14000892,Redditch,37.00725938646475,14.74402578141552,70,Female,5,0.7527488126393633
Conservatives,2019,E14000892,Redditch,37.00725938646475,14.74402578141552,36,Male,,0.9605223500948405
Conservatives,2019,E14000905,Rugby,35.75179442562844,17.45124237433842,63,Female,,0.4126924305750851
Conservatives,2019,E14000905,Rugby,35.75179442562844,17.45124237433842,29,Male,5,0.4678021937426698
Conservatives,2019,E14000905,Rugby,35.75179442562844,17.45124237433842,79,Male,5,1.067781624386606
Conservatives,2019,E14000905,Rugby,35.75179442562844,17.45124237433842,70,Female,7,0.7527488126393633
Labour,2019,E14000905,Rugby,35.75179442562844,17.45124237433842,66,Male,3,0.9302259247860295
Labour,2019,E14000905,Rugby,35.75179442562844,17.45124237433842,48,Female,4,0.7674238787050783
Conservatives,2019,E14000905,Rugby,35.75179442562844,17.45124237433842,62,Female,5,0.6943239526268907
Conservatives,2019,E14000905,Rugby,35.75179442562844,17.45124237433842,71,Female,5,0.7527488126393633
Conservatives,2019,E14000965,Stafford,35.03963046559235,18.29300299196893,68,Male,6,0.8274829137732141
Conservatives,2019,E14000965,Stafford,35.03963046559235,18.29300299196893,73,Male,8,0.8274829137732141
Conservatives,2019,E14000965,Stafford,35.03963046559235,18.29300299196893,67,Female,9,0.37637440631968166
Conservatives,2019,E14000965,Stafford,35.03963046559235,18.29300299196893,78,Female,8,0.48567247524789775
Conservatives,2019,E14000972,Stoke-on-Trent Central,42.28556988833269,14.45778783211398,61,Male,8,0.3816287702983704
Conservatives,2019,E14000972,Stoke-on-Trent Central,42.28556988833269,14.45778783211398,55,Male,5,0.453665192439206
Conservatives,2019,E14000972,Stoke-on-Trent Central,42.28556988833269,14.45778783211398,32,Male,5,0.4497324785539105
Labour,2019,E14000972,Stoke-on-Trent Central,42.28556988833269,14.45778783211398,45,Female,,0.7674238787050783
Labour,2019,E14000972,Stoke-on-Trent Central,42.28556988833269,14.45778783211398,26,Female,4,0.4599119565412051
Labour,2019,E14000972,Stoke-on-Trent Central,42.28556988833269,14.45778783211398,29,Male,3,0.5055727481567993
Conservatives,2019,E14000972,Stoke-on-Trent Central,42.28556988833269,14.45778783211398,20,Female,3,2.114524985607048
Labour,2019,E14000974,Stoke-on-Trent South,37.21060096717631,16.4833201174907,58,Male,6,0.5099937607843429
Labour,2019,E14000974,Stoke-on-Trent South,37.21060096717631,16.4833201174907,84,Female,6,0.5459751735180979
Conservatives,2019,E14000974,Stoke-on-Trent South,37.21060096717631,16.4833201174907,87,Female,,0.48567247524789775
Conservatives,2019,E14000974,Stoke-on-Trent South,37.21060096717631,16.4833201174907,,,9,
Labour,2019,E14000974,Stoke-on-Trent South,37.21060096717631,16.4833201174907,60,Female,3,1.3918010565319605
Labour,2019,E14000974,Stoke-on-Trent South,37.21060096717631,16.4833201174907,28,Female,5,0.4599119565412051
Conservatives,2019,E14000974,Stoke-on-Trent South,37.21060096717631,16.4833201174907,44,Male,,0.4802611750474203
Conservatives,2019,E14000974,Stoke-on-Trent South,37.21060096717631,16.4833201174907,89,Male,8,1.067781624386606
Conservatives,2019,E14000986,Tamworth,36.78540709505528,15.92191662995364,47,Male,3,1.3412192385759365
Conservatives,2019,E14000986,Tamworth,36.78540709505528,15.92191662995364,81,Female,5,0.9713449504957955
Conservatives,2019,E14000986,Tamworth,36.78540709505528,15.92191662995364,39,Male,8,0.4181482771586541
Conservatives,2019,E14000986,Tamworth,36.78540709505528,15.92191662995364,86,Female,8,0.48567247524789775
Conservatives,2019,E14000986,Tamworth,36.78540709505528,15.92191662995364,35,Female,6,0.760766449431821
Labour,2019,E14000986,Tamworth,36.78540709505528,15.92191662995364,26,Female,2,0.9198239130824102
Conservatives,2019,E14000986,Tamworth,36.78540709505528,15.92191662995364,62,Male,7,0.907330384878412
Labour,2019,E14000986,Tamworth,36.78540709505528,15.92191662995364,63,Male,1,0.5099937607843429
Labour,2019,E14000723,Halifax,39.2851831656174,15.12021018192634,39,Female,5,0.3904259044706925
Labour,2019,E14000723,Halifax,39.2851831656174,15.12021018192634,53,Male,5,1.5981171526249012
Labour,2019,E14000723,Halifax,39.2851831656174,15.12021018192634,32,Female,6,1.5211897533655292
Labour,2019,E14000723,Halifax,39.2851831656174,15.12021018192634,45,Male,5,1.5981171526249012
Labour,2019,E14000723,Halifax,39.2851831656174,15.12021018192634,28,Female,6,1.462431017388977
Conservatives,2019,E14000723,Halifax,39.2851831656174,15.12021018192634,71,Male,6,1.3156177636283428
Conservatives,2019,E14000723,Halifax,39.2851831656174,15.12021018192634,65,Female,5,0.29919944356999445
Labour,2019,E14000723,Halifax,39.2851831656174,15.12021018192634,75,Male,3,1.9084577078559093
Conservatives,2019,E14000723,Halifax,39.2851831656174,15.12021018192634,28,Male,5,1.4875204447323223
Conservatives,2019,E14000730,Harrogate and Knaresborough,33.04517733435964,19.28079420530128,49,Female,6,0.3233033924994335
Conservatives,2019,E14000730,Harrogate and Knaresborough,33.04517733435964,19.28079420530128,73,Male,7,0.6578088818141714
Conservatives,2019,E14000730,Harrogate and Knaresborough,33.04517733435964,19.28079420530128,48,Male,7,0.5965619620553478
Conservatives,2019,E14000730,Harrogate and Knaresborough,33.04517733435964,19.28079420530128,53,Male,8,1.1931239241106957
Conservatives,2019,E14000730,Harrogate and Knaresborough,33.04517733435964,19.28079420530128,73,Male,4,0.6578088818141714
Conservatives,2019,E14000730,Harrogate and Knaresborough,33.04517733435964,19.28079420530128,68,Female,9,0.5983988871399889
Conservatives,2019,E14000730,Harrogate and Knaresborough,33.04517733435964,19.28079420530128,44,Male,7,0.6648152996320195
Conservatives,2019,E14000730,Harrogate and Knaresborough,33.04517733435964,19.28079420530128,38,Female,8,0.6047725204869178
Conservatives,2019,E14000730,Harrogate and Knaresborough,33.04517733435964,19.28079420530128,,Male,6,
Conservatives,2019,E14000730,Harrogate and Knaresborough,33.04517733435964,19.28079420530128,65,Male,5,0.3289044409070857
Conservatives,2019,E14000730,Harrogate and Knaresborough,33.04517733435964,19.28079420530128,73,Male,10,0.6578088818141714
Labour,2019,E14000730,Harrogate and Knaresborough,33.04517733435964,19.28079420530128,45,Female,5,0.30503242733229224
Conservatives,2019,E14000730,Harrogate and Knaresborough,33.04517733435964,19.28079420530128,48,Female,5,1.293213569997734
Conservatives,2019,E14000756,Huddersfield,41.52220449966421,14.96075386165212,35,Male,7,0.6648152996320195
Conservatives,2019,E14000756,Huddersfield,41.52220449966421,14.96075386165212,54,Female,5,0.9699101774983052
Labour,2019,E14000756,Huddersfield,41.52220449966421,14.96075386165212,72,Male,3,0.7394846047368148
Conservatives,2019,E14000773,Kingston Upon Hull West and Hessle,38.02565677565677,15.66693441693442,60,Female,5,0.3280705157426029
Labour,2019,E14000773,Kingston Upon Hull West and Hessle,38.02565677565677,15.66693441693442,66,Male,,0.7394846047368148
Conservatives,2019,E14000773,Kingston Upon Hull West and Hessle,38.02565677565677,15.66693441693442,76,Female,6,0.38608612039366175
Labour,2019,E14000773,Kingston Upon Hull West and Hessle,38.02565677565677,15.66693441693442,58,Female,8,0.7376096686035797
Conservatives,2019,E14000773,Kingston Upon Hull West and Hessle,38.02565677565677,15.66693441693442,69,Male,6,0.6578088818141714
Conservatives,2019,E14000773,Kingston Upon Hull West and Hessle,38.02565677565677,15.66693441693442,73,Female,8,0.29919944356999445
Labour,2019,E14000773,Kingston Upon Hull West and Hessle,38.02565677565677,15.66693441693442,74,Male,5,0.7394846047368148
Labour,2019,E14000773,Kingston Upon Hull West and Hessle,38.02565677565677,15.66693441693442,87,Female,6,0.43402384800017113
Conservatives,2019,E14000773,Kingston Upon Hull West and Hessle,38.02565677565677,15.66693441693442,67,Male,5,0.3289044409070857
Labour,2019,E14000780,Leeds North West,47.45834860649632,14.93301486325099,29,Female,,0.36560775434724424
Conservatives,2019,E14000780,Leeds North West,47.45834860649632,14.93301486325099,52,Female,5,0.3233033924994335
Conservatives,2019,E14000780,Leeds North West,47.45834860649632,14.93301486325099,51,Male,4,0.355401468280185
Conservatives,2019,E14000780,Leeds North West,47.45834860649632,14.93301486325099,73,Male,7,0.6578088818141714
Labour,2019,E14000780,Leeds North West,47.45834860649632,14.93301486325099,49,Female,4,0.30503242733229224
Labour,2019,E14000780,Leeds North West,47.45834860649632,14.93301486325099,35,Male,6,0.7473609625268799
Conservatives,2019,E14000780,Leeds North West,47.45834860649632,14.93301486325099,76,Male,8,1.273252096209422
Conservatives,2019,E14000780,Leeds North West,47.45834860649632,14.93301486325099,77,Male,7,0.8488347308062857
Labour,2019,E14000780,Leeds North West,47.45834860649632,14.93301486325099,32,Female,3,0.7312155086944885
Labour,2019,E14000780,Leeds North West,47.45834860649632,14.93301486325099,79,Female,3,0.43402384800017113
Conservatives,2019,E14000826,Morley and Outwood,34.96004891546537,15.34619091540319,81,Male,5,0.8488347308062857
Conservatives,2019,E14000826,Morley and Outwood,34.96004891546537,15.34619091540319,68,Male,,0.6578088818141714
Conservatives,2019,E14000826,Morley and Outwood,34.96004891546537,15.34619091540319,77,Male,1,0.42441736540314284
Conservatives,2019,E14000826,Morley and Outwood,34.96004891546537,15.34619091540319,77,Male,1,0.42441736540314284
Conservatives,2019,E14000826,Morley and Outwood,34.96004891546537,15.34619091540319,40,Female,6,0.3023862602434589
Labour,2019,E14000826,Morley and Outwood,34.96004891546537,15.34619091540319,,Female,,
Labour,2019,E14000826,Morley and Outwood,34.96004891546537,15.34619091540319,31,Female,5,0.7312155086944885
Labour,2019,E14000836,"Normanton, Pontefract and Castleford",36.44759550352162,16.66868790521946,45,Male,5,0.3995292881562253
Conservatives,2019,E14000836,"Normanton, Pontefract and Castleford",36.44759550352162,16.66868790521946,66,Male,7,0.3289044409070857
Conservatives,2019,E14000836,"Normanton, Pontefract and Castleford",36.44759550352162,16.66868790521946,39,Male,,0.3817843985396054
Labour,2019,E14000836,"Normanton, Pontefract and Castleford",36.44759550352162,16.66868790521946,34,Female,2,0.7312155086944885
Conservatives,2019,E14000836,"Normanton, Pontefract and Castleford",36.44759550352162,16.66868790521946,36,Male,7,1.5271375941584215
Conservatives,2019,E14000836,"Normanton, Pontefract and Castleford",36.44759550352162,16.66868790521946,47,Male,6,0.71080293656037
Labour,2019,E14000836,"Normanton, Pontefract and Castleford",36.44759550352162,16.66868790521946,24,Female,5,0.9448283747985167
Conservatives,2019,E14000895,Richmond (Yorks),34.55606191927382,19.80783030913039,43,Male,5,0.3817843985396054
Conservatives,2019,E14000895,Richmond (Yorks),34.55606191927382,19.80783030913039,39,Female,,0.3023862602434589
Conservatives,2019,E14000895,Richmond (Yorks),34.55606191927382,19.80783030913039,78,Male,7,0.8488347308062857
Labour,2019,E14000895,Richmond (Yorks),34.55606191927382,19.80783030913039,59,Male,4,0.4054203657015986
Labour,2019,E14000919,Sheffield Central,58.16852295201416,8.761840324763194,65,Male,0,0.3697423023684074
Conservatives,2019,E14000919,Sheffield Central,58.16852295201416,8.761840324763194,38,Male,5,0.7635687970792108
Labour,2019,E14000919,Sheffield Central,58.16852295201416,8.761840324763194,60,Female,0,0.7376096686035797
Labour,2019,E14000919,Sheffield Central,58.16852295201416,8.761840324763194,26,Male,4,0.8038117491133999
Labour,2019,E14001009,Wakefield,35.97618697014957,16.01594547405179,69,Female,,0.3363490344728051
Labour,2019,E14001009,Wakefield,35.97618697014957,16.01594547405179,48,Male,,1.3412661303534679
Conservatives,2019,E14001009,Wakefield,35.97618697014957,16.01594547405179,57,Female,5,0.3280705157426029
Conservatives,2019,E14001009,Wakefield,35.97618697014957,16.01594547405179,47,Female,5,0.8140252223855257
Conservatives,2019,E14001009,Wakefield,35.97618697014957,16.01594547405179,60,Male,7,0.3033764087204946
Conservatives,2019,E14001009,Wakefield,35.97618697014957,16.01594547405179,46,Female,5,0.3233033924994335
