vote_decision,year,ons_const_code,constituency_name,under_30,over_65,age,gender,left_right,weight
Labour,2015,E14000535,Ashfield,35.06780226465451,17.48042467178209,45,Male,5,0.5941370129585266
Labour,2015,E14000535,Ashfield,35.06780226465451,17.48042467178209,49,Male,5,1.1882740259170532
Labour,2015,E14000535,Ashfield,35.06780226465451,17.48042467178209,62,Male,5,0.48416298627853394
Labour,2015,E14000535,Ashfield,35.06780226465451,17.48042467178209,26,Female,3,1.4195929765701294
Conservatives,2015,E14000546,Bassetlaw,33.86636868064119,18.51302404438964,67,Female,5,0.48507601022720337
Labour,2015,E14000546,Bassetlaw,33.86636868064119,18.51302404438964,65,Female,5,0.48507601022720337
Labour,2015,E14000546,Bassetlaw,33.86636868064119,18.51302404438964,65,Male,3,0.9683250188827515
Labour,2015,E14000546,Bassetlaw,33.86636868064119,18.51302404438964,56,Male,5,0.9683250188827515
Conservatives,2015,E14000546,Bassetlaw,33.86636868064119,18.51302404438964,83,Male,5,1.1135690212249756
Labour,2015,E14000546,Bassetlaw,33.86636868064119,18.51302404438964,56,Female,3,0.48507601022720337
Conservatives,2015,E14000546,Bassetlaw,33.86636868064119,18.51302404438964,86,Female,10,0.7427840232849121
Labour,2015,E14000546,Bassetlaw,33.86636868064119,18.51302404438964,35,Female,,0.9967989921569824
Labour,2015,E14000546,Bassetlaw,33.86636868064119,18.51302404438964,23,Female,5,1.1312689781188965
Conservatives,2015,E14000546,Bassetlaw,33.86636868064119,18.51302404438964,71,Male,10,0.48416298627853394
Labour,2015,E14000577,Bolsover,34.19177966191398,18.51851851851852,33,Female,,1.4195929765701294
Labour,2015,E14000577,Bolsover,34.19177966191398,18.51851851851852,44,Female,0,1.4951980113983154
Conservatives,2015,E14000577,Bolsover,34.19177966191398,18.51851851851852,70,Female,5,0.9701529741287231
Labour,2015,E14000577,Bolsover,34.19177966191398,18.51851851851852,49,Male,6,1.7824100255966187
Labour,2015,E14000577,Bolsover,34.19177966191398,18.51851851851852,55,Female,2,0.9701529741287231
Labour,2015,E14000577,Bolsover,34.19177966191398,18.51851851851852,-1,Female,4,1.1028269529342651
Conservatives,2015,E14000607,Broxtowe,34.15147781954492,18.18555137884196,61,Female,5,0.48507601022720337
Conservatives,2015,E14000607,Broxtowe,34.15147781954492,18.18555137884196,54,Female,5,0.9967989921569824
Labour,2015,E14000607,Broxtowe,34.15147781954492,18.18555137884196,34,Female,5,1.4195929765701294
Conservatives,2015,E14000607,Broxtowe,34.15147781954492,18.18555137884196,66,Female,6,0.9701529741287231
Conservatives,2015,E14000607,Broxtowe,34.15147781954492,18.18555137884196,75,Female,5,0.7427840232849121
Conservatives,2015,E14000625,Charnwood,33.38434584371174,19.32494617300629,37,Male,6,1.1882740259170532
Labour,2015,E14000625,Charnwood,33.38434584371174,19.32494617300629,37,Female,,0.4983989894390106
Conservatives,2015,E14000625,Charnwood,33.38434584371174,19.32494617300629,49,Female,,1.4951980113983154
Conservatives,2015,E14000625,Charnwood,33.38434584371174,19.32494617300629,49,Female,,0.9967989921569824
Conservatives,2015,E14000625,Charnwood,33.38434584371174,19.32494617300629,68,Male,7,0.48416298627853394
Labour,2015,E14000625,Charnwood,33.38434584371174,19.32494617300629,33,Male,8,0.6443650126457214
Labour,2015,E14000625,Charnwood,33.38434584371174,19.32494617300629,58,Male,4,0.9683250188827515
Conservatives,2015,E14000625,Charnwood,33.38434584371174,19.32494617300629,53,Female,,0.9967989921569824
Conservatives,2015,E14000625,Charnwood,33.38434584371174,19.32494617300629,71,Female,,0.9701529741287231
Labour,2015,E14000625,Charnwood,33.38434584371174,19.32494617300629,42,Female,5,0.9967989921569824
Conservatives,2015,E14000660,Daventry,33.01651571656899,17.48108684070325,63,Female,6,0.9701529741287231
Conservatives,2015,E14000660,Daventry,33.01651571656899,17.48108684070325,37,Female,5,1.4951980113983154
Conservatives,2015,E14000660,Daventry,33.01651571656899,17.48108684070325,40,Female,7,0.4983989894390106
Conservatives,2015,E14000660,Daventry,33.01651571656899,17.48108684070325,71,Female,5,0.9701529741287231
Labour,2015,E14000662,Derby North,41.74815346431028,15.07829710036582,37,Female,3,0.9967989921569824
Conservatives,2015,E14000662,Derby North,41.74815346431028,15.07829710036582,73,Female,6,0.9701529741287231
Labour,2015,E14000662,Derby North,41.74815346431028,15.07829710036582,37,Male,0,0.5941370129585266
Conservatives,2015,E14000662,Derby North,41.74815346431028,15.07829710036582,76,Female,5,1.4855680465698242
Conservatives,2015,E14000662,Derby North,41.74815346431028,15.07829710036582,23,Female,6,2.26253604888916
Labour,2015,E14000662,Derby North,41.74815346431028,15.07829710036582,70,Female,5,0.9701529741287231
Labour,2015,E14000663,Derby South,43.84406115177107,13.27000760275165,39,Female,3,2.491997003555298
Labour,2015,E14000663,Derby South,43.84406115177107,13.27000760275165,65,Male,5,0.48416298627853394
Labour,2015,E14000663,Derby South,43.84406115177107,13.27000760275165,34,Female,5,0.7097970247268677
Labour,2015,E14000663,Derby South,43.84406115177107,13.27000760275165,54,Female,3,0.4983989894390106
Labour,2015,E14000663,Derby South,43.84406115177107,13.27000760275165,38,Female,,0.9967989921569824
Conservatives,2015,E14000663,Derby South,43.84406115177107,13.27000760275165,73,Female,6,0.48507601022720337
Conservatives,2015,E14000714,Grantham and Stamford,33.81517563774655,18.60505215966894,54,Male,6,0.5941370129585266
Conservatives,2015,E14000714,Grantham and Stamford,33.81517563774655,18.60505215966894,63,Male,6,0.9683250188827515
Conservatives,2015,E14000714,Grantham and Stamford,33.81517563774655,18.60505215966894,88,Female,,0.7427840232849121
Conservatives,2015,E14000714,Grantham and Stamford,33.81517563774655,18.60505215966894,78,Male,6,1.1135690212249756
Conservatives,2015,E14000714,Grantham and Stamford,33.81517563774655,18.60505215966894,85,Male,5,1.1135690212249756
Conservatives,2015,E14000714,Grantham and Stamford,33.81517563774655,18.60505215966894,74,Female,6,0.9701529741287231
Conservatives,2015,E14000728,Harborough,34.91784387355705,18.93862629393416,45,Male,6,1.1882740259170532
Conservatives,2015,E14000728,Harborough,34.91784387355705,18.93862629393416,76,Female,,0.7427840232849121
Conservatives,2015,E14000728,Harborough,34.91784387355705,18.93862629393416,60,Female,,0.48507601022720337
Labour,2015,E14000783,Leicester South,50.84879324653986,10.37497799424916,65,Male,7,1.4524869918823242
Conservatives,2015,E14000783,Leicester South,50.84879324653986,10.37497799424916,53,Female,7,0.9967989921569824
Labour,2015,E14000783,Leicester South,50.84879324653986,10.37497799424916,21,Female,5,2.26253604888916
Labour,2015,E14000792,Lincoln,42.89314800534166,14.87200707205598,27,Female,4,0.7097970247268677
Conservatives,2015,E14000792,Lincoln,42.89314800534166,14.87200707205598,51,Male,6,1.1882740259170532
Conservatives,2015,E14000792,Lincoln,42.89314800534166,14.87200707205598,22,Female,5,1.1312689781188965
Labour,2015,E14000792,Lincoln,42.89314800534166,14.87200707205598,22,Male,4,0.7986099720001221
Labour,2015,E14000792,Lincoln,42.89314800534166,14.87200707205598,35,Female,4,0.4983989894390106
Conservatives,2015,E14000792,Lincoln,42.89314800534166,14.87200707205598,58,Male,7,0.9683250188827515
Conservatives,2015,E14000792,Lincoln,42.89314800534166,14.87200707205598,56,Female,5,0.9701529741287231
Labour,2015,E14000797,Loughborough,42.97871482299323,14.83811770874295,82,Female,5,0.7427840232849121
Labour,2015,E14000797,Loughborough,42.97871482299323,14.83811770874295,84,Female,5,0.7427840232849121
Labour,2015,E14000797,Loughborough,42.97871482299323,14.83811770874295,73,Female,,1.4552279710769653
Labour,2015,E14000797,Loughborough,42.97871482299323,14.83811770874295,29,Female,,0.7097970247268677
Conservatives,2015,E14000797,Loughborough,42.97871482299323,14.83811770874295,64,Male,7,0.9683250188827515
Labour,2015,E14000810,Mansfield,35.96864051461719,17.17879501464591,54,Male,6,0.5941370129585266
Labour,2015,E14000810,Mansfield,35.96864051461719,17.17879501464591,62,Female,7,0.9701529741287231
Conservatives,2015,E14000810,Mansfield,35.96864051461719,17.17879501464591,46,Male,5,0.5941370129585266
Labour,2015,E14000810,Mansfield,35.96864051461719,17.17879501464591,51,Female,3,0.9967989921569824
Labour,2015,E14000810,Mansfield,35.96864051461719,17.17879501464591,71,Male,10,0.48416298627853394
Conservatives,2015,E14000810,Mansfield,35.96864051461719,17.17879501464591,77,Male,5,0.5567839741706848
Conservatives,2015,E14000810,Mansfield,35.96864051461719,17.17879501464591,46,Female,5,0.4983989894390106
Labour,2015,E14000810,Mansfield,35.96864051461719,17.17879501464591,54,Male,5,1.1882740259170532
Conservatives,2015,E14000810,Mansfield,35.96864051461719,17.17879501464591,37,Female,6,0.9967989921569824
Labour,2015,E14000810,Mansfield,35.96864051461719,17.17879501464591,79,Female,5,1.4855680465698242
Labour,2015,E14000829,Newark,32.48531894033577,19.30117145254051,39,Male,,1.1882740259170532
Conservatives,2015,E14000829,Newark,32.48531894033577,19.30117145254051,58,Female,,0.9701529741287231
Conservatives,2015,E14000829,Newark,32.48531894033577,19.30117145254051,70,Female,8,0.48507601022720337
Conservatives,2015,E14000829,Newark,32.48531894033577,19.30117145254051,65,Male,7,0.9683250188827515
Conservatives,2015,E14000829,Newark,32.48531894033577,19.30117145254051,60,Female,7,0.48507601022720337
Labour,2015,E14000843,North East Derbyshire,31.36131756013897,20.91340868112054,60,Male,4,0.9683250188827515
Conservatives,2015,E14000843,North East Derbyshire,31.36131756013897,20.91340868112054,69,Female,5,0.9701529741287231
Conservatives,2015,E14000843,North East Derbyshire,31.36131756013897,20.91340868112054,61,Male,8,0.9683250188827515
Labour,2015,E14000843,North East Derbyshire,31.36131756013897,20.91340868112054,53,Female,5,0.9967989921569824
Conservatives,2015,E14000843,North East Derbyshire,31.36131756013897,20.91340868112054,57,Female,5,0.9701529741287231
Conservatives,2015,E14000843,North East Derbyshire,31.36131756013897,20.91340868112054,75,Female,,0.7427840232849121
Conservatives,2015,E14000843,North East Derbyshire,31.36131756013897,20.91340868112054,54,Male,6,1.1882740259170532
Labour,2015,E14000861,Northampton North,39.97122702803044,15.16846111007982,63,Male,1,0.48416298627853394
Labour,2015,E14000861,Northampton North,39.97122702803044,15.16846111007982,43,Male,10,2.37654709815979
Labour,2015,E14000861,Northampton North,39.97122702803044,15.16846111007982,50,Male,5,0.5941370129585266
Conservatives,2015,E14000861,Northampton North,39.97122702803044,15.16846111007982,37,Female,7,0.9967989921569824
Conservatives,2015,E14000861,Northampton North,39.97122702803044,15.16846111007982,64,Male,7,0.9683250188827515
Conservatives,2015,E14000861,Northampton North,39.97122702803044,15.16846111007982,71,Female,5,0.9701529741287231
Conservatives,2015,E14000862,Northampton South,41.51150990760028,12.57383966244726,81,Female,5,1.4855680465698242
Labour,2015,E14000862,Northampton South,41.51150990760028,12.57383966244726,26,Female,,2.1293880939483643
Conservatives,2015,E14000862,Northampton South,41.51150990760028,12.57383966244726,56,Male,5,0.48416298627853394
Conservatives,2015,E14000908,Rushcliffe,34.03641418236577,18.29028147804935,-1,Female,6,1.1028269529342651
Labour,2015,E14000908,Rushcliffe,34.03641418236577,18.29028147804935,26,Female,4,2.1293880939483643
Conservatives,2015,E14000908,Rushcliffe,34.03641418236577,18.29028147804935,52,Female,5,0.9967989921569824
Labour,2015,E14000908,Rushcliffe,34.03641418236577,18.29028147804935,64,Male,1,0.9683250188827515
Conservatives,2015,E14000908,Rushcliffe,34.03641418236577,18.29028147804935,67,Male,5,1.4524869918823242
Conservatives,2015,E14000908,Rushcliffe,34.03641418236577,18.29028147804935,47,Female,5,0.4983989894390106
Labour,2015,E14000908,Rushcliffe,34.03641418236577,18.29028147804935,18,Male,5,2.680999994277954
Labour,2015,E14000908,Rushcliffe,34.03641418236577,18.29028147804935,43,Male,4,1.1882740259170532
Labour,2015,E14000908,Rushcliffe,34.03641418236577,18.29028147804935,60,Male,4,1.936648964881897
Labour,2015,E14000909,Rutland and Melton,32.82305847848919,19.76200384440084,60,Female,3,0.9701529741287231
Conservatives,2015,E14000909,Rutland and Melton,32.82305847848919,19.76200384440084,68,Male,6,0.9683250188827515
Conservatives,2015,E14000909,Rutland and Melton,32.82305847848919,19.76200384440084,59,Female,5,0.9701529741287231
Conservatives,2015,E14000909,Rutland and Melton,32.82305847848919,19.76200384440084,68,Female,6,0.48507601022720337
Conservatives,2015,E14000929,Sleaford and North Hykeham,30.98977092637948,21.44863852470825,67,Male,6,0.9683250188827515
Conservatives,2015,E14000929,Sleaford and North Hykeham,30.98977092637948,21.44863852470825,73,Female,5,0.48507601022720337
Conservatives,2015,E14000929,Sleaford and North Hykeham,30.98977092637948,21.44863852470825,48,Female,7,0.9967989921569824
Conservatives,2015,E14000929,Sleaford and North Hykeham,30.98977092637948,21.44863852470825,76,Female,10,1.4855680465698242
Conservatives,2015,E14000929,Sleaford and North Hykeham,30.98977092637948,21.44863852470825,36,Male,6,1.1882740259170532
Conservatives,2015,E14000929,Sleaford and North Hykeham,30.98977092637948,21.44863852470825,65,Female,8,0.9701529741287231
Conservatives,2015,E14000929,Sleaford and North Hykeham,30.98977092637948,21.44863852470825,67,Male,7,0.9683250188827515
Conservatives,2015,E14000929,Sleaford and North Hykeham,30.98977092637948,21.44863852470825,62,Male,7,0.9683250188827515
Conservatives,2015,E14001025,Wellingborough,36.25222543543176,16.14747689786076,70,Male,6,0.9683250188827515
Labour,2015,E14001025,Wellingborough,36.25222543543176,16.14747689786076,30,Female,3,1.4195929765701294
Conservatives,2015,E14001025,Wellingborough,36.25222543543176,16.14747689786076,76,Female,9,0.7427840232849121
Conservatives,2015,E14001025,Wellingborough,36.25222543543176,16.14747689786076,86,Male,7,1.1135690212249756
Conservatives,2015,E14000552,Bedford,40.36866997803416,14.75372528842539,33,Male,5,1.453590989112854
Labour,2015,E14000552,Bedford,40.36866997803416,14.75372528842539,40,Male,4,1.340283989906311
Labour,2015,E14000552,Bedford,40.36866997803416,14.75372528842539,59,Female,,1.6413880586624146
Conservatives,2015,E14000594,Brentwood and Ongar,33.00128016179524,19.35303419860796,70,Female,5,0.5471299886703491
Conservatives,2015,E14000594,Brentwood and Ongar,33.00128016179524,19.35303419860796,50,Female,6,1.1243150234222412
Conservatives,2015,E14000594,Brentwood and Ongar,33.00128016179524,19.35303419860796,77,Male,5,1.2560219764709473
Conservatives,2015,E14000594,Brentwood and Ongar,33.00128016179524,19.35303419860796,52,Male,7,1.340283989906311
Conservatives,2015,E14000594,Brentwood and Ongar,33.00128016179524,19.35303419860796,45,Female,6,1.1243150234222412
Conservatives,2015,E14000594,Brentwood and Ongar,33.00128016179524,19.35303419860796,51,Male,6,1.340283989906311
Conservatives,2015,E14000606,Broxbourne,36.73853628909809,16.74967101933394,57,Female,8,0.5471299886703491
Conservatives,2015,E14000606,Broxbourne,36.73853628909809,16.74967101933394,54,Male,5,2.010425090789795
Conservatives,2015,E14000606,Broxbourne,36.73853628909809,16.74967101933394,60,Female,5,1.6413880586624146
Labour,2015,E14000622,Castle Point,32.02440604015407,21.58934678619718,79,Male,4,1.2560219764709473
Conservatives,2015,E14000622,Castle Point,32.02440604015407,21.58934678619718,69,Female,5,1.0942599773406982
Conservatives,2015,E14000622,Castle Point,32.02440604015407,21.58934678619718,71,Female,8,1.0942599773406982
Conservatives,2015,E14000622,Castle Point,32.02440604015407,21.58934678619718,19,Male,5,2.680999994277954
Labour,2015,E14000642,Clacton,28.80539837626964,30.20771096193723,19,Female,5,2.551971912384033
Conservatives,2015,E14000642,Clacton,28.80539837626964,30.20771096193723,59,Male,7,1.0921980142593384
Conservatives,2015,E14000642,Clacton,28.80539837626964,30.20771096193723,43,Male,8,1.340283989906311
Labour,2015,E14000644,Colchester,42.16646717613479,13.29067305036369,70,Male,5,0.5460990071296692
Labour,2015,E14000644,Colchester,42.16646717613479,13.29067305036369,25,Female,2,1.601194977760315
Conservatives,2015,E14000693,Epping Forest,34.50002103403307,17.43090320137983,36,Female,10,1.1243150234222412
Conservatives,2015,E14000693,Epping Forest,34.50002103403307,17.43090320137983,81,Male,6,0.6280109882354736
Conservatives,2015,E14000693,Epping Forest,34.50002103403307,17.43090320137983,81,Female,7,1.6756089925765991
Conservatives,2015,E14000717,Great Yarmouth,34.90650410682895,20.94122968430359,77,Female,7,1.6756089925765991
Conservatives,2015,E14000717,Great Yarmouth,34.90650410682895,20.94122968430359,18,Male,8,1.8015450239181519
Conservatives,2015,E14000717,Great Yarmouth,34.90650410682895,20.94122968430359,66,Female,6,0.5471299886703491
Conservatives,2015,E14000717,Great Yarmouth,34.90650410682895,20.94122968430359,36,Female,5,1.1243150234222412
Conservatives,2015,E14000717,Great Yarmouth,34.90650410682895,20.94122968430359,77,Female,8,0.8378049731254578
Labour,2015,E14000729,Harlow,37.8568405976368,15.55938934279483,61,Female,4,1.0942599773406982
Labour,2015,E14000729,Harlow,37.8568405976368,15.55938934279483,51,Female,5,1.1243150234222412
Conservatives,2015,E14000729,Harlow,37.8568405976368,15.55938934279483,50,Male,5,1.340283989906311
Conservatives,2015,E14000729,Harlow,37.8568405976368,15.55938934279483,81,Female,5,1.6756089925765991
Labour,2015,E14000729,Harlow,37.8568405976368,15.55938934279483,36,Male,0,1.340283989906311
Conservatives,2015,E14000734,Harwich and North Essex,32.71470878578479,21.07381814193266,63,Female,10,1.0942599773406982
Conservatives,2015,E14000734,Harwich and North Essex,32.71470878578479,21.07381814193266,71,Male,5,1.0921980142593384
Conservatives,2015,E14000739,Hemel Hempstead,37.51463404787857,15.12050381494489,44,Female,7,1.1243150234222412
Conservatives,2015,E14000739,Hemel Hempstead,37.51463404787857,15.12050381494489,59,Female,4,0.5471299886703491
Conservatives,2015,E14000739,Hemel Hempstead,37.51463404787857,15.12050381494489,31,Female,,1.601194977760315
Conservatives,2015,E14000739,Hemel Hempstead,37.51463404787857,15.12050381494489,23,Female,,1.2759859561920166
Conservatives,2015,E14000739,Hemel Hempstead,37.51463404787857,15.12050381494489,63,Male,8,2.680999994277954
Labour,2015,E14000739,Hemel Hempstead,37.51463404787857,15.12050381494489,90,Male,,0.6280109882354736
Conservatives,2015,E14000739,Hemel Hempstead,37.51463404787857,15.12050381494489,45,Female,4,1.1243150234222412
Conservatives,2015,E14000739,Hemel Hempstead,37.51463404787857,15.12050381494489,62,Female,6,0.5471299886703491
Conservatives,2015,E14000744,Hertford and Stortford,35.64862104187947,14.83820786985409,18,Male,9,1.8015450239181519
Labour,2015,E14000744,Hertford and Stortford,35.64862104187947,14.83820786985409,82,Male,5,0.6280109882354736
Conservatives,2015,E14000744,Hertford and Stortford,35.64862104187947,14.83820786985409,42,Male,9,0.6701419949531555
Labour,2015,E14000757,Huntingdon,35.89079031456365,16.13647660299652,31,Male,3,1.453590989112854
Conservatives,2015,E14000757,Huntingdon,35.89079031456365,16.13647660299652,65,Male,7,1.6382960081100464
Conservatives,2015,E14000757,Huntingdon,35.89079031456365,16.13647660299652,71,Male,10,1.0921980142593384
Conservatives,2015,E14000801,Luton South,47.45144309312035,10.40206934107823,49,Female,5,0.5621569752693176
Labour,2015,E14000801,Luton South,47.45144309312035,10.40206934107823,70,Female,,1.0942599773406982
Conservatives,2015,E14000801,Luton South,47.45144309312035,10.40206934107823,64,Female,5,1.0942599773406982
Conservatives,2015,E14000801,Luton South,47.45144309312035,10.40206934107823,56,Female,8,1.6413880586624146
Conservatives,2015,E14000806,Maldon,32.12946383323761,18.99050643602824,48,Female,6,0.5621569752693176
Labour,2015,E14000806,Maldon,32.12946383323761,18.99050643602824,59,Female,5,0.5471299886703491
Conservatives,2015,E14000806,Maldon,32.12946383323761,18.99050643602824,41,Female,5,0.5621569752693176
Conservatives,2015,E14000806,Maldon,32.12946383323761,18.99050643602824,64,Female,8,0.5471299886703491
Conservatives,2015,E14000816,Mid Norfolk,32.51602564102564,22.20452724358974,35,Male,5,1.340283989906311
Conservatives,2015,E14000842,North East Cambridgeshire,33.98501459386345,19.74887876414893,74,Female,8,0.5471299886703491
Labour,2015,E14000842,North East Cambridgeshire,33.98501459386345,19.74887876414893,32,Female,3,1.601194977760315
Conservatives,2015,E14000842,North East Cambridgeshire,33.98501459386345,19.74887876414893,67,Female,9,1.6413880586624146
Conservatives,2015,E14000842,North East Cambridgeshire,33.98501459386345,19.74887876414893,39,Female,5,1.1243150234222412
Conservatives,2015,E14000845,North East Hertfordshire,33.94727452091598,17.72348508700124,67,Female,6,1.0942599773406982
Conservatives,2015,E14000845,North East Hertfordshire,33.94727452091598,17.72348508700124,61,Male,5,1.6382960081100464
Conservatives,2015,E14000845,North East Hertfordshire,33.94727452091598,17.72348508700124,66,Female,7,1.0942599773406982
Conservatives,2015,E14000845,North East Hertfordshire,33.94727452091598,17.72348508700124,83,Female,7,0.8378049731254578
Conservatives,2015,E14000845,North East Hertfordshire,33.94727452091598,17.72348508700124,61,Female,6,1.0942599773406982
Conservatives,2015,E14000845,North East Hertfordshire,33.94727452091598,17.72348508700124,96,Male,6,0.6280109882354736
Conservatives,2015,E14000845,North East Hertfordshire,33.94727452091598,17.72348508700124,36,Male,5,1.340283989906311
Labour,2015,E14000845,North East Hertfordshire,33.94727452091598,17.72348508700124,63,Female,5,0.5471299886703491
Labour,2015,E14000845,North East Hertfordshire,33.94727452091598,17.72348508700124,65,Female,3,1.0942599773406982
Labour,2015,E14000845,North East Hertfordshire,33.94727452091598,17.72348508700124,39,Male,3,1.340283989906311
Labour,2015,E14000864,Norwich South,43.10644460535843,15.53429192096824,38,Male,,1.340283989906311
Labour,2015,E14000864,Norwich South,43.10644460535843,15.53429192096824,69,Female,4,0.5471299886703491
Labour,2015,E14000864,Norwich South,43.10644460535843,15.53429192096824,34,Female,10,0.8005970120429993
Conservatives,2015,E14000910,Saffron Walden,33.86655420316009,17.76596475053698,71,Female,,0.5471299886703491
Conservatives,2015,E14000910,Saffron Walden,33.86655420316009,17.76596475053698,70,Female,7,0.5471299886703491
Conservatives,2015,E14000910,Saffron Walden,33.86655420316009,17.76596475053698,47,Female,6,0.5621569752693176
Conservatives,2015,E14000910,Saffron Walden,33.86655420316009,17.76596475053698,75,Female,8,0.8378049731254578
Conservatives,2015,E14000910,Saffron Walden,33.86655420316009,17.76596475053698,49,Female,9,0.5621569752693176
Conservatives,2015,E14000910,Saffron Walden,33.86655420316009,17.76596475053698,77,Male,6,0.6280109882354736
Labour,2015,E14000910,Saffron Walden,33.86655420316009,17.76596475053698,23,Female,5,0.6379929780960083
Conservatives,2015,E14000910,Saffron Walden,33.86655420316009,17.76596475053698,51,Female,7,0.5621569752693176
Labour,2015,E14000934,South Cambridgeshire,34.67447430491681,16.77306546941452,82,Female,3,0.8378049731254578
Conservatives,2015,E14000934,South Cambridgeshire,34.67447430491681,16.77306546941452,41,Male,7,1.340283989906311
Conservatives,2015,E14000934,South Cambridgeshire,34.67447430491681,16.77306546941452,42,Male,8,1.340283989906311
Conservatives,2015,E14000934,South Cambridgeshire,34.67447430491681,16.77306546941452,53,Male,7,0.6701419949531555
Conservatives,2015,E14000934,South Cambridgeshire,34.67447430491681,16.77306546941452,34,Female,6,1.601194977760315
Conservatives,2015,E14000934,South Cambridgeshire,34.67447430491681,16.77306546941452,78,Female,9,0.8378049731254578
Conservatives,2015,E14000934,South Cambridgeshire,34.67447430491681,16.77306546941452,42,Female,4,1.1243150234222412
Labour,2015,E14000934,South Cambridgeshire,34.67447430491681,16.77306546941452,42,Male,7,2.010425090789795
Conservatives,2015,E14000934,South Cambridgeshire,34.67447430491681,16.77306546941452,33,Female,5,1.601194977760315
Conservatives,2015,E14000937,South East Cambridgeshire,34.88617255769783,16.67552426837662,56,Male,10,1.0921980142593384
Conservatives,2015,E14000937,South East Cambridgeshire,34.88617255769783,16.67552426837662,70,Female,10,0.5471299886703491
Conservatives,2015,E14000937,South East Cambridgeshire,34.88617255769783,16.67552426837662,34,Female,4,1.601194977760315
Conservatives,2015,E14000937,South East Cambridgeshire,34.88617255769783,16.67552426837662,54,Male,6,1.340283989906311
Conservatives,2015,E14000937,South East Cambridgeshire,34.88617255769783,16.67552426837662,52,Female,7,1.6864709854125977
Labour,2015,E14000937,South East Cambridgeshire,34.88617255769783,16.67552426837662,64,Female,3,0.5471299886703491
Conservatives,2015,E14000937,South East Cambridgeshire,34.88617255769783,16.67552426837662,40,Female,6,1.1243150234222412
Conservatives,2015,E14000946,South Suffolk,31.29087104368297,21.71614787688552,61,Male,8,1.0921980142593384
Conservatives,2015,E14000946,South Suffolk,31.29087104368297,21.71614787688552,42,Female,3,1.6864709854125977
Conservatives,2015,E14000946,South Suffolk,31.29087104368297,21.71614787688552,57,Male,7,2.1843950748443604
Conservatives,2015,E14000946,South Suffolk,31.29087104368297,21.71614787688552,81,Female,7,0.8378049731254578
Labour,2015,E14000946,South Suffolk,31.29087104368297,21.71614787688552,54,Female,,1.1243150234222412
Conservatives,2015,E14000946,South Suffolk,31.29087104368297,21.71614787688552,-1,Female,,0.621953010559082
Conservatives,2015,E14000951,South West Hertfordshire,34.38547512558281,17.05457273357453,73,Female,7,0.5471299886703491
Conservatives,2015,E14000951,South West Hertfordshire,34.38547512558281,17.05457273357453,50,Female,7,1.1243150234222412
Conservatives,2015,E14000951,South West Hertfordshire,34.38547512558281,17.05457273357453,49,Female,8,0.5621569752693176
Conservatives,2015,E14000951,South West Hertfordshire,34.38547512558281,17.05457273357453,61,Male,4,1.0921980142593384
Conservatives,2015,E14000951,South West Hertfordshire,34.38547512558281,17.05457273357453,60,Male,7,0.5460990071296692
Labour,2015,E14000951,South West Hertfordshire,34.38547512558281,17.05457273357453,40,Female,4,1.1243150234222412
Conservatives,2015,E14000951,South West Hertfordshire,34.38547512558281,17.05457273357453,52,Female,6,1.1243150234222412
Labour,2015,E14000960,St. Albans,36.5061486950022,14.64218793197014,26,Female,5,0.8005970120429993
Conservatives,2015,E14000960,St. Albans,36.5061486950022,14.64218793197014,47,Female,5,0.5621569752693176
Conservatives,2015,E14000960,St. Albans,36.5061486950022,14.64218793197014,78,Female,5,0.8378049731254578
Conservatives,2015,E14000960,St. Albans,36.5061486950022,14.64218793197014,28,Female,,1.601194977760315
Conservatives,2015,E14000968,Stevenage,38.52237981994224,14.75072192967556,81,Female,7,0.8378049731254578
Labour,2015,E14000968,Stevenage,38.52237981994224,14.75072192967556,75,Female,5,1.6756089925765991
Conservatives,2015,E14000981,Suffolk Coastal,29.18515673173148,25.28227885208285,56,Female,,1.0942599773406982
Labour,2015,E14000981,Suffolk Coastal,29.18515673173148,25.28227885208285,51,Female,5,1.1243150234222412
Conservatives,2015,E14000981,Suffolk Coastal,29.18515673173148,25.28227885208285,54,Female,7,1.6864709854125977
Labour,2015,E14000981,Suffolk Coastal,29.18515673173148,25.28227885208285,49,Female,2,0.5621569752693176
Conservatives,2015,E14000981,Suffolk Coastal,29.18515673173148,25.28227885208285,89,Male,8,1.2560219764709473
Labour,2015,E14000995,Thurrock,41.67304632058836,11.29499806459937,45,Male,4,2.010425090789795
Labour,2015,E14000995,Thurrock,41.67304632058836,11.29499806459937,35,Female,4,1.1243150234222412
Labour,2015,E14000995,Thurrock,41.67304632058836,11.29499806459937,36,Female,6,0.5621569752693176
Conservatives,2015,E14000995,Thurrock,41.67304632058836,11.29499806459937,46,Male,4,1.340283989906311
Labour,2015,E14000995,Thurrock,41.67304632058836,11.29499806459937,27,Female,5,1.601194977760315
Conservatives,2015,E14001027,Welwyn Hatfield,42.50052204947131,14.89074928336845,26,Female,5,1.601194977760315
Labour,2015,E14001027,Welwyn Hatfield,42.50052204947131,14.89074928336845,68,Female,3,1.0942599773406982
Conservatives,2015,E14001027,Welwyn Hatfield,42.50052204947131,14.89074928336845,72,Female,8,0.5471299886703491
Conservatives,2015,E14001027,Welwyn Hatfield,42.50052204947131,14.89074928336845,22,Female,5,1.9139779806137085
Conservatives,2015,E14001027,Welwyn Hatfield,42.50052204947131,14.89074928336845,50,Male,6,0.6701419949531555
Conservatives,2015,E14000553,Bermondsey and Old Southwark,47.23684418520099,6.930810451937212,47,Female,5,0.6097970008850098
Conservatives,2015,E14000558,Bexleyheath and Crayford,38.18299790547309,15.95027775248156,66,Female,5,1.1869920492172241
Conservatives,2015,E14000558,Bexleyheath and Crayford,38.18299790547309,15.95027775248156,53,Female,5,1.8293910026550293
Conservatives,2015,E14000558,Bexleyheath and Crayford,38.18299790547309,15.95027775248156,48,Male,8,0.7269330024719238
Conservatives,2015,E14000558,Bexleyheath and Crayford,38.18299790547309,15.95027775248156,79,Male,7,1.3624639511108398
Conservatives,2015,E14000558,Bexleyheath and Crayford,38.18299790547309,15.95027775248156,82,Female,6,0.9088039994239807
Labour,2015,E14000591,Brent Central,45.52379982246541,9.388233239715364,23,Female,5,2.0761780738830566
Conservatives,2015,E14000591,Brent Central,45.52379982246541,9.388233239715364,42,Male,5,2.680999994277954
Labour,2015,E14000592,Brent North,43.03648703340494,11.99293297219887,-1,Male,6,2.492666006088257
Labour,2015,E14000592,Brent North,43.03648703340494,11.99293297219887,25,Male,5,2.680999994277954
Conservatives,2015,E14000604,Bromley and Chislehurst,36.18855279636253,16.54462784741575,56,Female,5,0.5934960246086121
Conservatives,2015,E14000604,Bromley and Chislehurst,36.18855279636253,16.54462784741575,49,Female,5,1.2195940017700195
Conservatives,2015,E14000604,Bromley and Chislehurst,36.18855279636253,16.54462784741575,42,Male,7,1.4538660049438477
Conservatives,2015,E14000604,Bromley and Chislehurst,36.18855279636253,16.54462784741575,40,Female,6,0.6097970008850098
Conservatives,2015,E14000604,Bromley and Chislehurst,36.18855279636253,16.54462784741575,57,Female,5,0.5934960246086121
Labour,2015,E14000604,Bromley and Chislehurst,36.18855279636253,16.54462784741575,44,Female,3,1.2195940017700195
Conservatives,2015,E14000604,Bromley and Chislehurst,36.18855279636253,16.54462784741575,82,Female,5,1.8176089525222778
Conservatives,2015,E14000604,Bromley and Chislehurst,36.18855279636253,16.54462784741575,67,Male,5,1.1847560405731201
Labour,2015,E14000615,Camberwell and Peckham,44.40771085876735,7.785124494913196,46,Male,4,1.4538660049438477
Labour,2015,E14000615,Camberwell and Peckham,44.40771085876735,7.785124494913196,58,Female,5,1.1869920492172241
Labour,2015,E14000615,Camberwell and Peckham,44.40771085876735,7.785124494913196,57,Female,4,0.5934960246086121
Labour,2015,E14000615,Camberwell and Peckham,44.40771085876735,7.785124494913196,59,Male,5,0.5923780202865601
Conservatives,2015,E14000629,Chelsea and Fulham,39.45239694598711,11.56891870157147,79,Female,8,0.9088039994239807
Conservatives,2015,E14000629,Chelsea and Fulham,39.45239694598711,11.56891870157147,26,Male,4,2.680999994277954
Labour,2015,E14000639,Cities of London and Westminster,37.6809090909091,11.94181818181818,29,Female,5,0.86844402551651
Labour,2015,E14000655,Croydon North,43.92255446767222,9.732880538649262,27,Female,4,0.86844402551651
Labour,2015,E14000655,Croydon North,43.92255446767222,9.732880538649262,50,Female,3,0.6097970008850098
Conservatives,2015,E14000655,Croydon North,43.92255446767222,9.732880538649262,63,Male,4,0.5923780202865601
Labour,2015,E14000657,Dagenham and Rainham,41.56332647663826,14.58614947595259,31,Female,,1.73688805103302
Conservatives,2015,E14000657,Dagenham and Rainham,41.56332647663826,14.58614947595259,49,Female,5,0.6097970008850098
Labour,2015,E14000657,Dagenham and Rainham,41.56332647663826,14.58614947595259,46,Female,7,0.6097970008850098
Labour,2015,E14000673,Dulwich and West Norwood,41.3507987914096,8.67091241338134,40,Male,2,0.7269330024719238
Labour,2015,E14000673,Dulwich and West Norwood,41.3507987914096,8.67091241338134,75,Male,6,1.3624639511108398
Labour,2015,E14000673,Dulwich and West Norwood,41.3507987914096,8.67091241338134,37,Male,3,1.4538660049438477
Labour,2015,E14000673,Dulwich and West Norwood,41.3507987914096,8.67091241338134,77,Male,10,0.6812319755554199
Labour,2015,E14000673,Dulwich and West Norwood,41.3507987914096,8.67091241338134,75,Female,3,0.9088039994239807
Labour,2015,E14000673,Dulwich and West Norwood,41.3507987914096,8.67091241338134,47,Female,5,0.6097970008850098
Conservatives,2015,E14000673,Dulwich and West Norwood,41.3507987914096,8.67091241338134,41,Male,,1.4538660049438477
Labour,2015,E14000673,Dulwich and West Norwood,41.3507987914096,8.67091241338134,-1,Male,3,0.6231669783592224
Labour,2015,E14000673,Dulwich and West Norwood,41.3507987914096,8.67091241338134,62,Female,3,0.5934960246086121
Labour,2015,E14000673,Dulwich and West Norwood,41.3507987914096,8.67091241338134,50,Female,,0.6097970008850098
Labour,2015,E14000676,"Ealing, Southall",43.33643132168353,10.35204722559824,57,Female,5,2.3739840984344482
Labour,2015,E14000676,"Ealing, Southall",43.33643132168353,10.35204722559824,23,Female,5,1.384119987487793
Labour,2015,E14000676,"Ealing, Southall",43.33643132168353,10.35204722559824,36,Female,5,0.6097970008850098
Labour,2015,E14000676,"Ealing, Southall",43.33643132168353,10.35204722559824,50,Female,7,1.2195940017700195
Conservatives,2015,E14000676,"Ealing, Southall",43.33643132168353,10.35204722559824,45,Female,6,0.6097970008850098
Labour,2015,E14000676,"Ealing, Southall",43.33643132168353,10.35204722559824,34,Female,2,1.73688805103302
Labour,2015,E14000676,"Ealing, Southall",43.33643132168353,10.35204722559824,33,Male,3,0.7883880138397217
Conservatives,2015,E14000676,"Ealing, Southall",43.33643132168353,10.35204722559824,26,Female,5,1.73688805103302
Labour,2015,E14000676,"Ealing, Southall",43.33643132168353,10.35204722559824,50,Male,3,0.7269330024719238
Conservatives,2015,E14000676,"Ealing, Southall",43.33643132168353,10.35204722559824,80,Female,7,0.9088039994239807
Conservatives,2015,E14000687,Edmonton,46.2827617594303,10.41861876333003,86,Female,6,1.8176089525222778
Labour,2015,E14000687,Edmonton,46.2827617594303,10.41861876333003,23,Male,4,1.9542169570922852
Labour,2015,E14000687,Edmonton,46.2827617594303,10.41861876333003,88,Male,3,0.6812319755554199
Labour,2015,E14000687,Edmonton,46.2827617594303,10.41861876333003,50,Female,3,0.6097970008850098
Labour,2015,E14000687,Edmonton,46.2827617594303,10.41861876333003,63,Male,5,1.1847560405731201
Conservatives,2015,E14000687,Edmonton,46.2827617594303,10.41861876333003,67,Female,10,1.7804880142211914
Labour,2015,E14000691,Enfield North,42.63437260438803,12.12579934596761,45,Female,4,1.2195940017700195
Labour,2015,E14000691,Enfield North,42.63437260438803,12.12579934596761,32,Male,10,1.5767749547958374
Conservatives,2015,E14000691,Enfield North,42.63437260438803,12.12579934596761,62,Male,,1.1847560405731201
Labour,2015,E14000703,Finchley and Golders Green,40.71040063677368,13.65000663305917,31,Male,6,2.680999994277954
Labour,2015,E14000703,Finchley and Golders Green,40.71040063677368,13.65000663305917,26,Female,3,1.73688805103302
Labour,2015,E14000703,Finchley and Golders Green,40.71040063677368,13.65000663305917,19,Male,7,2.680999994277954
Conservatives,2015,E14000703,Finchley and Golders Green,40.71040063677368,13.65000663305917,55,Female,,2.3739840984344482
Labour,2015,E14000703,Finchley and Golders Green,40.71040063677368,13.65000663305917,38,Male,6,1.4538660049438477
Labour,2015,E14000703,Finchley and Golders Green,40.71040063677368,13.65000663305917,29,Male,2,2.680999994277954
Labour,2015,E14000703,Finchley and Golders Green,40.71040063677368,13.65000663305917,68,Female,2,0.5934960246086121
Labour,2015,E14000720,Hackney North and Stoke Newington,48.08647567871536,6.858227373551188,37,Male,3,0.7269330024719238
Labour,2015,E14000720,Hackney North and Stoke Newington,48.08647567871536,6.858227373551188,26,Male,4,0.7883880138397217
Conservatives,2015,E14000720,Hackney North and Stoke Newington,48.08647567871536,6.858227373551188,33,Male,5,1.5767749547958374
Labour,2015,E14000726,Hammersmith,43.42332284583375,8.693629689772997,22,Female,0,2.680999994277954
Labour,2015,E14000726,Hammersmith,43.42332284583375,8.693629689772997,-1,Male,5,0.6231669783592224
Labour,2015,E14000726,Hammersmith,43.42332284583375,8.693629689772997,35,Male,4,0.7269330024719238
Conservatives,2015,E14000726,Hammersmith,43.42332284583375,8.693629689772997,-1,Female,7,0.6746609807014465
Conservatives,2015,E14000727,Hampstead and Kilburn,39.19562424512843,11.03862634530614,54,Female,,1.2195940017700195
Labour,2015,E14000727,Hampstead and Kilburn,39.19562424512843,11.03862634530614,45,Male,5,1.4538660049438477
Labour,2015,E14000731,Harrow East,40.21935023756517,14.7714459189869,20,Female,5,2.680999994277954
Labour,2015,E14000731,Harrow East,40.21935023756517,14.7714459189869,31,Female,6,1.73688805103302
Labour,2015,E14000731,Harrow East,40.21935023756517,14.7714459189869,62,Male,3,1.1847560405731201
Labour,2015,E14000731,Harrow East,40.21935023756517,14.7714459189869,72,Female,8,0.5934960246086121
Conservatives,2015,E14000731,Harrow East,40.21935023756517,14.7714459189869,75,Male,5,0.6812319755554199
Labour,2015,E14000731,Harrow East,40.21935023756517,14.7714459189869,93,Male,6,0.6812319755554199
Conservatives,2015,E14000731,Harrow East,40.21935023756517,14.7714459189869,37,Male,5,1.4538660049438477
Conservatives,2015,E14000731,Harrow East,40.21935023756517,14.7714459189869,43,Female,6,0.6097970008850098
Labour,2015,E14000737,Hayes and Harlington,45.93173708152869,9.737317606893482,84,Female,5,0.9088039994239807
Labour,2015,E14000737,Hayes and Harlington,45.93173708152869,9.737317606893482,54,Female,3,1.2195940017700195
Conservatives,2015,E14000737,Hayes and Harlington,45.93173708152869,9.737317606893482,76,Female,5,1.8176089525222778
Labour,2015,E14000737,Hayes and Harlington,45.93173708152869,9.737317606893482,-1,Female,5,0.6746609807014465
Conservatives,2015,E14000737,Hayes and Harlington,45.93173708152869,9.737317606893482,59,Male,4,1.7771339416503906
Labour,2015,E14000737,Hayes and Harlington,45.93173708152869,9.737317606893482,32,Male,4,1.5767749547958374
Labour,2015,E14000741,Hendon,44.40208392229717,11.60050078752877,56,Female,,0.5934960246086121
Labour,2015,E14000741,Hendon,44.40208392229717,11.60050078752877,34,Female,,0.86844402551651
Conservatives,2015,E14000741,Hendon,44.40208392229717,11.60050078752877,21,Male,,1.9542169570922852
Labour,2015,E14000741,Hendon,44.40208392229717,11.60050078752877,-1,Male,,0.6231669783592224
Labour,2015,E14000751,Hornchurch and Upminster,35.0212939735138,19.26180891818836,36,Female,5,0.6097970008850098
Conservatives,2015,E14000751,Hornchurch and Upminster,35.0212939735138,19.26180891818836,66,Female,5,1.1869920492172241
Labour,2015,E14000751,Hornchurch and Upminster,35.0212939735138,19.26180891818836,35,Female,5,0.6097970008850098
Conservatives,2015,E14000751,Hornchurch and Upminster,35.0212939735138,19.26180891818836,83,Female,5,0.9088039994239807
Conservatives,2015,E14000751,Hornchurch and Upminster,35.0212939735138,19.26180891818836,30,Male,,1.5767749547958374
Conservatives,2015,E14000751,Hornchurch and Upminster,35.0212939735138,19.26180891818836,44,Female,,0.6097970008850098
Labour,2015,E14000759,Ilford North,40.29964226184094,13.51996802776126,32,Male,5,0.7883880138397217
Conservatives,2015,E14000759,Ilford North,40.29964226184094,13.51996802776126,47,Male,6,1.4538660049438477
Labour,2015,E14000759,Ilford North,40.29964226184094,13.51996802776126,62,Female,3,0.5934960246086121
Conservatives,2015,E14000759,Ilford North,40.29964226184094,13.51996802776126,39,Female,9,0.6097970008850098
Conservatives,2015,E14000759,Ilford North,40.29964226184094,13.51996802776126,57,Female,5,0.5934960246086121
Labour,2015,E14000759,Ilford North,40.29964226184094,13.51996802776126,60,Female,5,0.5934960246086121
Labour,2015,E14000763,Islington North,43.63045936464061,8.59484483275184,31,Male,3,1.5767749547958374
Labour,2015,E14000763,Islington North,43.63045936464061,8.59484483275184,47,Female,3,0.6097970008850098
Labour,2015,E14000763,Islington North,43.63045936464061,8.59484483275184,67,Female,5,2.3739840984344482
Labour,2015,E14000763,Islington North,43.63045936464061,8.59484483275184,43,Female,4,0.6097970008850098
Labour,2015,E14000763,Islington North,43.63045936464061,8.59484483275184,26,Female,7,0.86844402551651
Labour,2015,E14000763,Islington North,43.63045936464061,8.59484483275184,24,Female,4,0.6920599937438965
Labour,2015,E14000763,Islington North,43.63045936464061,8.59484483275184,34,Male,4,1.5767749547958374
Labour,2015,E14000763,Islington North,43.63045936464061,8.59484483275184,42,Female,4,1.2195940017700195
Labour,2015,E14000763,Islington North,43.63045936464061,8.59484483275184,20,Female,1,1.384119987487793
Conservatives,2015,E14000770,Kingston and Surbiton,39.98830528296131,12.95486517177675,58,Female,5,1.1869920492172241
Conservatives,2015,E14000770,Kingston and Surbiton,39.98830528296131,12.95486517177675,32,Male,5,0.7883880138397217
Conservatives,2015,E14000770,Kingston and Surbiton,39.98830528296131,12.95486517177675,29,Female,4,0.86844402551651
Conservatives,2015,E14000770,Kingston and Surbiton,39.98830528296131,12.95486517177675,56,Male,5,1.1847560405731201
Conservatives,2015,E14000788,Lewisham West and Penge,39.25542252790278,10.16104837111885,46,Male,5,0.7269330024719238
Labour,2015,E14000788,Lewisham West and Penge,39.25542252790278,10.16104837111885,19,Female,5,2.0761780738830566
Labour,2015,E14000788,Lewisham West and Penge,39.25542252790278,10.16104837111885,47,Male,0,0.7269330024719238
Labour,2015,E14000790,Leyton and Wanstead,44.86144572531027,9.435320541739056,57,Female,7,1.1869920492172241
Labour,2015,E14000790,Leyton and Wanstead,44.86144572531027,9.435320541739056,41,Female,5,0.6097970008850098
Labour,2015,E14000790,Leyton and Wanstead,44.86144572531027,9.435320541739056,55,Female,5,1.1869920492172241
Labour,2015,E14000790,Leyton and Wanstead,44.86144572531027,9.435320541739056,19,Female,7,2.680999994277954
Labour,2015,E14000790,Leyton and Wanstead,44.86144572531027,9.435320541739056,34,Female,1,1.73688805103302
Conservatives,2015,E14000790,Leyton and Wanstead,44.86144572531027,9.435320541739056,81,Female,,0.9088039994239807
Conservatives,2015,E14000790,Leyton and Wanstead,44.86144572531027,9.435320541739056,-1,Male,5,0.6231669783592224
Labour,2015,E14000790,Leyton and Wanstead,44.86144572531027,9.435320541739056,29,Female,2,1.73688805103302
Labour,2015,E14000790,Leyton and Wanstead,44.86144572531027,9.435320541739056,67,Female,3,0.5934960246086121
Conservatives,2015,E14000790,Leyton and Wanstead,44.86144572531027,9.435320541739056,53,Female,5,1.2195940017700195
Conservatives,2015,E14000887,Putney,42.34549659514326,10.08394363784316,64,Female,4,1.1869920492172241
Conservatives,2015,E14000887,Putney,42.34549659514326,10.08394363784316,35,Male,6,1.4538660049438477
Conservatives,2015,E14000887,Putney,42.34549659514326,10.08394363784316,71,Female,8,1.1869920492172241
Conservatives,2015,E14000887,Putney,42.34549659514326,10.08394363784316,26,Male,4,2.680999994277954
Labour,2015,E14000887,Putney,42.34549659514326,10.08394363784316,27,Male,5,2.680999994277954
Labour,2015,E14000900,Romford,37.51225311281206,16.27839072309008,48,Female,,2.439188003540039
Conservatives,2015,E14000900,Romford,37.51225311281206,16.27839072309008,40,Male,5,1.4538660049438477
Conservatives,2015,E14000900,Romford,37.51225311281206,16.27839072309008,45,Female,5,1.2195940017700195
Conservatives,2015,E14000900,Romford,37.51225311281206,16.27839072309008,67,Male,7,1.1847560405731201
Labour,2015,E14000978,Streatham,44.06411348504077,7.925525441997113,43,Male,4,1.4538660049438477
Labour,2015,E14000978,Streatham,44.06411348504077,7.925525441997113,46,Male,5,0.7269330024719238
Conservatives,2015,E14000978,Streatham,44.06411348504077,7.925525441997113,35,Female,7,1.2195940017700195
Labour,2015,E14000978,Streatham,44.06411348504077,7.925525441997113,27,Female,3,1.73688805103302
Conservatives,2015,E14000978,Streatham,44.06411348504077,7.925525441997113,50,Male,7,1.4538660049438477
Labour,2015,E14000978,Streatham,44.06411348504077,7.925525441997113,38,Female,5,1.2195940017700195
Labour,2015,E14000978,Streatham,44.06411348504077,7.925525441997113,33,Female,5,0.86844402551651
Labour,2015,E14000978,Streatham,44.06411348504077,7.925525441997113,50,Female,3,1.2195940017700195
Conservatives,2015,E14000978,Streatham,44.06411348504077,7.925525441997113,30,Male,5,1.5767749547958374
Labour,2015,E14000978,Streatham,44.06411348504077,7.925525441997113,35,Male,4,1.4538660049438477
Conservatives,2015,E14000984,Sutton and Cheam,35.60491014932929,15.54247869737619,39,Male,5,1.4538660049438477
Conservatives,2015,E14000984,Sutton and Cheam,35.60491014932929,15.54247869737619,62,Female,5,1.1869920492172241
Conservatives,2015,E14000984,Sutton and Cheam,35.60491014932929,15.54247869737619,59,Male,6,1.1847560405731201
Conservatives,2015,E14000998,Tooting,43.11628777247638,8.491907568528394,71,Male,6,1.1847560405731201
Labour,2015,E14000998,Tooting,43.11628777247638,8.491907568528394,29,Male,5,0.7883880138397217
Labour,2015,E14000998,Tooting,43.11628777247638,8.491907568528394,52,Male,5,1.4538660049438477
Conservatives,2015,E14000998,Tooting,43.11628777247638,8.491907568528394,36,Male,5,1.4538660049438477
Labour,2015,E14001013,Walthamstow,45.24235370248869,8.168034297115842,53,Female,4,0.6097970008850098
Labour,2015,E14001013,Walthamstow,45.24235370248869,8.168034297115842,73,Male,,0.5923780202865601
Labour,2015,E14001013,Walthamstow,45.24235370248869,8.168034297115842,50,Male,3,0.7269330024719238
Labour,2015,E14001032,West Ham,51.0484248333776,6.824878906299403,22,Female,,2.680999994277954
Labour,2015,E14001032,West Ham,51.0484248333776,6.824878906299403,25,Male,5,2.680999994277954
Labour,2015,E14001032,West Ham,51.0484248333776,6.824878906299403,63,Female,5,0.5934960246086121
Labour,2015,E14001032,West Ham,51.0484248333776,6.824878906299403,29,Female,,0.86844402551651
Labour,2015,E14001032,West Ham,51.0484248333776,6.824878906299403,30,Female,5,0.86844402551651
Labour,2015,E14001040,Wimbledon,37.14819233362726,12.31910368795062,45,Female,3,0.6097970008850098
Labour,2015,E14001040,Wimbledon,37.14819233362726,12.31910368795062,62,Male,5,0.5923780202865601
Conservatives,2015,E14001040,Wimbledon,37.14819233362726,12.31910368795062,37,Male,4,0.7269330024719238
Conservatives,2015,E14001040,Wimbledon,37.14819233362726,12.31910368795062,47,Female,3,1.2195940017700195
Conservatives,2015,E14001040,Wimbledon,37.14819233362726,12.31910368795062,37,Female,7,0.6097970008850098
Conservatives,2015,E14001040,Wimbledon,37.14819233362726,12.31910368795062,69,Male,6,0.5923780202865601
Conservatives,2015,E14000554,Berwick-upon-Tweed,29.59137853614728,22.13344251036742,54,Female,,1.4630060195922852
Conservatives,2015,E14000554,Berwick-upon-Tweed,29.59137853614728,22.13344251036742,71,Female,10,0.47463300824165344
Conservatives,2015,E14000554,Berwick-upon-Tweed,29.59137853614728,22.13344251036742,65,Female,6,0.9492650032043457
Conservatives,2015,E14000554,Berwick-upon-Tweed,29.59137853614728,22.13344251036742,64,Male,7,0.9474769830703735
Conservatives,2015,E14000554,Berwick-upon-Tweed,29.59137853614728,22.13344251036742,61,Male,9,0.47373801469802856
Conservatives,2015,E14000554,Berwick-upon-Tweed,29.59137853614728,22.13344251036742,33,Female,7,0.6945149898529053
Labour,2015,E14000554,Berwick-upon-Tweed,29.59137853614728,22.13344251036742,30,Female,2,2.0835421085357666
Conservatives,2015,E14000554,Berwick-upon-Tweed,29.59137853614728,22.13344251036742,76,Male,7,0.5447970032691956
Conservatives,2015,E14000554,Berwick-upon-Tweed,29.59137853614728,22.13344251036742,57,Female,8,0.9492650032043457
Conservatives,2015,E14000554,Berwick-upon-Tweed,29.59137853614728,22.13344251036742,70,Male,6,0.9474769830703735
Labour,2015,E14000569,Bishop Auckland,33.20748654510403,19.07324742090587,72,Male,5,0.47373801469802856
Conservatives,2015,E14000569,Bishop Auckland,33.20748654510403,19.07324742090587,63,Male,8,0.9474769830703735
Conservatives,2015,E14000569,Bishop Auckland,33.20748654510403,19.07324742090587,53,Female,5,1.9506750106811523
Labour,2015,E14000574,Blaydon,32.59591531586639,19.81287026653527,68,Male,1,0.47373801469802856
Labour,2015,E14000574,Blaydon,32.59591531586639,19.81287026653527,79,Male,,0.5447970032691956
Conservatives,2015,E14000574,Blaydon,32.59591531586639,19.81287026653527,86,Female,8,0.7267919778823853
Labour,2015,E14000574,Blaydon,32.59591531586639,19.81287026653527,46,Female,3,0.4876689910888672
Labour,2015,E14000574,Blaydon,32.59591531586639,19.81287026653527,83,Female,2,0.7267919778823853
Conservatives,2015,E14000574,Blaydon,32.59591531586639,19.81287026653527,79,Male,7,1.0895940065383911
Conservatives,2015,E14000574,Blaydon,32.59591531586639,19.81287026653527,62,Female,,1.898529052734375
Conservatives,2015,E14000574,Blaydon,32.59591531586639,19.81287026653527,46,Female,5,0.9753379821777344
Labour,2015,E14000575,Blyth Valley,34.54133910969406,17.12098717355855,25,Male,6,1.8914740085601807
Conservatives,2015,E14000575,Blyth Valley,34.54133910969406,17.12098717355855,51,Male,5,1.1626900434494019
Labour,2015,E14000575,Blyth Valley,34.54133910969406,17.12098717355855,74,Male,,0.9474769830703735
Labour,2015,E14000658,Darlington,36.81153395976678,17.18279969808679,79,Female,3,0.7267919778823853
Labour,2015,E14000658,Darlington,36.81153395976678,17.18279969808679,54,Female,5,0.9753379821777344
Labour,2015,E14000658,Darlington,36.81153395976678,17.18279969808679,56,Female,5,0.47463300824165344
Conservatives,2015,E14000709,Gateshead,38.66738619770173,15.53552155418704,59,Female,,0.47463300824165344
Labour,2015,E14000709,Gateshead,38.66738619770173,15.53552155418704,43,Female,,0.9753379821777344
Labour,2015,E14000709,Gateshead,38.66738619770173,15.53552155418704,73,Female,5,0.47463300824165344
Labour,2015,E14000709,Gateshead,38.66738619770173,15.53552155418704,79,Female,5,0.7267919778823853
Conservatives,2015,E14000746,Hexham,29.71299648460045,21.9948580723018,71,Female,,0.9492650032043457
Conservatives,2015,E14000746,Hexham,29.71299648460045,21.9948580723018,71,Female,6,0.9492650032043457
Labour,2015,E14000746,Hexham,29.71299648460045,21.9948580723018,39,Male,4,1.1626900434494019
Conservatives,2015,E14000746,Hexham,29.71299648460045,21.9948580723018,59,Female,2,0.9492650032043457
Conservatives,2015,E14000746,Hexham,29.71299648460045,21.9948580723018,46,Male,5,2.325378894805908
Conservatives,2015,E14000746,Hexham,29.71299648460045,21.9948580723018,58,Male,5,0.9474769830703735
Conservatives,2015,E14000746,Hexham,29.71299648460045,21.9948580723018,57,Female,,1.898529052734375
Conservatives,2015,E14000746,Hexham,29.71299648460045,21.9948580723018,71,Male,7,0.9474769830703735
Labour,2015,E14000754,Houghton and Sunderland South,34.2107077998207,18.44095538033609,25,Female,2,1.3890290260314941
Labour,2015,E14000754,Houghton and Sunderland South,34.2107077998207,18.44095538033609,72,Male,,0.47373801469802856
Labour,2015,E14000754,Houghton and Sunderland South,34.2107077998207,18.44095538033609,45,Male,1,1.1626900434494019
Labour,2015,E14000754,Houghton and Sunderland South,34.2107077998207,18.44095538033609,48,Female,3,0.4876689910888672
Labour,2015,E14000754,Houghton and Sunderland South,34.2107077998207,18.44095538033609,84,Female,5,0.7267919778823853
Labour,2015,E14000765,Jarrow,34.63007446552967,17.82969012731204,60,Male,3,0.47373801469802856
Labour,2015,E14000765,Jarrow,34.63007446552967,17.82969012731204,33,Female,5,1.3890290260314941
Labour,2015,E14000765,Jarrow,34.63007446552967,17.82969012731204,56,Female,3,1.4238970279693604
Conservatives,2015,E14000819,Middlesbrough,44.23693602514249,13.93703723432589,59,Female,8,0.47463300824165344
Conservatives,2015,E14000819,Middlesbrough,44.23693602514249,13.93703723432589,63,Male,8,0.47373801469802856
Conservatives,2015,E14000819,Middlesbrough,44.23693602514249,13.93703723432589,75,Female,5,1.453583002090454
Conservatives,2015,E14000819,Middlesbrough,44.23693602514249,13.93703723432589,81,Female,6,0.7267919778823853
Labour,2015,E14000819,Middlesbrough,44.23693602514249,13.93703723432589,71,Female,3,0.9492650032043457
Labour,2015,E14000833,Newcastle upon Tyne North,35.67963034270312,18.05159799768964,53,Male,7,1.7440340518951416
Labour,2015,E14000833,Newcastle upon Tyne North,35.67963034270312,18.05159799768964,40,Female,0,0.9753379821777344
Labour,2015,E14000833,Newcastle upon Tyne North,35.67963034270312,18.05159799768964,23,Male,1,0.7814159989356995
Labour,2015,E14000833,Newcastle upon Tyne North,35.67963034270312,18.05159799768964,70,Female,5,0.9492650032043457
Labour,2015,E14000944,South Shields,35.29661943762607,18.3245437091404,38,Female,4,0.4876689910888672
Labour,2015,E14000944,South Shields,35.29661943762607,18.3245437091404,57,Female,6,0.47463300824165344
Labour,2015,E14000982,Sunderland Central,37.40101116283726,17.19877859538469,40,Female,3,0.9753379821777344
Conservatives,2015,E14000982,Sunderland Central,37.40101116283726,17.19877859538469,20,Female,,2.2138240337371826
Conservatives,2015,E14000532,Altrincham and Sale West,34.68128500584941,17.18897205743806,39,Male,6,1.0190529823303223
Conservatives,2015,E14000532,Altrincham and Sale West,34.68128500584941,17.18897205743806,90,Male,6,0.9549869894981384
Conservatives,2015,E14000532,Altrincham and Sale West,34.68128500584941,17.18897205743806,71,Male,7,0.8304269909858704
Conservatives,2015,E14000532,Altrincham and Sale West,34.68128500584941,17.18897205743806,42,Male,7,1.0190529823303223
Labour,2015,E14000532,Altrincham and Sale West,34.68128500584941,17.18897205743806,45,Female,3,0.8548460006713867
Conservatives,2015,E14000532,Altrincham and Sale West,34.68128500584941,17.18897205743806,77,Male,8,0.4774929881095886
Labour,2015,E14000559,Birkenhead,38.46517597784233,15.69614267378234,33,Female,5,0.6087149977684021
Labour,2015,E14000559,Birkenhead,38.46517597784233,15.69614267378234,56,Female,4,0.42800000309944153
Labour,2015,E14000559,Birkenhead,38.46517597784233,15.69614267378234,58,Female,,0.42800000309944153
Conservatives,2015,E14000559,Birkenhead,38.46517597784233,15.69614267378234,27,Female,5,0.6087149977684021
Conservatives,2015,E14000559,Birkenhead,38.46517597784233,15.69614267378234,84,Female,8,1.2740099430084229
Conservatives,2015,E14000559,Birkenhead,38.46517597784233,15.69614267378234,64,Male,6,0.8304269909858704
Labour,2015,E14000559,Birkenhead,38.46517597784233,15.69614267378234,46,Female,5,0.8548460006713867
Labour,2015,E14000559,Birkenhead,38.46517597784233,15.69614267378234,20,Male,,2.680999994277954
Labour,2015,E14000559,Birkenhead,38.46517597784233,15.69614267378234,42,Male,,1.0190529823303223
Labour,2015,E14000559,Birkenhead,38.46517597784233,15.69614267378234,72,Female,6,0.42800000309944153
Labour,2015,E14000559,Birkenhead,38.46517597784233,15.69614267378234,43,Female,3,1.28226900100708
Conservatives,2015,E14000570,Blackburn,44.92754974544506,12.37248941685471,34,Male,4,1.1052039861679077
Labour,2015,E14000570,Blackburn,44.92754974544506,12.37248941685471,50,Male,5,2.547632932662964
Conservatives,2015,E14000570,Blackburn,44.92754974544506,12.37248941685471,32,Female,4,1.2174309492111206
Conservatives,2015,E14000570,Blackburn,44.92754974544506,12.37248941685471,43,Female,5,0.8548460006713867
Labour,2015,E14000570,Blackburn,44.92754974544506,12.37248941685471,32,Female,8,1.2174309492111206
Labour,2015,E14000570,Blackburn,44.92754974544506,12.37248941685471,26,Male,5,0.5526019930839539
Conservatives,2015,E14000570,Blackburn,44.92754974544506,12.37248941685471,51,Male,8,0.5095270276069641
Labour,2015,E14000570,Blackburn,44.92754974544506,12.37248941685471,21,Female,5,0.4850830137729645
Labour,2015,E14000570,Blackburn,44.92754974544506,12.37248941685471,22,Female,0,0.4850830137729645
Labour,2015,E14000570,Blackburn,44.92754974544506,12.37248941685471,40,Male,5,1.0190529823303223
Labour,2015,E14000570,Blackburn,44.92754974544506,12.37248941685471,44,Male,5,1.0190529823303223
Labour,2015,E14000579,Bolton South East,42.24399736601571,13.80876094626869,49,Male,3,0.5095270276069641
Labour,2015,E14000579,Bolton South East,42.24399736601571,13.80876094626869,38,Male,5,1.0190529823303223
Labour,2015,E14000579,Bolton South East,42.24399736601571,13.80876094626869,68,Female,3,0.42800000309944153
Labour,2015,E14000579,Bolton South East,42.24399736601571,13.80876094626869,34,Female,5,0.6087149977684021
Conservatives,2015,E14000580,Bolton West,35.01581625636089,16.61394581213038,68,Male,8,0.8304269909858704
Conservatives,2015,E14000580,Bolton West,35.01581625636089,16.61394581213038,65,Female,5,0.42800000309944153
Labour,2015,E14000579,Bolton South East,42.24399736601571,13.80876094626869,75,Female,3,0.6370049715042114
Labour,2015,E14000579,Bolton South East,42.24399736601571,13.80876094626869,24,Male,3,0.6848809719085693
Labour,2015,E14000580,Bolton West,35.01581625636089,16.61394581213038,59,Female,5,0.8319939970970154
Labour,2015,E14000580,Bolton West,35.01581625636089,16.61394581213038,72,Male,3,0.42800000309944153
Conservatives,2015,E14000580,Bolton West,35.01581625636089,16.61394581213038,52,Male,4,1.5285789966583252
Conservatives,2015,E14000580,Bolton West,35.01581625636089,16.61394581213038,55,Male,7,0.42800000309944153
Conservatives,2015,E14000580,Bolton West,35.01581625636089,16.61394581213038,72,Male,6,0.8304269909858704
Conservatives,2015,E14000580,Bolton West,35.01581625636089,16.61394581213038,73,Male,7,0.8304269909858704
Conservatives,2015,E14000609,Burnley,37.81228821833469,16.23496709128293,59,Female,7,0.8319939970970154
Labour,2015,E14000609,Burnley,37.81228821833469,16.23496709128293,70,Female,4,0.8319939970970154
Conservatives,2015,E14000609,Burnley,37.81228821833469,16.23496709128293,30,Female,5,1.2174309492111206
Conservatives,2015,E14000611,Bury North,36.44545850627163,16.31199981655163,50,Female,5,0.8548460006713867
Labour,2015,E14000611,Bury North,36.44545850627163,16.31199981655163,47,Male,5,1.0190529823303223
Conservatives,2015,E14000611,Bury North,36.44545850627163,16.31199981655163,64,Female,6,0.42800000309944153
Labour,2015,E14000611,Bury North,36.44545850627163,16.31199981655163,57,Female,5,0.42800000309944153
Conservatives,2015,E14000611,Bury North,36.44545850627163,16.31199981655163,71,Male,8,0.42800000309944153
Labour,2015,E14000611,Bury North,36.44545850627163,16.31199981655163,47,Male,2,1.5285789966583252
Conservatives,2015,E14000611,Bury North,36.44545850627163,16.31199981655163,35,Male,4,0.5095270276069641
Labour,2015,E14000611,Bury North,36.44545850627163,16.31199981655163,41,Female,2,0.42800000309944153
Conservatives,2015,E14000611,Bury North,36.44545850627163,16.31199981655163,70,Female,8,0.8319939970970154
Conservatives,2015,E14000611,Bury North,36.44545850627163,16.31199981655163,43,Female,9,0.42800000309944153
Labour,2015,E14000611,Bury North,36.44545850627163,16.31199981655163,43,Male,3,0.5095270276069641
Conservatives,2015,E14000637,Chorley,34.69430750431889,16.73829688619222,45,Female,5,0.8548460006713867
Labour,2015,E14000637,Chorley,34.69430750431889,16.73829688619222,63,Female,5,0.42800000309944153
Conservatives,2015,E14000637,Chorley,34.69430750431889,16.73829688619222,67,Male,8,0.8304269909858704
Conservatives,2015,E14000637,Chorley,34.69430750431889,16.73829688619222,32,Female,4,0.6087149977684021
Labour,2015,E14000637,Chorley,34.69430750431889,16.73829688619222,32,Male,,1.1052039861679077
Conservatives,2015,E14000637,Chorley,34.69430750431889,16.73829688619222,33,Male,,1.1052039861679077
Labour,2015,E14000637,Chorley,34.69430750431889,16.73829688619222,42,Female,4,0.42800000309944153
Conservatives,2015,E14000637,Chorley,34.69430750431889,16.73829688619222,41,Female,6,0.8548460006713867
Labour,2015,E14000640,City of Chester,36.85359427926232,17.8848325178773,61,Male,,0.42800000309944153
Labour,2015,E14000640,City of Chester,36.85359427926232,17.8848325178773,33,Male,4,1.1052039861679077
Labour,2015,E14000640,City of Chester,36.85359427926232,17.8848325178773,29,Male,5,0.5526019930839539
Labour,2015,E14000640,City of Chester,36.85359427926232,17.8848325178773,83,Male,5,0.4774929881095886
Labour,2015,E14000640,City of Chester,36.85359427926232,17.8848325178773,72,Male,0,0.42800000309944153
Conservatives,2015,E14000640,City of Chester,36.85359427926232,17.8848325178773,66,Female,5,0.42800000309944153
Conservatives,2015,E14000640,City of Chester,36.85359427926232,17.8848325178773,64,Male,6,0.8304269909858704
Labour,2015,E14000640,City of Chester,36.85359427926232,17.8848325178773,33,Female,3,1.2174309492111206
Labour,2015,E14000640,City of Chester,36.85359427926232,17.8848325178773,40,Female,4,0.8548460006713867
Conservatives,2015,E14000640,City of Chester,36.85359427926232,17.8848325178773,77,Female,8,0.6370049715042114
Conservatives,2015,E14000640,City of Chester,36.85359427926232,17.8848325178773,73,Female,10,0.42800000309944153
Labour,2015,E14000688,Ellesmere Port and Neston,33.98225812018915,18.58180019099559,84,Female,5,0.6370049715042114
Labour,2015,E14000688,Ellesmere Port and Neston,33.98225812018915,18.58180019099559,71,Male,,0.42800000309944153
Labour,2015,E14000688,Ellesmere Port and Neston,33.98225812018915,18.58180019099559,20,Female,,1.4552489519119263
Labour,2015,E14000688,Ellesmere Port and Neston,33.98225812018915,18.58180019099559,29,Male,3,2.2104060649871826
Conservatives,2015,E14000688,Ellesmere Port and Neston,33.98225812018915,18.58180019099559,61,Male,,0.8304269909858704
Labour,2015,E14000708,Garston and Halewood,36.19660787946405,17.60443002343982,42,Female,5,0.8548460006713867
Labour,2015,E14000708,Garston and Halewood,36.19660787946405,17.60443002343982,81,Female,5,0.6370049715042114
Labour,2015,E14000708,Garston and Halewood,36.19660787946405,17.60443002343982,19,Male,3,2.0546419620513916
Conservatives,2015,E14000708,Garston and Halewood,36.19660787946405,17.60443002343982,68,Female,6,0.8319939970970154
Conservatives,2015,E14000708,Garston and Halewood,36.19660787946405,17.60443002343982,72,Female,6,0.8319939970970154
Labour,2015,E14000747,Heywood and Middleton,37.11956417117447,16.00573661616648,71,Male,0,0.42800000309944153
Labour,2015,E14000747,Heywood and Middleton,37.11956417117447,16.00573661616648,27,Female,,1.2174309492111206
Conservatives,2015,E14000747,Heywood and Middleton,37.11956417117447,16.00573661616648,48,Male,5,1.0190529823303223
Labour,2015,E14000747,Heywood and Middleton,37.11956417117447,16.00573661616648,72,Male,0,0.42800000309944153
Labour,2015,E14000747,Heywood and Middleton,37.11956417117447,16.00573661616648,33,Female,7,1.2174309492111206
Labour,2015,E14000747,Heywood and Middleton,37.11956417117447,16.00573661616648,82,Male,4,0.9549869894981384
Labour,2015,E14000747,Heywood and Middleton,37.11956417117447,16.00573661616648,44,Female,4,1.7096920013427734
Labour,2015,E14000758,Hyndburn,38.57547516595671,15.75669773174476,18,Female,4,1.940332055091858
Labour,2015,E14000758,Hyndburn,38.57547516595671,15.75669773174476,43,Female,3,0.8548460006713867
Labour,2015,E14000758,Hyndburn,38.57547516595671,15.75669773174476,73,Male,5,1.2456400394439697
Labour,2015,E14000758,Hyndburn,38.57547516595671,15.75669773174476,29,Male,,1.1052039861679077
Labour,2015,E14000758,Hyndburn,38.57547516595671,15.75669773174476,40,Male,5,1.0190529823303223
Conservatives,2015,E14000758,Hyndburn,38.57547516595671,15.75669773174476,45,Female,5,0.8548460006713867
Labour,2015,E14000758,Hyndburn,38.57547516595671,15.75669773174476,40,Female,4,0.8548460006713867
Labour,2015,E14000794,"Liverpool, Walton",39.43140754930559,14.55004571378815,67,Female,5,0.42800000309944153
Labour,2015,E14000794,"Liverpool, Walton",39.43140754930559,14.55004571378815,32,Female,5,0.6087149977684021
Labour,2015,E14000794,"Liverpool, Walton",39.43140754930559,14.55004571378815,27,Female,5,0.6087149977684021
Labour,2015,E14000794,"Liverpool, Walton",39.43140754930559,14.55004571378815,64,Male,3,0.42800000309944153
Conservatives,2015,E14000794,"Liverpool, Walton",39.43140754930559,14.55004571378815,80,Male,8,0.9549869894981384
Labour,2015,E14000794,"Liverpool, Walton",39.43140754930559,14.55004571378815,72,Male,2,0.42800000309944153
Labour,2015,E14000796,"Liverpool, West Derby",38.97853916078509,14.95631620221567,73,Female,2,0.42800000309944153
Labour,2015,E14000796,"Liverpool, West Derby",38.97853916078509,14.95631620221567,33,Female,5,0.6087149977684021
Labour,2015,E14000796,"Liverpool, West Derby",38.97853916078509,14.95631620221567,49,Male,3,1.0190529823303223
Labour,2015,E14000796,"Liverpool, West Derby",38.97853916078509,14.95631620221567,42,Male,2,0.5095270276069641
Labour,2015,E14000796,"Liverpool, West Derby",38.97853916078509,14.95631620221567,61,Male,3,0.42800000309944153
Conservatives,2015,E14000796,"Liverpool, West Derby",38.97853916078509,14.95631620221567,82,Male,8,0.4774929881095886
Labour,2015,E14000796,"Liverpool, West Derby",38.97853916078509,14.95631620221567,78,Female,3,1.2740099430084229
Labour,2015,E14000796,"Liverpool, West Derby",38.97853916078509,14.95631620221567,91,Female,3,0.6370049715042114
Conservatives,2015,E14000805,Makerfield,35.65609661717684,16.45485835319036,42,Female,5,0.8548460006713867
Labour,2015,E14000808,"Manchester, Gorton",53.55492005251894,8.242054713214266,64,Female,,0.42800000309944153
Labour,2015,E14000808,"Manchester, Gorton",53.55492005251894,8.242054713214266,56,Male,0,0.42800000309944153
Labour,2015,E14000808,"Manchester, Gorton",53.55492005251894,8.242054713214266,23,Female,4,0.970166027545929
Labour,2015,E14000825,Morecambe and Lunesdale,33.06000022809439,21.39069146812951,46,Female,2,0.42800000309944153
Labour,2015,E14000825,Morecambe and Lunesdale,33.06000022809439,21.39069146812951,59,Female,4,0.42800000309944153
Conservatives,2015,E14000825,Morecambe and Lunesdale,33.06000022809439,21.39069146812951,70,Female,5,0.42800000309944153
Conservatives,2015,E14000825,Morecambe and Lunesdale,33.06000022809439,21.39069146812951,78,Male,7,1.432479977607727
Labour,2015,E14000875,Pendle,38.78281089299288,16.04212314984573,89,Male,5,0.4774929881095886
Conservatives,2015,E14000875,Pendle,38.78281089299288,16.04212314984573,73,Female,5,0.42800000309944153
Labour,2015,E14000875,Pendle,38.78281089299288,16.04212314984573,19,Female,0,0.4850830137729645
Labour,2015,E14000875,Pendle,38.78281089299288,16.04212314984573,44,Male,4,0.5095270276069641
Conservatives,2015,E14000875,Pendle,38.78281089299288,16.04212314984573,20,Male,5,2.0546419620513916
Conservatives,2015,E14000877,Penrith and The Border,29.80459208597949,21.69027845627748,41,Female,5,0.42800000309944153
Labour,2015,E14000877,Penrith and The Border,29.80459208597949,21.69027845627748,41,Female,2,0.8548460006713867
Conservatives,2015,E14000877,Penrith and The Border,29.80459208597949,21.69027845627748,81,Female,6,0.6370049715042114
Conservatives,2015,E14000877,Penrith and The Border,29.80459208597949,21.69027845627748,46,Female,5,0.8548460006713867
Labour,2015,E14000885,Preston,47.9278328761342,11.34416543574594,65,Female,5,0.42800000309944153
Labour,2015,E14000885,Preston,47.9278328761342,11.34416543574594,32,Male,2,1.1052039861679077
Conservatives,2015,E14000885,Preston,47.9278328761342,11.34416543574594,50,Male,7,1.0190529823303223
Labour,2015,E14000885,Preston,47.9278328761342,11.34416543574594,25,Male,6,2.2104060649871826
Conservatives,2015,E14000885,Preston,47.9278328761342,11.34416543574594,24,Female,5,0.970166027545929
Conservatives,2015,E14000885,Preston,47.9278328761342,11.34416543574594,58,Female,5,0.8319939970970154
Labour,2015,E14000885,Preston,47.9278328761342,11.34416543574594,54,Female,0,0.42800000309944153
Labour,2015,E14000894,Ribble Valley,33.25630100382755,19.0304243312115,48,Male,2,1.5285789966583252
Labour,2015,E14000894,Ribble Valley,33.25630100382755,19.0304243312115,58,Male,2,1.2456400394439697
Conservatives,2015,E14000894,Ribble Valley,33.25630100382755,19.0304243312115,52,Male,,1.0190529823303223
Labour,2015,E14000894,Ribble Valley,33.25630100382755,19.0304243312115,64,Male,4,0.8304269909858704
Conservatives,2015,E14000894,Ribble Valley,33.25630100382755,19.0304243312115,53,Female,6,1.28226900100708
Conservatives,2015,E14000894,Ribble Valley,33.25630100382755,19.0304243312115,88,Female,6,0.6370049715042114
Labour,2015,E14000897,Rochdale,42.48689763925607,13.15987199109503,26,Female,4,1.2174309492111206
Labour,2015,E14000897,Rochdale,42.48689763925607,13.15987199109503,31,Male,,1.1052039861679077
Labour,2015,E14000897,Rochdale,42.48689763925607,13.15987199109503,39,Female,10,0.42800000309944153
Conservatives,2015,E14000897,Rochdale,42.48689763925607,13.15987199109503,88,Male,5,0.4774929881095886
Conservatives,2015,E14000897,Rochdale,42.48689763925607,13.15987199109503,71,Male,5,0.42800000309944153
Labour,2015,E14000897,Rochdale,42.48689763925607,13.15987199109503,73,Male,3,0.8304269909858704
Labour,2015,E14000943,South Ribble,33.3507923303653,18.39253987326822,24,Female,,0.970166027545929
Conservatives,2015,E14000943,South Ribble,33.3507923303653,18.39253987326822,43,Male,5,1.0190529823303223
Conservatives,2015,E14000943,South Ribble,33.3507923303653,18.39253987326822,55,Female,5,0.8319939970970154
Conservatives,2015,E14000958,Southport,31.7445038227061,23.16969274515661,69,Male,,0.8304269909858704
Conservatives,2015,E14000958,Southport,31.7445038227061,23.16969274515661,47,Female,4,0.8548460006713867
Conservatives,2015,E14000958,Southport,31.7445038227061,23.16969274515661,30,Male,6,1.1052039861679077
Labour,2015,E14000962,St. Helens North,35.23487846826499,17.54802213058704,60,Female,4,0.42800000309944153
Labour,2015,E14000962,St. Helens North,35.23487846826499,17.54802213058704,83,Male,4,0.9549869894981384
Labour,2015,E14000962,St. Helens North,35.23487846826499,17.54802213058704,65,Female,3,0.8319939970970154
Labour,2015,E14000962,St. Helens North,35.23487846826499,17.54802213058704,77,Female,6,0.6370049715042114
Conservatives,2015,E14000962,St. Helens North,35.23487846826499,17.54802213058704,55,Female,7,1.2479909658432007
Labour,2015,E14000962,St. Helens North,35.23487846826499,17.54802213058704,86,Female,,0.6370049715042114
Conservatives,2015,E14000962,St. Helens North,35.23487846826499,17.54802213058704,53,Female,6,0.8548460006713867
Conservatives,2015,E14000962,St. Helens North,35.23487846826499,17.54802213058704,78,Female,,1.2740099430084229
Conservatives,2015,E14000962,St. Helens North,35.23487846826499,17.54802213058704,45,Female,7,0.8548460006713867
Labour,2015,E14000963,St. Helens South and Whiston,35.74912822754503,17.91628997486514,21,Female,5,1.4552489519119263
Labour,2015,E14000963,St. Helens South and Whiston,35.74912822754503,17.91628997486514,27,Female,1,1.2174309492111206
Labour,2015,E14000963,St. Helens South and Whiston,35.74912822754503,17.91628997486514,37,Female,4,0.8548460006713867
Labour,2015,E14000963,St. Helens South and Whiston,35.74912822754503,17.91628997486514,75,Female,5,0.6370049715042114
Labour,2015,E14000963,St. Helens South and Whiston,35.74912822754503,17.91628997486514,70,Female,4,0.42800000309944153
Labour,2015,E14000963,St. Helens South and Whiston,35.74912822754503,17.91628997486514,64,Female,4,0.8319939970970154
Conservatives,2015,E14000963,St. Helens South and Whiston,35.74912822754503,17.91628997486514,58,Female,5,0.8319939970970154
Labour,2015,E14000967,Stalybridge and Hyde,37.17898408545891,15.05886200130804,71,Female,,0.42800000309944153
Labour,2015,E14000967,Stalybridge and Hyde,37.17898408545891,15.05886200130804,28,Female,5,0.6087149977684021
Labour,2015,E14000967,Stalybridge and Hyde,37.17898408545891,15.05886200130804,64,Male,0,0.42800000309944153
Conservatives,2015,E14000967,Stalybridge and Hyde,37.17898408545891,15.05886200130804,67,Female,5,0.8319939970970154
Conservatives,2015,E14000967,Stalybridge and Hyde,37.17898408545891,15.05886200130804,78,Female,6,0.6370049715042114
Conservatives,2015,E14000967,Stalybridge and Hyde,37.17898408545891,15.05886200130804,70,Male,8,0.8304269909858704
Conservatives,2015,E14000969,Stockport,37.958530819622,13.84736613075847,40,Male,5,1.0190529823303223
Conservatives,2015,E14000661,Denton and Reddish,36.80445521483829,16.26083511976885,52,Male,7,1.0190529823303223
Labour,2015,E14000969,Stockport,37.958530819622,13.84736613075847,65,Female,2,0.8319939970970154
Labour,2015,E14000969,Stockport,37.958530819622,13.84736613075847,52,Male,3,1.5285789966583252
Labour,2015,E14000969,Stockport,37.958530819622,13.84736613075847,53,Male,5,0.5095270276069641
Labour,2015,E14000979,Stretford and Urmston,38.23329856504876,14.77888383679835,61,Female,5,1.6639879941940308
Labour,2015,E14000979,Stretford and Urmston,38.23329856504876,14.77888383679835,40,Male,5,1.0190529823303223
Labour,2015,E14000979,Stretford and Urmston,38.23329856504876,14.77888383679835,18,Female,4,2.4254150390625
Conservatives,2015,E14000979,Stretford and Urmston,38.23329856504876,14.77888383679835,35,Female,5,1.28226900100708
Conservatives,2015,E14000979,Stretford and Urmston,38.23329856504876,14.77888383679835,78,Female,7,1.2740099430084229
Labour,2015,E14000979,Stretford and Urmston,38.23329856504876,14.77888383679835,47,Female,6,0.8548460006713867
Conservatives,2015,E14001024,Weaver Vale,34.85293617214352,15.87472634671446,52,Female,,0.42800000309944153
Labour,2015,E14001024,Weaver Vale,34.85293617214352,15.87472634671446,65,Female,,0.42800000309944153
Labour,2015,E14001024,Weaver Vale,34.85293617214352,15.87472634671446,56,Male,3,0.42800000309944153
Labour,2015,E14001024,Weaver Vale,34.85293617214352,15.87472634671446,88,Female,5,0.6370049715042114
Labour,2015,E14001024,Weaver Vale,34.85293617214352,15.87472634671446,51,Male,,1.0190529823303223
Labour,2015,E14001024,Weaver Vale,34.85293617214352,15.87472634671446,58,Male,4,0.8304269909858704
Labour,2015,E14001024,Weaver Vale,34.85293617214352,15.87472634671446,39,Female,4,0.42800000309944153
Conservatives,2015,E14001024,Weaver Vale,34.85293617214352,15.87472634671446,63,Male,5,1.6608539819717407
Labour,2015,E14001024,Weaver Vale,34.85293617214352,15.87472634671446,44,Male,4,0.5095270276069641
Conservatives,2015,E14001033,West Lancashire,36.06232264734115,18.49742080445584,65,Male,8,1.2456400394439697
Conservatives,2015,E14001033,West Lancashire,36.06232264734115,18.49742080445584,78,Female,5,1.2740099430084229
Labour,2015,E14001033,West Lancashire,36.06232264734115,18.49742080445584,56,Male,5,1.2456400394439697
Conservatives,2015,E14001037,Westmorland and Lonsdale,28.30348312062822,24.50696504963119,49,Male,7,0.5095270276069641
Conservatives,2015,E14001037,Westmorland and Lonsdale,28.30348312062822,24.50696504963119,74,Female,5,0.8319939970970154
Conservatives,2015,E14001037,Westmorland and Lonsdale,28.30348312062822,24.50696504963119,58,Female,7,0.42800000309944153
Conservatives,2015,E14001037,Westmorland and Lonsdale,28.30348312062822,24.50696504963119,38,Male,7,0.5095270276069641
Labour,2015,E14001039,Wigan,36.3886216847602,16.77889240071458,48,Female,5,0.42800000309944153
Labour,2015,E14001039,Wigan,36.3886216847602,16.77889240071458,52,Male,6,0.5095270276069641
Labour,2015,E14001039,Wigan,36.3886216847602,16.77889240071458,35,Male,2,0.5095270276069641
Conservatives,2015,E14001039,Wigan,36.3886216847602,16.77889240071458,62,Female,4,0.42800000309944153
Conservatives,2015,E14001039,Wigan,36.3886216847602,16.77889240071458,48,Female,8,0.42800000309944153
Conservatives,2015,E14001039,Wigan,36.3886216847602,16.77889240071458,37,Male,7,1.0190529823303223
Labour,2015,E14001039,Wigan,36.3886216847602,16.77889240071458,47,Female,2,1.28226900100708
Labour,2015,E14001053,Workington,32.08784758112885,20.20596454959611,62,Male,0,0.8304269909858704
Conservatives,2015,E14001053,Workington,32.08784758112885,20.20596454959611,75,Male,5,0.4774929881095886
Labour,2015,E14001053,Workington,32.08784758112885,20.20596454959611,18,Male,5,2.680999994277954
Labour,2015,E14001053,Workington,32.08784758112885,20.20596454959611,35,Male,5,1.0190529823303223
Conservatives,2015,E14001057,Wyre and Preston North,30.3332429010671,22.82058238379454,85,Male,5,0.4774929881095886
Labour,2015,E14001057,Wyre and Preston North,30.3332429010671,22.82058238379454,24,Female,,1.4552489519119263
Labour,2015,E14001057,Wyre and Preston North,30.3332429010671,22.82058238379454,32,Female,3,1.2174309492111206
Labour,2015,E14001057,Wyre and Preston North,30.3332429010671,22.82058238379454,24,Female,5,0.970166027545929
Conservatives,2015,E14001057,Wyre and Preston North,30.3332429010671,22.82058238379454,31,Female,7,1.2174309492111206
Labour,2015,E14001057,Wyre and Preston North,30.3332429010671,22.82058238379454,76,Female,3,0.6370049715042114
Labour,2015,E14001057,Wyre and Preston North,30.3332429010671,22.82058238379454,58,Male,,0.8304269909858704
Conservatives,2015,S14000004,Angus,33.18450304636993,19.75722059439096,46,Female,7,0.5759980082511902
Labour,2015,S14000004,Angus,33.18450304636993,19.75722059439096,47,Female,3,2.303992986679077
Labour,2015,S14000004,Angus,33.18450304636993,19.75722059439096,76,Male,4,0.6434739828109741
Conservatives,2015,S14000004,Angus,33.18450304636993,19.75722059439096,45,Female,4,1.1519969701766968
Conservatives,2015,S14000004,Angus,33.18450304636993,19.75722059439096,65,Male,7,1.119089961051941
Labour,2015,S14000006,"Ayr, Carrick and Cumnock",32.42380074591675,20.55450765207699,63,Female,3,0.560600996017456
Labour,2015,S14000006,"Ayr, Carrick and Cumnock",32.42380074591675,20.55450765207699,78,Male,5,1.2869470119476318
Conservatives,2015,S14000008,"Berwickshire, Roxburgh and Selkirk",30.46587032519037,21.15796922361987,65,Female,6,0.560600996017456
Labour,2015,S14000008,"Berwickshire, Roxburgh and Selkirk",30.46587032519037,21.15796922361987,55,Male,5,1.119089961051941
Conservatives,2015,S14000008,"Berwickshire, Roxburgh and Selkirk",30.46587032519037,21.15796922361987,71,Male,8,1.119089961051941
Conservatives,2015,S14000008,"Berwickshire, Roxburgh and Selkirk",30.46587032519037,21.15796922361987,43,Male,6,1.3732839822769165
Conservatives,2015,S14000008,"Berwickshire, Roxburgh and Selkirk",30.46587032519037,21.15796922361987,52,Female,5,2.680999994277954
Labour,2015,S14000012,"Cumbernauld, Kilsyth and Kirkintilloch East",36.45474187468395,15.05194685790466,69,Female,10,0.560600996017456
Labour,2015,S14000012,"Cumbernauld, Kilsyth and Kirkintilloch East",36.45474187468395,15.05194685790466,68,Male,3,0.5595449805259705
Conservatives,2015,S14000014,"Dumfriesshire, Clydesdale and Tweeddale",30.56105839965709,21.14018929783709,83,Male,,0.6434739828109741
Conservatives,2015,S14000014,"Dumfriesshire, Clydesdale and Tweeddale",30.56105839965709,21.14018929783709,56,Male,5,0.5595449805259705
Conservatives,2015,S14000014,"Dumfriesshire, Clydesdale and Tweeddale",30.56105839965709,21.14018929783709,87,Female,8,0.8584330081939697
Conservatives,2015,S14000014,"Dumfriesshire, Clydesdale and Tweeddale",30.56105839965709,21.14018929783709,70,Female,7,0.560600996017456
Conservatives,2015,S14000014,"Dumfriesshire, Clydesdale and Tweeddale",30.56105839965709,21.14018929783709,81,Female,0,1.7168649435043335
Labour,2015,S14000017,Dunfermline and West Fife,34.84000895054822,15.17931609674729,56,Female,5,0.560600996017456
Labour,2015,S14000017,Dunfermline and West Fife,34.84000895054822,15.17931609674729,35,Female,5,0.5759980082511902
Labour,2015,S14000017,Dunfermline and West Fife,34.84000895054822,15.17931609674729,40,Male,0,2.680999994277954
Conservatives,2015,S14000017,Dunfermline and West Fife,34.84000895054822,15.17931609674729,24,Male,7,1.8459010124206543
Labour,2015,S14000017,Dunfermline and West Fife,34.84000895054822,15.17931609674729,32,Male,1,2.2340691089630127
Labour,2015,S14000020,East Lothian,34.01125184271488,17.81341195583501,82,Male,8,0.6434739828109741
Labour,2015,S14000020,East Lothian,34.01125184271488,17.81341195583501,83,Male,6,0.6434739828109741
Conservatives,2015,S14000020,East Lothian,34.01125184271488,17.81341195583501,82,Female,8,1.7168649435043335
Conservatives,2015,S14000020,East Lothian,34.01125184271488,17.81341195583501,66,Male,8,1.119089961051941
Conservatives,2015,S14000023,Edinburgh North and Leith,39.26805609184144,11.74858499006432,53,Female,5,0.5759980082511902
Conservatives,2015,S14000023,Edinburgh North and Leith,39.26805609184144,11.74858499006432,73,Male,6,1.119089961051941
Labour,2015,S14000023,Edinburgh North and Leith,39.26805609184144,11.74858499006432,24,Female,,2.680999994277954
Labour,2015,S14000025,Edinburgh South West,41.02845741464792,13.46991011326535,63,Male,5,0.5595449805259705
Conservatives,2015,S14000025,Edinburgh South West,41.02845741464792,13.46991011326535,82,Male,5,0.6434739828109741
Labour,2015,S14000025,Edinburgh South West,41.02845741464792,13.46991011326535,71,Male,,1.119089961051941
Labour,2015,S14000032,Glasgow North East,39.08262864863605,15.34581964730822,55,Male,6,0.5595449805259705
Labour,2015,S14000032,Glasgow North East,39.08262864863605,15.34581964730822,57,Male,5,0.5595449805259705
Labour,2015,S14000032,Glasgow North East,39.08262864863605,15.34581964730822,48,Female,4,0.5759980082511902
Labour,2015,S14000034,Glasgow South,36.51595865774257,14.46296043345627,70,Female,6,0.560600996017456
Labour,2015,S14000034,Glasgow South,36.51595865774257,14.46296043345627,58,Male,4,0.5595449805259705
Conservatives,2015,S14000034,Glasgow South,36.51595865774257,14.46296043345627,31,Female,6,1.6406179666519165
Conservatives,2015,S14000037,Gordon,33.49919903884661,15.38045654785743,60,Female,,1.121201992034912
Labour,2015,S14000037,Gordon,33.49919903884661,15.38045654785743,53,Female,,1.1519969701766968
Conservatives,2015,S14000039,"Inverness, Nairn, Badenoch and Strathspey",34.51381258829069,16.89785747920264,65,Female,,0.560600996017456
Labour,2015,S14000039,"Inverness, Nairn, Badenoch and Strathspey",34.51381258829069,16.89785747920264,53,Female,5,0.5759980082511902
Conservatives,2015,S14000039,"Inverness, Nairn, Badenoch and Strathspey",34.51381258829069,16.89785747920264,73,Female,10,0.560600996017456
Conservatives,2015,S14000039,"Inverness, Nairn, Badenoch and Strathspey",34.51381258829069,16.89785747920264,24,Male,5,0.9229509830474854
Conservatives,2015,S14000036,Glenrothes,35.04786430050943,17.0374517158372,52,Male,5,0.6866419911384583
Labour,2015,S14000036,Glenrothes,35.04786430050943,17.0374517158372,69,Female,6,1.121201992034912
Labour,2015,S14000036,Glenrothes,35.04786430050943,17.0374517158372,53,Male,3,0.6866419911384583
Labour,2015,S14000041,Kirkcaldy and Cowdenbeath,34.19074041605215,18.13756329995152,68,Female,4,0.560600996017456
Labour,2015,S14000043,Linlithgow and East Falkirk,35.88841484595584,15.67429390859779,22,Male,,2.680999994277954
Labour,2015,S14000045,Midlothian,34.84919518674793,16.71294793657663,31,Female,2,1.6406179666519165
Labour,2015,S14000045,Midlothian,34.84919518674793,16.71294793657663,80,Female,5,0.8584330081939697
Labour,2015,S14000045,Midlothian,34.84919518674793,16.71294793657663,86,Male,3,1.2869470119476318
Labour,2015,S14000045,Midlothian,34.84919518674793,16.71294793657663,67,Female,5,1.121201992034912
Labour,2015,S14000045,Midlothian,34.84919518674793,16.71294793657663,67,Male,5,1.119089961051941
Labour,2015,S14000047,Motherwell and Wishaw,37.06127240513483,15.643648300525,66,Female,1,0.560600996017456
Labour,2015,S14000048,North Ayrshire and Arran,32.90582631000366,19.79270271685075,23,Female,,1.3074029684066772
Labour,2015,S14000048,North Ayrshire and Arran,32.90582631000366,19.79270271685075,65,Male,10,1.119089961051941
Labour,2015,S14000048,North Ayrshire and Arran,32.90582631000366,19.79270271685075,62,Male,4,1.119089961051941
Conservatives,2015,S14000048,North Ayrshire and Arran,32.90582631000366,19.79270271685075,52,Female,0,0.5759980082511902
Labour,2015,S14000053,Paisley and Renfrewshire South,35.08658209093435,16.9136031113992,77,Female,5,1.7168649435043335
Labour,2015,S14000053,Paisley and Renfrewshire South,35.08658209093435,16.9136031113992,67,Male,2,0.5595449805259705
Labour,2015,S14000053,Paisley and Renfrewshire South,35.08658209093435,16.9136031113992,80,Female,5,0.8584330081939697
Conservatives,2015,S14000053,Paisley and Renfrewshire South,35.08658209093435,16.9136031113992,68,Female,5,1.121201992034912
Conservatives,2015,S14000054,Perth and North Perthshire,32.80254124397991,20.01741981760426,18,Female,8,1.9611029624938965
Conservatives,2015,S14000054,Perth and North Perthshire,32.80254124397991,20.01741981760426,70,Male,7,0.5595449805259705
Labour,2015,S14000054,Perth and North Perthshire,32.80254124397991,20.01741981760426,43,Male,1,1.3732839822769165
Labour,2015,S14000054,Perth and North Perthshire,32.80254124397991,20.01741981760426,80,Male,5,1.2869470119476318
Labour,2015,S14000055,"Ross, Skye and Lochaber",30.87822031279885,19.5153530389748,53,Male,4,0.6866419911384583
Conservatives,2015,S14000057,Stirling,37.11480714040356,17.21165246490188,70,Male,8,1.119089961051941
Conservatives,2015,S14000057,Stirling,37.11480714040356,17.21165246490188,54,Female,7,1.7279939651489258
Conservatives,2015,S14000057,Stirling,37.11480714040356,17.21165246490188,68,Female,9,1.121201992034912
Conservatives,2015,S14000058,West Aberdeenshire and Kincardine,33.71606149820085,15.49776469305419,46,Female,6,1.1519969701766968
Labour,2015,S14000059,West Dunbartonshire,35.56547619047619,16.44179894179894,83,Female,1,0.8584330081939697
Labour,2015,S14000059,West Dunbartonshire,35.56547619047619,16.44179894179894,61,Female,5,0.560600996017456
Conservatives,2015,E14000534,Arundel and South Downs,29.02834465954537,23.88271458973753,97,Female,10,2.3579459190368652
Conservatives,2015,E14000534,Arundel and South Downs,29.02834465954537,23.88271458973753,32,Male,7,1.363679051399231
Conservatives,2015,E14000534,Arundel and South Downs,29.02834465954537,23.88271458973753,61,Male,5,1.5369600057601929
Labour,2015,E14000534,Arundel and South Downs,29.02834465954537,23.88271458973753,53,Female,2,1.0547699928283691
Labour,2015,E14000534,Arundel and South Downs,29.02834465954537,23.88271458973753,43,Male,3,1.2573809623718262
Conservatives,2015,E14000534,Arundel and South Downs,29.02834465954537,23.88271458973753,69,Male,8,1.0246410369873047
Labour,2015,E14000534,Arundel and South Downs,29.02834465954537,23.88271458973753,51,Male,3,1.886070966720581
Conservatives,2015,E14000536,Ashford,37.03470869488224,16.75048698423942,66,Female,8,1.0265740156173706
Conservatives,2015,E14000538,Aylesbury,37.4813703981412,14.18349116424598,61,Male,10,1.0246410369873047
Conservatives,2015,E14000538,Aylesbury,37.4813703981412,14.18349116424598,73,Female,3,1.0265740156173706
Conservatives,2015,E14000538,Aylesbury,37.4813703981412,14.18349116424598,52,Female,7,1.5821549892425537
Conservatives,2015,E14000538,Aylesbury,37.4813703981412,14.18349116424598,61,Female,5,1.0265740156173706
Conservatives,2015,E14000538,Aylesbury,37.4813703981412,14.18349116424598,57,Female,7,1.0265740156173706
Conservatives,2015,E14000538,Aylesbury,37.4813703981412,14.18349116424598,50,Female,8,2.636924982070923
Conservatives,2015,E14000538,Aylesbury,37.4813703981412,14.18349116424598,39,Male,6,1.2573809623718262
Conservatives,2015,E14000538,Aylesbury,37.4813703981412,14.18349116424598,78,Female,5,0.7859820127487183
Conservatives,2015,E14000539,Banbury,37.66874703208737,14.46730208262669,31,Female,7,0.7510769963264465
Conservatives,2015,E14000539,Banbury,37.66874703208737,14.46730208262669,68,Female,5,0.5132870078086853
Conservatives,2015,E14000539,Banbury,37.66874703208737,14.46730208262669,87,Female,7,0.7859820127487183
Conservatives,2015,E14000539,Banbury,37.66874703208737,14.46730208262669,35,Male,7,0.6286910176277161
Conservatives,2015,E14000539,Banbury,37.66874703208737,14.46730208262669,60,Female,6,0.5132870078086853
Conservatives,2015,E14000539,Banbury,37.66874703208737,14.46730208262669,72,Male,5,1.0246410369873047
Conservatives,2015,E14000539,Banbury,37.66874703208737,14.46730208262669,59,Male,3,0.5123199820518494
Conservatives,2015,E14000539,Banbury,37.66874703208737,14.46730208262669,49,Male,5,2.514760971069336
Conservatives,2015,E14000539,Banbury,37.66874703208737,14.46730208262669,-1,Male,5,0.5389479994773865
Labour,2015,E14000539,Banbury,37.66874703208737,14.46730208262669,35,Female,1,0.5273849964141846
Conservatives,2015,E14000557,Bexhill and Battle,28.87408539914819,26.90639054076862,68,Male,8,0.5123199820518494
Labour,2015,E14000557,Bexhill and Battle,28.87408539914819,26.90639054076862,60,Female,1,1.0265740156173706
Conservatives,2015,E14000557,Bexhill and Battle,28.87408539914819,26.90639054076862,81,Female,6,0.7859820127487183
Labour,2015,E14000557,Bexhill and Battle,28.87408539914819,26.90639054076862,60,Female,2,0.5132870078086853
Conservatives,2015,E14000557,Bexhill and Battle,28.87408539914819,26.90639054076862,80,Male,6,1.1783310174942017
Conservatives,2015,E14000557,Bexhill and Battle,28.87408539914819,26.90639054076862,56,Male,8,0.5123199820518494
Labour,2015,E14000598,"Brighton, Pavilion",44.82059598621529,10.3192300638074,54,Male,2,0.6286910176277161
Conservatives,2015,E14000598,"Brighton, Pavilion",44.82059598621529,10.3192300638074,66,Female,10,1.0265740156173706
Conservatives,2015,E14000598,"Brighton, Pavilion",44.82059598621529,10.3192300638074,77,Female,5,0.7859820127487183
Labour,2015,E14000619,Canterbury,43.51299414348463,17.64275256222547,60,Male,5,1.0246410369873047
Conservatives,2015,E14000619,Canterbury,43.51299414348463,17.64275256222547,49,Female,8,2.1095399856567383
Conservatives,2015,E14000619,Canterbury,43.51299414348463,17.64275256222547,65,Male,8,1.0246410369873047
Conservatives,2015,E14000619,Canterbury,43.51299414348463,17.64275256222547,77,Female,7,1.571964979171753
Labour,2015,E14000626,Chatham and Aylesford,40.10341176591524,13.40035567068595,65,Male,7,0.5123199820518494
Labour,2015,E14000626,Chatham and Aylesford,40.10341176591524,13.40035567068595,29,Female,5,1.5021530389785767
Labour,2015,E14000626,Chatham and Aylesford,40.10341176591524,13.40035567068595,40,Male,2,1.2573809623718262
Conservatives,2015,E14000626,Chatham and Aylesford,40.10341176591524,13.40035567068595,71,Female,7,1.0265740156173706
Conservatives,2015,E14000626,Chatham and Aylesford,40.10341176591524,13.40035567068595,78,Female,8,1.571964979171753
Conservatives,2015,E14000633,Chichester,31.19646655297296,24.47831835514592,63,Male,6,0.5123199820518494
Conservatives,2015,E14000633,Chichester,31.19646655297296,24.47831835514592,43,Female,5,1.0547699928283691
Conservatives,2015,E14000652,Crawley,40.22627278441232,12.63450190905935,31,Female,6,1.5021530389785767
Conservatives,2015,E14000680,East Hampshire,33.36097059255684,18.96370773073613,23,Male,6,2.5351650714874268
Conservatives,2015,E14000680,East Hampshire,33.36097059255684,18.96370773073613,65,Male,7,0.5123199820518494
Conservatives,2015,E14000680,East Hampshire,33.36097059255684,18.96370773073613,59,Female,7,1.0265740156173706
Conservatives,2015,E14000680,East Hampshire,33.36097059255684,18.96370773073613,60,Male,8,1.0246410369873047
Conservatives,2015,E14000680,East Hampshire,33.36097059255684,18.96370773073613,54,Male,8,0.6286910176277161
Conservatives,2015,E14000680,East Hampshire,33.36097059255684,18.96370773073613,47,Female,7,1.0547699928283691
Conservatives,2015,E14000680,East Hampshire,33.36097059255684,18.96370773073613,81,Male,7,0.589165985584259
Conservatives,2015,E14000680,East Hampshire,33.36097059255684,18.96370773073613,89,Female,9,0.7859820127487183
Conservatives,2015,E14000685,Eastleigh,36.06969729094186,15.64526854466428,-1,Female,5,1.1669650077819824
Labour,2015,E14000685,Eastleigh,36.06969729094186,15.64526854466428,38,Female,3,1.0547699928283691
Labour,2015,E14000685,Eastleigh,36.06969729094186,15.64526854466428,79,Female,3,0.7859820127487183
Conservatives,2015,E14000685,Eastleigh,36.06969729094186,15.64526854466428,64,Male,4,1.0246410369873047
Labour,2015,E14000685,Eastleigh,36.06969729094186,15.64526854466428,72,Female,3,1.0265740156173706
Labour,2015,E14000700,Faversham and Mid Kent,34.83686048015172,17.93888194474376,57,Male,5,1.0246410369873047
Conservatives,2015,E14000700,Faversham and Mid Kent,34.83686048015172,17.93888194474376,19,Male,7,2.5351650714874268
Conservatives,2015,E14000700,Faversham and Mid Kent,34.83686048015172,17.93888194474376,46,Female,5,1.0547699928283691
Labour,2015,E14000700,Faversham and Mid Kent,34.83686048015172,17.93888194474376,26,Male,5,0.6818400025367737
Labour,2015,E14000711,Gillingham and Rainham,39.47687949003338,14.81432763330972,74,Male,3,0.5123199820518494
Conservatives,2015,E14000711,Gillingham and Rainham,39.47687949003338,14.81432763330972,74,Male,5,1.0246410369873047
Labour,2015,E14000711,Gillingham and Rainham,39.47687949003338,14.81432763330972,35,Male,5,1.2573809623718262
Conservatives,2015,E14000711,Gillingham and Rainham,39.47687949003338,14.81432763330972,45,Female,5,1.5821549892425537
Conservatives,2015,E14000713,Gosport,35.60326373592282,18.61136102751838,65,Female,7,0.5132870078086853
Labour,2015,E14000713,Gosport,35.60326373592282,18.61136102751838,53,Female,3,1.0547699928283691
Labour,2015,E14000713,Gosport,35.60326373592282,18.61136102751838,41,Female,3,1.0547699928283691
Conservatives,2015,E14000713,Gosport,35.60326373592282,18.61136102751838,50,Female,6,1.0547699928283691
Conservatives,2015,E14000713,Gosport,35.60326373592282,18.61136102751838,53,Female,5,1.0547699928283691
Conservatives,2015,E14000719,Guildford,39.95854117958863,15.66916239931091,47,Female,7,1.0547699928283691
Conservatives,2015,E14000719,Guildford,39.95854117958863,15.66916239931091,78,Male,7,0.589165985584259
Labour,2015,E14000719,Guildford,39.95854117958863,15.66916239931091,52,Male,,1.2573809623718262
Conservatives,2015,E14000719,Guildford,39.95854117958863,15.66916239931091,38,Male,6,1.2573809623718262
Conservatives,2015,E14000719,Guildford,39.95854117958863,15.66916239931091,65,Male,7,1.0246410369873047
Conservatives,2015,E14000719,Guildford,39.95854117958863,15.66916239931091,42,Female,5,1.0547699928283691
Labour,2015,E14000719,Guildford,39.95854117958863,15.66916239931091,67,Male,5,1.0246410369873047
Conservatives,2015,E14000736,Havant,34.43265306122449,20.86204081632653,40,Male,5,1.2573809623718262
Conservatives,2015,E14000736,Havant,34.43265306122449,20.86204081632653,51,Male,6,1.886070966720581
Conservatives,2015,E14000736,Havant,34.43265306122449,20.86204081632653,29,Male,5,2.680999994277954
Conservatives,2015,E14000736,Havant,34.43265306122449,20.86204081632653,70,Male,8,0.5123199820518494
Conservatives,2015,E14000736,Havant,34.43265306122449,20.86204081632653,35,Male,6,0.6286910176277161
Conservatives,2015,E14000736,Havant,34.43265306122449,20.86204081632653,41,Female,6,1.0547699928283691
Conservatives,2015,E14000736,Havant,34.43265306122449,20.86204081632653,48,Female,8,1.0547699928283691
Conservatives,2015,E14000755,Hove,35.47762974547132,14.60607701021523,88,Male,,0.589165985584259
Conservatives,2015,E14000755,Hove,35.47762974547132,14.60607701021523,59,Female,,0.5132870078086853
Labour,2015,E14000755,Hove,35.47762974547132,14.60607701021523,30,Male,2,0.6818400025367737
Conservatives,2015,E14000755,Hove,35.47762974547132,14.60607701021523,87,Female,7,0.7859820127487183
Conservatives,2015,E14000755,Hove,35.47762974547132,14.60607701021523,41,Female,6,0.5273849964141846
Labour,2015,E14000755,Hove,35.47762974547132,14.60607701021523,49,Female,5,0.5273849964141846
Labour,2015,E14000755,Hove,35.47762974547132,14.60607701021523,51,Female,3,0.5273849964141846
Conservatives,2015,E14000786,Lewes,30.28279208998549,24.24482946298984,72,Male,7,0.5123199820518494
Labour,2015,E14000786,Lewes,30.28279208998549,24.24482946298984,53,Male,2,0.6286910176277161
Conservatives,2015,E14000803,Maidenhead,34.07585732534145,17.32141102485998,64,Female,7,1.5398609638214111
Conservatives,2015,E14000803,Maidenhead,34.07585732534145,17.32141102485998,62,Female,9,1.5398609638214111
Conservatives,2015,E14000803,Maidenhead,34.07585732534145,17.32141102485998,61,Female,10,2.053148031234741
Conservatives,2015,E14000803,Maidenhead,34.07585732534145,17.32141102485998,50,Male,7,1.2573809623718262
Conservatives,2015,E14000803,Maidenhead,34.07585732534145,17.32141102485998,56,Male,7,1.0246410369873047
Conservatives,2015,E14000803,Maidenhead,34.07585732534145,17.32141102485998,86,Male,5,0.589165985584259
Conservatives,2015,E14000803,Maidenhead,34.07585732534145,17.32141102485998,46,Male,6,1.886070966720581
Conservatives,2015,E14000803,Maidenhead,34.07585732534145,17.32141102485998,46,Female,7,1.0547699928283691
Conservatives,2015,E14000803,Maidenhead,34.07585732534145,17.32141102485998,49,Female,7,2.1095399856567383
Labour,2015,E14000822,Milton Keynes South,40.53832770443149,10.89409004668446,28,Male,4,0.6818400025367737
Conservatives,2015,E14000822,Milton Keynes South,40.53832770443149,10.89409004668446,47,Female,5,0.5273849964141846
Conservatives,2015,E14000822,Milton Keynes South,40.53832770443149,10.89409004668446,48,Male,5,2.514760971069336
Conservatives,2015,E14000824,Mole Valley,31.46170277693012,20.50235181463281,42,Female,6,1.0547699928283691
Conservatives,2015,E14000827,New Forest East,31.89742923353475,21.0187772074589,67,Female,6,0.5132870078086853
Conservatives,2015,E14000830,Newbury,35.77880938869301,15.20034235424361,26,Male,6,1.363679051399231
Conservatives,2015,E14000830,Newbury,35.77880938869301,15.20034235424361,34,Male,8,1.363679051399231
Conservatives,2015,E14000830,Newbury,35.77880938869301,15.20034235424361,46,Male,8,0.6286910176277161
Conservatives,2015,E14000830,Newbury,35.77880938869301,15.20034235424361,51,Male,7,0.6286910176277161
Labour,2015,E14000830,Newbury,35.77880938869301,15.20034235424361,52,Male,4,1.2573809623718262
Conservatives,2015,E14000830,Newbury,35.77880938869301,15.20034235424361,33,Female,6,1.5021530389785767
Conservatives,2015,E14000844,North East Hampshire,33.63340236655601,16.59190958382333,60,Female,,0.5132870078086853
Conservatives,2015,E14000844,North East Hampshire,33.63340236655601,16.59190958382333,79,Female,9,0.7859820127487183
Conservatives,2015,E14000844,North East Hampshire,33.63340236655601,16.59190958382333,56,Male,7,1.0246410369873047
Labour,2015,E14000844,North East Hampshire,33.63340236655601,16.59190958382333,54,Male,6,1.2573809623718262
Labour,2015,E14000844,North East Hampshire,33.63340236655601,16.59190958382333,36,Female,6,1.0547699928283691
Conservatives,2015,E14000844,North East Hampshire,33.63340236655601,16.59190958382333,27,Male,6,1.363679051399231
Labour,2015,E14000874,Oxford West and Abingdon,37.80346275416332,16.67877529839128,68,Female,5,0.5132870078086853
Conservatives,2015,E14000874,Oxford West and Abingdon,37.80346275416332,16.67877529839128,61,Female,5,0.5132870078086853
Conservatives,2015,E14000874,Oxford West and Abingdon,37.80346275416332,16.67877529839128,64,Female,5,0.5132870078086853
Conservatives,2015,E14000874,Oxford West and Abingdon,37.80346275416332,16.67877529839128,23,Male,6,0.8450549840927124
Conservatives,2015,E14000874,Oxford West and Abingdon,37.80346275416332,16.67877529839128,64,Male,6,1.0246410369873047
Conservatives,2015,E14000874,Oxford West and Abingdon,37.80346275416332,16.67877529839128,60,Female,4,1.5398609638214111
Conservatives,2015,E14000874,Oxford West and Abingdon,37.80346275416332,16.67877529839128,77,Female,10,1.571964979171753
Labour,2015,E14000874,Oxford West and Abingdon,37.80346275416332,16.67877529839128,43,Male,3,1.886070966720581
Conservatives,2015,E14000889,Reading East,44.02356747614758,11.69090207180543,45,Female,5,0.5273849964141846
Conservatives,2015,E14000889,Reading East,44.02356747614758,11.69090207180543,52,Female,7,0.5273849964141846
Conservatives,2015,E14000889,Reading East,44.02356747614758,11.69090207180543,-1,Female,,0.5834829807281494
Conservatives,2015,E14000889,Reading East,44.02356747614758,11.69090207180543,59,Male,7,2.0492799282073975
Conservatives,2015,E14000889,Reading East,44.02356747614758,11.69090207180543,36,Female,5,0.5273849964141846
Conservatives,2015,E14000898,Rochester and Strood,38.99459490267975,14.60041226928594,76,Male,8,0.589165985584259
Conservatives,2015,E14000898,Rochester and Strood,38.99459490267975,14.60041226928594,60,Male,6,1.0246410369873047
Conservatives,2015,E14000898,Rochester and Strood,38.99459490267975,14.60041226928594,72,Male,7,1.0246410369873047
Conservatives,2015,E14000898,Rochester and Strood,38.99459490267975,14.60041226928594,55,Female,6,1.0265740156173706
Conservatives,2015,E14000898,Rochester and Strood,38.99459490267975,14.60041226928594,21,Male,7,2.5351650714874268
Labour,2015,E14000898,Rochester and Strood,38.99459490267975,14.60041226928594,19,Female,,1.7955900430679321
Conservatives,2015,E14000901,Romsey and Southampton North,37.47506799637353,17.99297370806891,33,Male,3,1.363679051399231
Conservatives,2015,E14000901,Romsey and Southampton North,37.47506799637353,17.99297370806891,53,Female,6,1.5821549892425537
Labour,2015,E14000901,Romsey and Southampton North,37.47506799637353,17.99297370806891,86,Female,3,0.7859820127487183
Conservatives,2015,E14000901,Romsey and Southampton North,37.47506799637353,17.99297370806891,74,Male,8,1.0246410369873047
Conservatives,2015,E14000901,Romsey and Southampton North,37.47506799637353,17.99297370806891,77,Female,6,1.571964979171753
Conservatives,2015,E14000907,Runnymede and Weybridge,36.18574737809229,16.69908416494805,51,Female,8,1.5821549892425537
Conservatives,2015,E14000907,Runnymede and Weybridge,36.18574737809229,16.69908416494805,49,Male,5,1.886070966720581
Conservatives,2015,E14000907,Runnymede and Weybridge,36.18574737809229,16.69908416494805,86,Female,,0.7859820127487183
Conservatives,2015,E14000907,Runnymede and Weybridge,36.18574737809229,16.69908416494805,42,Female,7,1.0547699928283691
Conservatives,2015,E14000907,Runnymede and Weybridge,36.18574737809229,16.69908416494805,55,Female,7,1.0265740156173706
Conservatives,2015,E14000907,Runnymede and Weybridge,36.18574737809229,16.69908416494805,54,Female,6,1.0547699928283691
Conservatives,2015,E14000907,Runnymede and Weybridge,36.18574737809229,16.69908416494805,77,Male,6,0.589165985584259
Conservatives,2015,E14000918,Sevenoaks,33.80462587363937,18.4960023974912,29,Male,10,1.363679051399231
Conservatives,2015,E14000918,Sevenoaks,33.80462587363937,18.4960023974912,24,Female,6,2.39411997795105
Conservatives,2015,E14000918,Sevenoaks,33.80462587363937,18.4960023974912,87,Female,,0.7859820127487183
Conservatives,2015,E14000918,Sevenoaks,33.80462587363937,18.4960023974912,41,Female,8,1.0547699928283691
Conservatives,2015,E14000918,Sevenoaks,33.80462587363937,18.4960023974912,74,Female,9,1.0265740156173706
Labour,2015,E14000927,Sittingbourne and Sheppey,37.62175662550298,16.1204384626058,18,Female,4,1.1970609426498413
Conservatives,2015,E14000927,Sittingbourne and Sheppey,37.62175662550298,16.1204384626058,43,Female,5,0.5273849964141846
Labour,2015,E14000927,Sittingbourne and Sheppey,37.62175662550298,16.1204384626058,69,Male,5,0.5123199820518494
Labour,2015,E14000930,Slough,45.28974695631415,9.233259727858677,30,Female,10,0.7510769963264465
Conservatives,2015,E14000930,Slough,45.28974695631415,9.233259727858677,56,Female,,0.5132870078086853
Conservatives,2015,E14000930,Slough,45.28974695631415,9.233259727858677,46,Female,2,1.0547699928283691
Labour,2015,E14000948,South Thanet,34.78364389233954,21.01449275362319,65,Female,2,0.5132870078086853
Labour,2015,E14000948,South Thanet,34.78364389233954,21.01449275362319,50,Female,4,0.5273849964141846
Conservatives,2015,E14000948,South Thanet,34.78364389233954,21.01449275362319,79,Male,5,0.589165985584259
Conservatives,2015,E14000948,South Thanet,34.78364389233954,21.01449275362319,54,Female,5,1.0547699928283691
Labour,2015,E14000948,South Thanet,34.78364389233954,21.01449275362319,68,Male,5,0.5123199820518494
Conservatives,2015,E14000948,South Thanet,34.78364389233954,21.01449275362319,62,Male,5,0.5123199820518494
Labour,2015,E14000948,South Thanet,34.78364389233954,21.01449275362319,58,Female,4,2.053148031234741
Labour,2015,E14000948,South Thanet,34.78364389233954,21.01449275362319,59,Female,3,1.0265740156173706
Conservatives,2015,E14000948,South Thanet,34.78364389233954,21.01449275362319,22,Male,7,2.5351650714874268
Conservatives,2015,E14000948,South Thanet,34.78364389233954,21.01449275362319,76,Female,7,0.7859820127487183
Labour,2015,E14000948,South Thanet,34.78364389233954,21.01449275362319,46,Female,5,1.5821549892425537
Conservatives,2015,E14000948,South Thanet,34.78364389233954,21.01449275362319,64,Female,8,0.5132870078086853
Conservatives,2015,E14000948,South Thanet,34.78364389233954,21.01449275362319,61,Male,5,1.0246410369873047
Labour,2015,E14000956,"Southampton, Test",46.42536926053513,11.68703694964844,57,Female,5,0.5132870078086853
Labour,2015,E14000956,"Southampton, Test",46.42536926053513,11.68703694964844,70,Male,5,0.5123199820518494
Conservatives,2015,E14000956,"Southampton, Test",46.42536926053513,11.68703694964844,65,Female,7,0.5132870078086853
Conservatives,2015,E14000956,"Southampton, Test",46.42536926053513,11.68703694964844,45,Male,6,0.6286910176277161
Conservatives,2015,E14000983,Surrey Heath,34.13144739831856,16.65151859425888,43,Female,7,1.0547699928283691
Conservatives,2015,E14000983,Surrey Heath,34.13144739831856,16.65151859425888,93,Female,,0.7859820127487183
Conservatives,2015,E14000983,Surrey Heath,34.13144739831856,16.65151859425888,22,Male,7,2.680999994277954
Conservatives,2015,E14000983,Surrey Heath,34.13144739831856,16.65151859425888,38,Female,8,1.0547699928283691
Conservatives,2015,E14000983,Surrey Heath,34.13144739831856,16.65151859425888,40,Female,10,0.5273849964141846
Conservatives,2015,E14000983,Surrey Heath,34.13144739831856,16.65151859425888,67,Male,7,1.0246410369873047
Conservatives,2015,E14000983,Surrey Heath,34.13144739831856,16.65151859425888,67,Male,9,1.0246410369873047
Labour,2015,E14001004,Tunbridge Wells,35.9731607499762,16.3605215570572,36,Male,2,0.6286910176277161
Labour,2015,E14001004,Tunbridge Wells,35.9731607499762,16.3605215570572,40,Female,5,0.5273849964141846
Conservatives,2015,E14001004,Tunbridge Wells,35.9731607499762,16.3605215570572,68,Male,5,2.561600923538208
Conservatives,2015,E14001015,Wantage,35.28788148870896,16.80379776524782,67,Male,7,1.0246410369873047
Conservatives,2015,E14001015,Wantage,35.28788148870896,16.80379776524782,36,Female,5,1.0547699928283691
Conservatives,2015,E14001015,Wantage,35.28788148870896,16.80379776524782,60,Male,7,0.5123199820518494
Conservatives,2015,E14001015,Wantage,35.28788148870896,16.80379776524782,34,Female,6,1.5021530389785767
Conservatives,2015,E14001015,Wantage,35.28788148870896,16.80379776524782,57,Female,4,1.0265740156173706
Conservatives,2015,E14001046,Witney,33.90564903272602,18.38345469989216,34,Female,6,0.7510769963264465
Conservatives,2015,E14001046,Witney,33.90564903272602,18.38345469989216,32,Male,,1.363679051399231
Conservatives,2015,E14001046,Witney,33.90564903272602,18.38345469989216,45,Male,5,0.6286910176277161
Conservatives,2015,E14001046,Witney,33.90564903272602,18.38345469989216,45,Male,7,0.6286910176277161
Conservatives,2015,E14001046,Witney,33.90564903272602,18.38345469989216,18,Female,6,2.39411997795105
Labour,2015,E14001046,Witney,33.90564903272602,18.38345469989216,55,Female,5,1.0265740156173706
Conservatives,2015,E14001046,Witney,33.90564903272602,18.38345469989216,34,Female,5,0.7510769963264465
Conservatives,2015,E14001046,Witney,33.90564903272602,18.38345469989216,23,Male,7,2.680999994277954
Conservatives,2015,E14001047,Woking,36.48247851138188,14.98535940304147,28,Male,7,1.363679051399231
Conservatives,2015,E14001047,Woking,36.48247851138188,14.98535940304147,74,Male,7,1.0246410369873047
Conservatives,2015,E14001047,Woking,36.48247851138188,14.98535940304147,66,Female,5,0.5132870078086853
Conservatives,2015,E14001048,Wokingham,35.99699349249362,14.10289376347489,73,Female,8,1.0265740156173706
Conservatives,2015,E14001048,Wokingham,35.99699349249362,14.10289376347489,62,Female,8,0.5132870078086853
Labour,2015,E14001048,Wokingham,35.99699349249362,14.10289376347489,42,Male,5,0.6286910176277161
Conservatives,2015,E14001056,Wycombe,41.25497454881999,13.1568718186025,39,Male,7,1.2573809623718262
Labour,2015,E14001056,Wycombe,41.25497454881999,13.1568718186025,58,Female,,1.0265740156173706
Conservatives,2015,E14001056,Wycombe,41.25497454881999,13.1568718186025,49,Female,5,2.1095399856567383
Conservatives,2015,E14001056,Wycombe,41.25497454881999,13.1568718186025,61,Female,,0.5132870078086853
Labour,2015,E14000547,Bath,42.87466660664649,15.91847758808899,45,Male,2,1.136978030204773
Labour,2015,E14000547,Bath,42.87466660664649,15.91847758808899,45,Female,2,0.9537680149078369
Labour,2015,E14000585,Bournemouth West,39.82903564788619,18.29581278797187,76,Female,4,0.7107189893722534
Conservatives,2015,E14000585,Bournemouth West,39.82903564788619,18.29581278797187,68,Female,5,0.464136004447937
Conservatives,2015,E14000585,Bournemouth West,39.82903564788619,18.29581278797187,74,Male,9,0.9265239834785461
Conservatives,2015,E14000595,Bridgwater and West Somerset,32.65852512916862,21.99436355096289,79,Female,6,0.7107189893722534
Conservatives,2015,E14000595,Bridgwater and West Somerset,32.65852512916862,21.99436355096289,73,Female,,0.464136004447937
Conservatives,2015,E14000595,Bridgwater and West Somerset,32.65852512916862,21.99436355096289,76,Male,7,1.0654970407485962
Conservatives,2015,E14000595,Bridgwater and West Somerset,32.65852512916862,21.99436355096289,85,Female,8,0.7107189893722534
Conservatives,2015,E14000595,Bridgwater and West Somerset,32.65852512916862,21.99436355096289,66,Male,8,0.46326199173927307
Conservatives,2015,E14000595,Bridgwater and West Somerset,32.65852512916862,21.99436355096289,64,Male,7,0.46326199173927307
Conservatives,2015,E14000595,Bridgwater and West Somerset,32.65852512916862,21.99436355096289,51,Female,7,2.3844199180603027
Conservatives,2015,E14000599,Bristol East,39.30353997147891,14.95050750775942,32,Male,6,0.6165480017662048
Labour,2015,E14000599,Bristol East,39.30353997147891,14.95050750775942,63,Male,6,1.3897850513458252
Labour,2015,E14000599,Bristol East,39.30353997147891,14.95050750775942,65,Female,4,0.928272008895874
Conservatives,2015,E14000599,Bristol East,39.30353997147891,14.95050750775942,34,Male,6,1.233096957206726
Labour,2015,E14000599,Bristol East,39.30353997147891,14.95050750775942,37,Male,4,0.5684890151023865
Labour,2015,E14000602,Bristol West,52.63368941070799,7.202547075995252,60,Female,5,0.464136004447937
Labour,2015,E14000602,Bristol West,52.63368941070799,7.202547075995252,81,Female,0,0.7107189893722534
Labour,2015,E14000602,Bristol West,52.63368941070799,7.202547075995252,45,Male,3,1.136978030204773
Labour,2015,E14000602,Bristol West,52.63368941070799,7.202547075995252,77,Female,5,0.7107189893722534
Labour,2015,E14000638,Christchurch,25.88520981865161,32.1713957605627,87,Male,0,1.0654970407485962
Conservatives,2015,E14000638,Christchurch,25.88520981865161,32.1713957605627,71,Female,7,0.464136004447937
Conservatives,2015,E14000638,Christchurch,25.88520981865161,32.1713957605627,28,Female,5,2.0374650955200195
Conservatives,2015,E14000638,Christchurch,25.88520981865161,32.1713957605627,62,Male,6,0.9265239834785461
Conservatives,2015,E14000638,Christchurch,25.88520981865161,32.1713957605627,77,Female,8,1.4214379787445068
Conservatives,2015,E14000638,Christchurch,25.88520981865161,32.1713957605627,49,Male,7,1.7054649591445923
Conservatives,2015,E14000678,East Devon,29.29882072459449,26.7274043169143,47,Female,5,0.9537680149078369
Conservatives,2015,E14000678,East Devon,29.29882072459449,26.7274043169143,40,Male,7,1.136978030204773
Conservatives,2015,E14000678,East Devon,29.29882072459449,26.7274043169143,89,Male,5,0.5327489972114563
Conservatives,2015,E14000702,Filton and Bradley Stoke,38.95370800099298,14.86654218518958,72,Female,6,0.464136004447937
Labour,2015,E14000702,Filton and Bradley Stoke,38.95370800099298,14.86654218518958,30,Male,3,1.233096957206726
Labour,2015,E14000702,Filton and Bradley Stoke,38.95370800099298,14.86654218518958,37,Male,4,1.136978030204773
Conservatives,2015,E14000702,Filton and Bradley Stoke,38.95370800099298,14.86654218518958,47,Male,9,1.136978030204773
Conservatives,2015,E14000705,Forest of Dean,31.83005094757854,20.76432973179988,78,Female,8,1.4214379787445068
Conservatives,2015,E14000705,Forest of Dean,31.83005094757854,20.76432973179988,29,Female,5,1.3583110570907593
Labour,2015,E14000705,Forest of Dean,31.83005094757854,20.76432973179988,49,Female,5,0.9537680149078369
Labour,2015,E14000705,Forest of Dean,31.83005094757854,20.76432973179988,62,Female,5,0.464136004447937
Conservatives,2015,E14000705,Forest of Dean,31.83005094757854,20.76432973179988,45,Male,8,1.136978030204773
Conservatives,2015,E14000705,Forest of Dean,31.83005094757854,20.76432973179988,81,Male,6,2.1309940814971924
Conservatives,2015,E14000705,Forest of Dean,31.83005094757854,20.76432973179988,73,Male,7,0.9265239834785461
Labour,2015,E14000705,Forest of Dean,31.83005094757854,20.76432973179988,19,Male,,2.2924039363861084
Labour,2015,E14000705,Forest of Dean,31.83005094757854,20.76432973179988,38,Female,,0.9537680149078369
Conservatives,2015,E14000774,Kingswood,36.06262186030508,17.12237641931414,65,Male,6,0.9265239834785461
Conservatives,2015,E14000774,Kingswood,36.06262186030508,17.12237641931414,30,Male,5,1.233096957206726
Conservatives,2015,E14000774,Kingswood,36.06262186030508,17.12237641931414,63,Female,5,0.464136004447937
Labour,2015,E14000815,Mid Dorset and North Poole,31.61536271706708,21.6120208433899,40,Female,5,0.47688400745391846
Conservatives,2015,E14000815,Mid Dorset and North Poole,31.61536271706708,21.6120208433899,69,Male,6,0.46326199173927307
Conservatives,2015,E14000815,Mid Dorset and North Poole,31.61536271706708,21.6120208433899,78,Female,8,0.7107189893722534
Conservatives,2015,E14000815,Mid Dorset and North Poole,31.61536271706708,21.6120208433899,45,Female,5,0.47688400745391846
Conservatives,2015,E14000815,Mid Dorset and North Poole,31.61536271706708,21.6120208433899,66,Male,5,0.46326199173927307
Conservatives,2015,E14000815,Mid Dorset and North Poole,31.61536271706708,21.6120208433899,52,Male,6,1.136978030204773
Conservatives,2015,E14000815,Mid Dorset and North Poole,31.61536271706708,21.6120208433899,59,Female,8,0.464136004447937
Conservatives,2015,E14000815,Mid Dorset and North Poole,31.61536271706708,21.6120208433899,67,Male,5,0.46326199173927307
Conservatives,2015,E14000815,Mid Dorset and North Poole,31.61536271706708,21.6120208433899,66,Female,5,0.464136004447937
Conservatives,2015,E14000837,North Cornwall,30.97119755144926,23.02939631346932,58,Male,5,0.46326199173927307
Conservatives,2015,E14000837,North Cornwall,30.97119755144926,23.02939631346932,84,Female,5,1.4214379787445068
Conservatives,2015,E14000837,North Cornwall,30.97119755144926,23.02939631346932,68,Female,6,0.464136004447937
Conservatives,2015,E14000838,North Devon,32.09454770623592,22.21486756274889,47,Female,8,0.47688400745391846
Labour,2015,E14000838,North Devon,32.09454770623592,22.21486756274889,44,Female,5,0.9537680149078369
Labour,2015,E14000838,North Devon,32.09454770623592,22.21486756274889,48,Female,1,0.9537680149078369
Conservatives,2015,E14000838,North Devon,32.09454770623592,22.21486756274889,61,Female,8,0.928272008895874
Conservatives,2015,E14000838,North Devon,32.09454770623592,22.21486756274889,71,Male,8,0.9265239834785461
Conservatives,2015,E14000839,North Dorset,32.23695881291022,21.73305089167388,71,Male,5,0.46326199173927307
Conservatives,2015,E14000839,North Dorset,32.23695881291022,21.73305089167388,66,Female,5,0.464136004447937
Conservatives,2015,E14000839,North Dorset,32.23695881291022,21.73305089167388,62,Male,6,0.9265239834785461
Conservatives,2015,E14000839,North Dorset,32.23695881291022,21.73305089167388,62,Male,,0.9265239834785461
Conservatives,2015,E14000839,North Dorset,32.23695881291022,21.73305089167388,67,Female,,0.928272008895874
Labour,2015,E14000846,North East Somerset,33.07364870291543,20.27605355852083,40,Female,4,0.9537680149078369
Conservatives,2015,E14000846,North East Somerset,33.07364870291543,20.27605355852083,50,Female,6,0.9537680149078369
Conservatives,2015,E14000846,North East Somerset,33.07364870291543,20.27605355852083,40,Female,8,0.9537680149078369
Conservatives,2015,E14000846,North East Somerset,33.07364870291543,20.27605355852083,31,Female,8,1.3583110570907593
Labour,2015,E14000846,North East Somerset,33.07364870291543,20.27605355852083,40,Female,5,0.9537680149078369
Conservatives,2015,E14000846,North East Somerset,33.07364870291543,20.27605355852083,66,Male,6,0.46326199173927307
Labour,2015,E14000846,North East Somerset,33.07364870291543,20.27605355852083,35,Male,3,1.136978030204773
Conservatives,2015,E14000846,North East Somerset,33.07364870291543,20.27605355852083,83,Male,10,1.0654970407485962
Labour,2015,E14000879,"Plymouth, Moor View",37.35359671357399,17.82623896512543,49,Female,2,0.47688400745391846
Conservatives,2015,E14000879,"Plymouth, Moor View",37.35359671357399,17.82623896512543,58,Male,7,0.9265239834785461
Conservatives,2015,E14000879,"Plymouth, Moor View",37.35359671357399,17.82623896512543,75,Female,,0.7107189893722534
Conservatives,2015,E14000879,"Plymouth, Moor View",37.35359671357399,17.82623896512543,44,Female,8,0.9537680149078369
Conservatives,2015,E14000879,"Plymouth, Moor View",37.35359671357399,17.82623896512543,52,Male,8,1.136978030204773
Conservatives,2015,E14000879,"Plymouth, Moor View",37.35359671357399,17.82623896512543,60,Male,5,0.9265239834785461
Labour,2015,E14000879,"Plymouth, Moor View",37.35359671357399,17.82623896512543,23,Female,1,1.623649001121521
Labour,2015,E14000879,"Plymouth, Moor View",37.35359671357399,17.82623896512543,46,Female,5,0.9537680149078369
Labour,2015,E14000879,"Plymouth, Moor View",37.35359671357399,17.82623896512543,43,Male,0,1.136978030204773
Labour,2015,E14000880,"Plymouth, Sutton and Devonport",46.35250773600487,12.51916986542528,58,Male,4,0.46326199173927307
Labour,2015,E14000880,"Plymouth, Sutton and Devonport",46.35250773600487,12.51916986542528,56,Female,3,0.464136004447937
Conservatives,2015,E14000880,"Plymouth, Sutton and Devonport",46.35250773600487,12.51916986542528,77,Male,7,0.5327489972114563
Conservatives,2015,E14000880,"Plymouth, Sutton and Devonport",46.35250773600487,12.51916986542528,36,Female,6,0.47688400745391846
Conservatives,2015,E14000880,"Plymouth, Sutton and Devonport",46.35250773600487,12.51916986542528,69,Male,5,1.3897850513458252
Labour,2015,E14000938,South East Cornwall,29.95822738830367,21.7228932074101,55,Female,4,0.928272008895874
Conservatives,2015,E14000938,South East Cornwall,29.95822738830367,21.7228932074101,61,Male,8,0.9265239834785461
Conservatives,2015,E14000938,South East Cornwall,29.95822738830367,21.7228932074101,42,Female,4,0.9537680149078369
Conservatives,2015,E14000938,South East Cornwall,29.95822738830367,21.7228932074101,76,Female,8,1.4214379787445068
Conservatives,2015,E14000938,South East Cornwall,29.95822738830367,21.7228932074101,66,Female,6,0.928272008895874
Conservatives,2015,E14000938,South East Cornwall,29.95822738830367,21.7228932074101,75,Female,8,0.7107189893722534
Conservatives,2015,E14000938,South East Cornwall,29.95822738830367,21.7228932074101,65,Male,6,0.9265239834785461
Conservatives,2015,E14000961,St. Austell and Newquay,32.97921757922162,20.96924040151072,65,Female,5,0.928272008895874
Conservatives,2015,E14000961,St. Austell and Newquay,32.97921757922162,20.96924040151072,37,Male,7,0.5684890151023865
Labour,2015,E14000964,St. Ives,30.04102648500594,23.02890662654143,47,Male,2,0.5684890151023865
Conservatives,2015,E14000964,St. Ives,30.04102648500594,23.02890662654143,65,Male,6,0.46326199173927307
Conservatives,2015,E14000964,St. Ives,30.04102648500594,23.02890662654143,34,Male,7,1.233096957206726
Labour,2015,E14000964,St. Ives,30.04102648500594,23.02890662654143,23,Male,3,1.5282700061798096
Conservatives,2015,E14000964,St. Ives,30.04102648500594,23.02890662654143,36,Female,5,0.9537680149078369
Conservatives,2015,E14000964,St. Ives,30.04102648500594,23.02890662654143,51,Female,6,0.47688400745391846
Conservatives,2015,E14000990,Tewkesbury,32.2395907636497,20.07764892901543,45,Female,5,0.47688400745391846
Conservatives,2015,E14000990,Tewkesbury,32.2395907636497,20.07764892901543,48,Female,5,0.9537680149078369
Conservatives,2015,E14000990,Tewkesbury,32.2395907636497,20.07764892901543,69,Female,5,0.928272008895874
Labour,2015,E14000991,The Cotswolds,29.95701348023872,22.40828846876174,70,Male,,0.9265239834785461
Conservatives,2015,E14000991,The Cotswolds,29.95701348023872,22.40828846876174,81,Female,5,0.7107189893722534
Conservatives,2015,E14000991,The Cotswolds,29.95701348023872,22.40828846876174,71,Male,,0.9265239834785461
Conservatives,2015,E14000996,Tiverton and Honiton,30.30665440049065,24.70918941020137,81,Female,8,1.4214379787445068
Labour,2015,E14000996,Tiverton and Honiton,30.30665440049065,24.70918941020137,75,Male,5,1.5982450246810913
Conservatives,2015,E14000996,Tiverton and Honiton,30.30665440049065,24.70918941020137,32,Male,5,1.233096957206726
Labour,2015,E14000996,Tiverton and Honiton,30.30665440049065,24.70918941020137,39,Male,3,1.136978030204773
Labour,2015,E14000996,Tiverton and Honiton,30.30665440049065,24.70918941020137,35,Female,0,0.47688400745391846
Conservatives,2015,E14000999,Torbay,32.02652061112713,22.50648601902566,22,Female,,1.623649001121521
Conservatives,2015,E14000999,Torbay,32.02652061112713,22.50648601902566,70,Female,8,0.928272008895874
Conservatives,2015,E14000999,Torbay,32.02652061112713,22.50648601902566,18,Male,7,2.2924039363861084
Conservatives,2015,E14000999,Torbay,32.02652061112713,22.50648601902566,44,Male,5,1.136978030204773
Labour,2015,E14000999,Torbay,32.02652061112713,22.50648601902566,55,Female,5,1.392408013343811
Conservatives,2015,E14000999,Torbay,32.02652061112713,22.50648601902566,49,Female,5,0.9537680149078369
Conservatives,2015,E14000999,Torbay,32.02652061112713,22.50648601902566,84,Female,5,0.7107189893722534
Conservatives,2015,E14001003,Truro and Falmouth,33.86419379766824,20.92530994859389,23,Female,7,1.0824329853057861
Labour,2015,E14001003,Truro and Falmouth,33.86419379766824,20.92530994859389,60,Female,1,1.392408013343811
Conservatives,2015,E14001003,Truro and Falmouth,33.86419379766824,20.92530994859389,43,Female,8,0.9537680149078369
Labour,2015,E14001003,Truro and Falmouth,33.86419379766824,20.92530994859389,54,Female,2,1.4306520223617554
Conservatives,2015,E14001003,Truro and Falmouth,33.86419379766824,20.92530994859389,93,Female,8,0.7107189893722534
Conservatives,2015,E14001031,West Dorset,28.42342342342343,26.5723863398282,79,Female,10,1.4214379787445068
Conservatives,2015,E14001031,West Dorset,28.42342342342343,26.5723863398282,77,Female,10,0.7107189893722534
Labour,2015,E14001031,West Dorset,28.42342342342343,26.5723863398282,60,Female,1,0.928272008895874
Conservatives,2015,E14001031,West Dorset,28.42342342342343,26.5723863398282,63,Male,7,0.9265239834785461
Conservatives,2015,E14001031,West Dorset,28.42342342342343,26.5723863398282,59,Female,5,0.928272008895874
Labour,2015,E14001031,West Dorset,28.42342342342343,26.5723863398282,69,Female,4,0.928272008895874
Conservatives,2015,E14001031,West Dorset,28.42342342342343,26.5723863398282,27,Female,4,1.3583110570907593
Labour,2015,E14001038,Weston-Super-Mare,33.69994630254679,20.71762810678122,42,Female,1,1.4306520223617554
Conservatives,2015,E14001038,Weston-Super-Mare,33.69994630254679,20.71762810678122,55,Male,4,0.46326199173927307
Conservatives,2015,E14001038,Weston-Super-Mare,33.69994630254679,20.71762810678122,72,Female,5,0.928272008895874
Conservatives,2015,E14001038,Weston-Super-Mare,33.69994630254679,20.71762810678122,62,Female,4,0.928272008895874
Labour,2015,E14001038,Weston-Super-Mare,33.69994630254679,20.71762810678122,39,Female,3,0.9537680149078369
Conservatives,2015,E14001038,Weston-Super-Mare,33.69994630254679,20.71762810678122,74,Female,10,0.928272008895874
Conservatives,2015,E14001038,Weston-Super-Mare,33.69994630254679,20.71762810678122,51,Male,7,1.136978030204773
Conservatives,2015,E14001038,Weston-Super-Mare,33.69994630254679,20.71762810678122,76,Female,6,1.4214379787445068
Labour,2015,W07000057,Arfon,42.42154095058854,15.92458686213329,35,Female,4,0.4403409957885742
Labour,2015,W07000057,Arfon,42.42154095058854,15.92458686213329,64,Male,8,0.855525016784668
Labour,2015,W07000072,Blaenau Gwent,36.08302059758788,17.87177356977111,76,Male,5,0.9838500022888184
Labour,2015,W07000072,Blaenau Gwent,36.08302059758788,17.87177356977111,51,Female,5,1.3210229873657227
Conservatives,2015,W07000076,Caerphilly,37.48103012186709,15.81972867325822,62,Female,5,0.8571400046348572
Conservatives,2015,W07000076,Caerphilly,37.48103012186709,15.81972867325822,67,Female,5,0.8571400046348572
Labour,2015,W07000076,Caerphilly,37.48103012186709,15.81972867325822,39,Female,3,0.8806819915771484
Conservatives,2015,W07000076,Caerphilly,37.48103012186709,15.81972867325822,65,Male,8,0.42800000309944153
Labour,2015,W07000076,Caerphilly,37.48103012186709,15.81972867325822,69,Female,5,0.8571400046348572
Labour,2015,W07000076,Caerphilly,37.48103012186709,15.81972867325822,52,Female,4,1.3210229873657227
Conservatives,2015,W07000050,Cardiff Central,55.42072942324937,10.39762988524013,21,Male,7,0.70558100938797
Labour,2015,W07000050,Cardiff Central,55.42072942324937,10.39762988524013,24,Male,4,1.411160945892334
Labour,2015,W07000050,Cardiff Central,55.42072942324937,10.39762988524013,67,Male,2,0.42800000309944153
Labour,2015,W07000050,Cardiff Central,55.42072942324937,10.39762988524013,54,Female,2,0.8806819915771484
Labour,2015,W07000079,Cardiff West,39.4443406901249,14.30125127709361,88,Female,1,0.6562569737434387
Conservatives,2015,W07000079,Cardiff West,39.4443406901249,14.30125127709361,24,Male,6,2.1167399883270264
Labour,2015,W07000079,Cardiff West,39.4443406901249,14.30125127709361,46,Male,6,1.049852967262268
Labour,2015,W07000059,Clwyd West,31.27029220779221,23.93127705627706,72,Male,6,0.855525016784668
Labour,2015,W07000059,Clwyd West,31.27029220779221,23.93127705627706,71,Female,0,0.8571400046348572
Labour,2015,W07000059,Clwyd West,31.27029220779221,23.93127705627706,39,Female,5,0.8806819915771484
Conservatives,2015,W07000059,Clwyd West,31.27029220779221,23.93127705627706,46,Male,6,1.049852967262268
Conservatives,2015,W07000059,Clwyd West,31.27029220779221,23.93127705627706,48,Male,3,1.049852967262268
Conservatives,2015,W07000059,Clwyd West,31.27029220779221,23.93127705627706,46,Female,7,1.3210229873657227
Labour,2015,W07000070,Cynon Valley,37.37382526975287,17.37730595196659,81,Male,4,0.4919250011444092
Conservatives,2015,W07000042,Delyn,33.8023742517964,18.78687447322181,67,Female,7,0.8571400046348572
Labour,2015,W07000042,Delyn,33.8023742517964,18.78687447322181,54,Female,5,1.3210229873657227
Labour,2015,W07000042,Delyn,33.8023742517964,18.78687447322181,56,Male,5,0.42800000309944153
Labour,2015,W07000042,Delyn,33.8023742517964,18.78687447322181,51,Male,1,1.5747779607772827
Conservatives,2015,W07000042,Delyn,33.8023742517964,18.78687447322181,54,Female,5,1.7613639831542969
Conservatives,2015,W07000063,Montgomeryshire,32.32098339578859,21.37067059690493,83,Male,5,0.9838500022888184
Labour,2015,W07000063,Montgomeryshire,32.32098339578859,21.37067059690493,54,Female,5,0.4403409957885742
Conservatives,2015,W07000063,Montgomeryshire,32.32098339578859,21.37067059690493,56,Female,7,1.285709023475647
Conservatives,2015,W07000063,Montgomeryshire,32.32098339578859,21.37067059690493,76,Female,7,0.6562569737434387
Labour,2015,W07000063,Montgomeryshire,32.32098339578859,21.37067059690493,56,Female,6,0.4285700023174286
Conservatives,2015,W07000063,Montgomeryshire,32.32098339578859,21.37067059690493,29,Male,5,1.1386059522628784
Labour,2015,W07000056,Newport West,37.50073184154752,16.98106579548249,75,Female,4,0.6562569737434387
Labour,2015,W07000056,Newport West,37.50073184154752,16.98106579548249,54,Female,4,0.8806819915771484
Labour,2015,W07000056,Newport West,37.50073184154752,16.98106579548249,43,Male,4,1.049852967262268
Labour,2015,W07000056,Newport West,37.50073184154752,16.98106579548249,37,Female,5,0.8806819915771484
Conservatives,2015,W07000056,Newport West,37.50073184154752,16.98106579548249,68,Male,5,0.855525016784668
Conservatives,2015,W07000075,Pontypridd,37.64993971335878,16.16427798978235,51,Female,7,0.8806819915771484
Labour,2015,W07000075,Pontypridd,37.64993971335878,16.16427798978235,57,Male,4,0.42800000309944153
Conservatives,2015,W07000075,Pontypridd,37.64993971335878,16.16427798978235,30,Male,7,0.5693029761314392
Labour,2015,W07000075,Pontypridd,37.64993971335878,16.16427798978235,61,Male,3,0.855525016784668
Labour,2015,W07000047,Swansea West,42.98358704814797,17.24227698715724,78,Female,4,0.6562569737434387
Conservatives,2015,W07000047,Swansea West,42.98358704814797,17.24227698715724,63,Female,6,0.4285700023174286
Labour,2015,W07000047,Swansea West,42.98358704814797,17.24227698715724,83,Male,4,0.4919250011444092
Conservatives,2015,W07000047,Swansea West,42.98358704814797,17.24227698715724,51,Male,7,1.049852967262268
Labour,2015,W07000060,Vale of Clwyd,34.47771480007314,20.75638879903236,51,Female,5,1.3210229873657227
Labour,2015,W07000060,Vale of Clwyd,34.47771480007314,20.75638879903236,56,Male,3,0.42800000309944153
Labour,2015,W07000060,Vale of Clwyd,34.47771480007314,20.75638879903236,70,Male,5,0.855525016784668
Labour,2015,W07000060,Vale of Clwyd,34.47771480007314,20.75638879903236,67,Female,5,0.4285700023174286
Labour,2015,W07000060,Vale of Clwyd,34.47771480007314,20.75638879903236,43,Female,5,0.8806819915771484
Conservatives,2015,W07000060,Vale of Clwyd,34.47771480007314,20.75638879903236,47,Female,4,0.8806819915771484
Conservatives,2015,W07000060,Vale of Clwyd,34.47771480007314,20.75638879903236,89,Female,7,0.6562569737434387
Conservatives,2015,W07000060,Vale of Clwyd,34.47771480007314,20.75638879903236,50,Female,5,0.8806819915771484
Conservatives,2015,W07000078,Vale of Glamorgan,35.71874392477464,17.68594026582628,55,Male,5,0.855525016784668
Labour,2015,W07000078,Vale of Glamorgan,35.71874392477464,17.68594026582628,51,Male,5,2.0997040271759033
Conservatives,2015,W07000078,Vale of Glamorgan,35.71874392477464,17.68594026582628,60,Female,8,1.714279055595398
Labour,2015,W07000078,Vale of Glamorgan,35.71874392477464,17.68594026582628,80,Male,3,0.4919250011444092
Conservatives,2015,W07000078,Vale of Glamorgan,35.71874392477464,17.68594026582628,64,Male,6,0.855525016784668
Labour,2015,W07000078,Vale of Glamorgan,35.71874392477464,17.68594026582628,39,Female,1,0.4403409957885742
Conservatives,2015,W07000041,Ynys Mon,32.12140327737237,22.43121962409141,35,Male,8,1.049852967262268
Labour,2015,W07000041,Ynys Mon,32.12140327737237,22.43121962409141,58,Male,4,0.42800000309944153
Labour,2015,W07000041,Ynys Mon,32.12140327737237,22.43121962409141,77,Male,0,0.4919250011444092
Labour,2015,W07000041,Ynys Mon,32.12140327737237,22.43121962409141,65,Female,4,0.4285700023174286
Labour,2015,W07000041,Ynys Mon,32.12140327737237,22.43121962409141,57,Male,2,0.855525016784668
Conservatives,2015,E14000531,Aldridge-Brownhills,32.65258398939902,21.61898822979188,56,Male,5,1.2915120124816895
Labour,2015,E14000531,Aldridge-Brownhills,32.65258398939902,21.61898822979188,38,Male,,0.5282909870147705
Labour,2015,E14000531,Aldridge-Brownhills,32.65258398939902,21.61898822979188,60,Male,4,0.4305039942264557
Labour,2015,E14000531,Aldridge-Brownhills,32.65258398939902,21.61898822979188,46,Male,4,0.5282909870147705
Labour,2015,E14000560,"Birmingham, Edgbaston",44.11192113329468,13.80374451163947,65,Male,5,0.4305039942264557
Conservatives,2015,E14000560,"Birmingham, Edgbaston",44.11192113329468,13.80374451163947,65,Female,6,0.8626329898834229
Labour,2015,E14000561,"Birmingham, Erdington",42.19763136901962,14.14019513592014,80,Female,2,1.3209270238876343
Labour,2015,E14000561,"Birmingham, Erdington",42.19763136901962,14.14019513592014,34,Male,3,2.2918059825897217
Conservatives,2015,E14000561,"Birmingham, Erdington",42.19763136901962,14.14019513592014,62,Male,5,0.4305039942264557
Labour,2015,E14000561,"Birmingham, Erdington",42.19763136901962,14.14019513592014,50,Male,4,1.0565810203552246
Conservatives,2015,E14000561,"Birmingham, Erdington",42.19763136901962,14.14019513592014,70,Male,3,0.4305039942264557
Conservatives,2015,E14000561,"Birmingham, Erdington",42.19763136901962,14.14019513592014,72,Male,8,0.4305039942264557
Conservatives,2015,E14000561,"Birmingham, Erdington",42.19763136901962,14.14019513592014,70,Male,8,0.4305039942264557
Labour,2015,E14000561,"Birmingham, Erdington",42.19763136901962,14.14019513592014,55,Male,4,1.7220159769058228
Labour,2015,E14000562,"Birmingham, Hall Green",47.7438224737714,10.98409028161237,54,Female,2,0.4431630074977875
Labour,2015,E14000562,"Birmingham, Hall Green",47.7438224737714,10.98409028161237,62,Female,3,0.431317001581192
Labour,2015,E14000562,"Birmingham, Hall Green",47.7438224737714,10.98409028161237,35,Male,4,1.0565810203552246
Labour,2015,E14000562,"Birmingham, Hall Green",47.7438224737714,10.98409028161237,38,Female,4,0.8863270282745361
Labour,2015,E14000563,"Birmingham, Hodge Hill",51.95105113496277,10.48751623136475,65,Female,,1.293949007987976
Labour,2015,E14000563,"Birmingham, Hodge Hill",51.95105113496277,10.48751623136475,22,Female,2,1.0058939456939697
Labour,2015,E14000563,"Birmingham, Hodge Hill",51.95105113496277,10.48751623136475,34,Female,,0.6311320066452026
Labour,2015,E14000563,"Birmingham, Hodge Hill",51.95105113496277,10.48751623136475,48,Male,1,1.5848710536956787
Labour,2015,E14000563,"Birmingham, Hodge Hill",51.95105113496277,10.48751623136475,70,Male,5,0.8610090017318726
Conservatives,2015,E14000565,"Birmingham, Northfield",40.16288379247106,15.13971327719824,43,Female,5,0.4431630074977875
Conservatives,2015,E14000565,"Birmingham, Northfield",40.16288379247106,15.13971327719824,70,Male,5,0.8610090017318726
Labour,2015,E14000565,"Birmingham, Northfield",40.16288379247106,15.13971327719824,55,Male,0,0.4305039942264557
Labour,2015,E14000565,"Birmingham, Northfield",40.16288379247106,15.13971327719824,42,Female,4,0.4431630074977875
Labour,2015,E14000566,"Birmingham, Perry Barr",46.00803062844336,12.27565599028854,39,Male,,1.0565810203552246
Labour,2015,E14000566,"Birmingham, Perry Barr",46.00803062844336,12.27565599028854,18,Male,5,2.680999994277954
Labour,2015,E14000566,"Birmingham, Perry Barr",46.00803062844336,12.27565599028854,38,Male,,1.0565810203552246
Labour,2015,E14000566,"Birmingham, Perry Barr",46.00803062844336,12.27565599028854,44,Male,,1.5848710536956787
Labour,2015,E14000566,"Birmingham, Perry Barr",46.00803062844336,12.27565599028854,59,Male,,0.4305039942264557
Labour,2015,E14000566,"Birmingham, Perry Barr",46.00803062844336,12.27565599028854,26,Male,,2.680999994277954
Conservatives,2015,E14000566,"Birmingham, Perry Barr",46.00803062844336,12.27565599028854,40,Male,6,1.0565810203552246
Labour,2015,E14000566,"Birmingham, Perry Barr",46.00803062844336,12.27565599028854,64,Male,4,0.4305039942264557
Conservatives,2015,E14000566,"Birmingham, Perry Barr",46.00803062844336,12.27565599028854,44,Male,,1.0565810203552246
Conservatives,2015,E14000567,"Birmingham, Selly Oak",46.01843043423948,13.74499120758742,34,Female,6,1.2622640132904053
Conservatives,2015,E14000567,"Birmingham, Selly Oak",46.01843043423948,13.74499120758742,48,Male,5,1.0565810203552246
Conservatives,2015,E14000567,"Birmingham, Selly Oak",46.01843043423948,13.74499120758742,33,Female,,0.6311320066452026
Labour,2015,E14000567,"Birmingham, Selly Oak",46.01843043423948,13.74499120758742,28,Male,5,0.5729519724845886
Labour,2015,E14000568,"Birmingham, Yardley",43.50465626112537,13.90694972736982,49,Female,2,1.32948899269104
Conservatives,2015,E14000568,"Birmingham, Yardley",43.50465626112537,13.90694972736982,42,Female,5,0.8863270282745361
Conservatives,2015,E14000568,"Birmingham, Yardley",43.50465626112537,13.90694972736982,68,Male,8,0.4305039942264557
Labour,2015,E14000605,Bromsgrove,31.9852195179256,20.43529801253778,70,Male,2,0.8610090017318726
Conservatives,2015,E14000605,Bromsgrove,31.9852195179256,20.43529801253778,53,Female,5,0.8863270282745361
Conservatives,2015,E14000605,Bromsgrove,31.9852195179256,20.43529801253778,67,Female,5,0.8626329898834229
Conservatives,2015,E14000605,Bromsgrove,31.9852195179256,20.43529801253778,41,Female,7,0.8863270282745361
Labour,2015,E14000618,Cannock Chase,36.32492663807432,16.06472266113973,30,Male,4,1.1459039449691772
Conservatives,2015,E14000618,Cannock Chase,36.32492663807432,16.06472266113973,71,Female,8,0.8626329898834229
Conservatives,2015,E14000618,Cannock Chase,36.32492663807432,16.06472266113973,30,Female,5,1.2622640132904053
Conservatives,2015,E14000650,Coventry North West,40.20243476881592,16.21956538980093,46,Female,,0.8863270282745361
Labour,2015,E14000650,Coventry North West,40.20243476881592,16.21956538980093,-1,Female,4,0.4903019964694977
Conservatives,2015,E14000650,Coventry North West,40.20243476881592,16.21956538980093,64,Female,,0.8626329898834229
Conservatives,2015,E14000650,Coventry North West,40.20243476881592,16.21956538980093,60,Female,5,1.293949007987976
Labour,2015,E14000650,Coventry North West,40.20243476881592,16.21956538980093,33,Male,3,1.1459039449691772
Conservatives,2015,E14000650,Coventry North West,40.20243476881592,16.21956538980093,89,Female,5,0.6604629755020142
Labour,2015,E14000722,Halesowen and Rowley Regis,36.19372645128781,18.57213206747672,18,Female,,1.5088390111923218
Conservatives,2015,E14000722,Halesowen and Rowley Regis,36.19372645128781,18.57213206747672,59,Female,5,0.8626329898834229
Conservatives,2015,E14000722,Halesowen and Rowley Regis,36.19372645128781,18.57213206747672,76,Female,7,0.6604629755020142
Conservatives,2015,E14000722,Halesowen and Rowley Regis,36.19372645128781,18.57213206747672,71,Male,5,0.4305039942264557
Conservatives,2015,E14000722,Halesowen and Rowley Regis,36.19372645128781,18.57213206747672,42,Male,7,0.5282909870147705
Labour,2015,E14000722,Halesowen and Rowley Regis,36.19372645128781,18.57213206747672,29,Female,3,1.2622640132904053
Labour,2015,E14000767,Kenilworth and Southam,31.66048068147246,21.01734104046243,79,Male,5,0.9901549816131592
Conservatives,2015,E14000767,Kenilworth and Southam,31.66048068147246,21.01734104046243,59,Female,7,0.8626329898834229
Conservatives,2015,E14000767,Kenilworth and Southam,31.66048068147246,21.01734104046243,83,Male,8,0.4950779974460602
Conservatives,2015,E14000767,Kenilworth and Southam,31.66048068147246,21.01734104046243,88,Female,5,1.3209270238876343
Conservatives,2015,E14000767,Kenilworth and Southam,31.66048068147246,21.01734104046243,51,Female,6,0.8863270282745361
Labour,2015,E14000791,Lichfield,31.90514599128892,20.06452653653815,42,Male,3,0.5282909870147705
Conservatives,2015,E14000791,Lichfield,31.90514599128892,20.06452653653815,49,Male,5,1.5848710536956787
Labour,2015,E14000791,Lichfield,31.90514599128892,20.06452653653815,61,Female,,0.431317001581192
Conservatives,2015,E14000791,Lichfield,31.90514599128892,20.06452653653815,60,Female,,0.431317001581192
Labour,2015,E14000791,Lichfield,31.90514599128892,20.06452653653815,73,Male,5,0.4305039942264557
Labour,2015,E14000791,Lichfield,31.90514599128892,20.06452653653815,77,Male,2,0.9901549816131592
Conservatives,2015,E14000791,Lichfield,31.90514599128892,20.06452653653815,74,Female,5,0.431317001581192
Conservatives,2015,E14000791,Lichfield,31.90514599128892,20.06452653653815,70,Female,5,0.8626329898834229
Labour,2015,E14000791,Lichfield,31.90514599128892,20.06452653653815,77,Male,6,0.9901549816131592
Conservatives,2015,E14000791,Lichfield,31.90514599128892,20.06452653653815,46,Male,4,1.0565810203552246
Conservatives,2015,E14000799,Ludlow,29.01115995144773,23.86721189766313,66,Male,9,0.4305039942264557
Conservatives,2015,E14000799,Ludlow,29.01115995144773,23.86721189766313,71,Female,7,0.8626329898834229
Labour,2015,E14000799,Ludlow,29.01115995144773,23.86721189766313,83,Female,4,0.6604629755020142
Conservatives,2015,E14000799,Ludlow,29.01115995144773,23.86721189766313,40,Female,5,0.8863270282745361
Conservatives,2015,E14000799,Ludlow,29.01115995144773,23.86721189766313,70,Female,7,0.8626329898834229
Labour,2015,E14000799,Ludlow,29.01115995144773,23.86721189766313,57,Female,2,0.431317001581192
Conservatives,2015,E14000799,Ludlow,29.01115995144773,23.86721189766313,69,Female,4,0.431317001581192
Labour,2015,E14000799,Ludlow,29.01115995144773,23.86721189766313,88,Female,6,0.6604629755020142
Conservatives,2015,E14000849,North Shropshire,34.11880922238846,19.53331798826102,64,Male,8,0.8610090017318726
Conservatives,2015,E14000849,North Shropshire,34.11880922238846,19.53331798826102,51,Male,3,1.0565810203552246
Conservatives,2015,E14000849,North Shropshire,34.11880922238846,19.53331798826102,74,Male,6,0.4305039942264557
Labour,2015,E14000849,North Shropshire,34.11880922238846,19.53331798826102,63,Female,4,0.8626329898834229
Conservatives,2015,E14000849,North Shropshire,34.11880922238846,19.53331798826102,68,Female,,0.8626329898834229
Conservatives,2015,E14000849,North Shropshire,34.11880922238846,19.53331798826102,82,Male,7,0.9901549816131592
Conservatives,2015,E14000849,North Shropshire,34.11880922238846,19.53331798826102,64,Male,5,0.4305039942264557
Labour,2015,E14000849,North Shropshire,34.11880922238846,19.53331798826102,68,Female,1,0.8626329898834229
Conservatives,2015,E14000849,North Shropshire,34.11880922238846,19.53331798826102,73,Female,5,0.8626329898834229
Conservatives,2015,E14000849,North Shropshire,34.11880922238846,19.53331798826102,76,Male,5,0.4950779974460602
Labour,2015,E14000854,North Warwickshire,33.95383966057268,18.13426039051914,52,Female,0,0.4431630074977875
Labour,2015,E14000854,North Warwickshire,33.95383966057268,18.13426039051914,25,Female,2,0.6311320066452026
Conservatives,2015,E14000854,North Warwickshire,33.95383966057268,18.13426039051914,57,Female,7,1.293949007987976
Labour,2015,E14000854,North Warwickshire,33.95383966057268,18.13426039051914,64,Male,5,0.4305039942264557
Conservatives,2015,E14000854,North Warwickshire,33.95383966057268,18.13426039051914,65,Male,6,0.8610090017318726
Conservatives,2015,E14000854,North Warwickshire,33.95383966057268,18.13426039051914,47,Female,8,0.4431630074977875
Conservatives,2015,E14000905,Rugby,35.75179442562844,17.45124237433842,45,Male,5,0.5282909870147705
Labour,2015,E14000905,Rugby,35.75179442562844,17.45124237433842,43,Male,3,1.0565810203552246
Conservatives,2015,E14000905,Rugby,35.75179442562844,17.45124237433842,71,Male,7,0.4305039942264557
Conservatives,2015,E14000905,Rugby,35.75179442562844,17.45124237433842,78,Female,,0.6604629755020142
Conservatives,2015,E14000945,South Staffordshire,31.71213496342961,20.77732101863221,39,Female,5,0.8863270282745361
Conservatives,2015,E14000945,South Staffordshire,31.71213496342961,20.77732101863221,83,Male,,0.9901549816131592
Conservatives,2015,E14000945,South Staffordshire,31.71213496342961,20.77732101863221,52,Female,7,1.32948899269104
Conservatives,2015,E14000945,South Staffordshire,31.71213496342961,20.77732101863221,44,Female,5,0.8863270282745361
Labour,2015,E14000945,South Staffordshire,31.71213496342961,20.77732101863221,48,Male,4,1.0565810203552246
Labour,2015,E14000945,South Staffordshire,31.71213496342961,20.77732101863221,30,Female,,1.2622640132904053
Conservatives,2015,E14000945,South Staffordshire,31.71213496342961,20.77732101863221,48,Male,7,2.6414520740509033
Conservatives,2015,E14000965,Stafford,35.03963046559235,18.29300299196893,60,Male,6,0.8610090017318726
Conservatives,2015,E14000965,Stafford,35.03963046559235,18.29300299196893,57,Female,5,0.431317001581192
Conservatives,2015,E14000965,Stafford,35.03963046559235,18.29300299196893,72,Female,7,0.8626329898834229
Conservatives,2015,E14000965,Stafford,35.03963046559235,18.29300299196893,72,Male,10,0.8610090017318726
Conservatives,2015,E14000965,Stafford,35.03963046559235,18.29300299196893,84,Male,8,0.4950779974460602
Labour,2015,E14000965,Stafford,35.03963046559235,18.29300299196893,54,Female,,0.4431630074977875
Conservatives,2015,E14000965,Stafford,35.03963046559235,18.29300299196893,78,Male,5,0.9901549816131592
Labour,2015,E14000966,Staffordshire Moorlands,30.31745417489003,21.18597061517227,58,Female,7,0.8626329898834229
Conservatives,2015,E14000966,Staffordshire Moorlands,30.31745417489003,21.18597061517227,66,Female,,0.8626329898834229
Conservatives,2015,E14000966,Staffordshire Moorlands,30.31745417489003,21.18597061517227,53,Male,6,0.5282909870147705
Conservatives,2015,E14000966,Staffordshire Moorlands,30.31745417489003,21.18597061517227,85,Male,6,0.9901549816131592
Conservatives,2015,E14000966,Staffordshire Moorlands,30.31745417489003,21.18597061517227,53,Male,8,2.6414520740509033
Labour,2015,E14000966,Staffordshire Moorlands,30.31745417489003,21.18597061517227,46,Male,3,1.0565810203552246
Labour,2015,E14000973,Stoke-on-Trent North,38.4624928914853,16.31701390683968,30,Female,5,0.6311320066452026
Conservatives,2015,E14000973,Stoke-on-Trent North,38.4624928914853,16.31701390683968,40,Female,,0.8863270282745361
Labour,2015,E14000973,Stoke-on-Trent North,38.4624928914853,16.31701390683968,43,Male,0,1.0565810203552246
Conservatives,2015,E14000973,Stoke-on-Trent North,38.4624928914853,16.31701390683968,74,Male,5,0.4305039942264557
Conservatives,2015,E14000973,Stoke-on-Trent North,38.4624928914853,16.31701390683968,68,Female,6,0.431317001581192
Labour,2015,E14000986,Tamworth,36.78540709505528,15.92191662995364,54,Female,3,0.4431630074977875
Conservatives,2015,E14000986,Tamworth,36.78540709505528,15.92191662995364,72,Female,5,0.431317001581192
Conservatives,2015,E14000986,Tamworth,36.78540709505528,15.92191662995364,75,Male,7,0.9901549816131592
Conservatives,2015,E14000986,Tamworth,36.78540709505528,15.92191662995364,69,Female,7,0.431317001581192
Conservatives,2015,E14000986,Tamworth,36.78540709505528,15.92191662995364,49,Female,8,0.4431630074977875
Conservatives,2015,E14000986,Tamworth,36.78540709505528,15.92191662995364,67,Male,8,0.8610090017318726
Conservatives,2015,E14000986,Tamworth,36.78540709505528,15.92191662995364,46,Male,,1.0565810203552246
Labour,2015,E14000989,Telford,40.06684447592382,13.26043891587999,44,Female,5,0.8863270282745361
Conservatives,2015,E14000989,Telford,40.06684447592382,13.26043891587999,74,Female,10,0.431317001581192
Labour,2015,E14000989,Telford,40.06684447592382,13.26043891587999,39,Female,3,1.32948899269104
Labour,2015,E14000989,Telford,40.06684447592382,13.26043891587999,47,Male,5,1.0565810203552246
Conservatives,2015,E14000989,Telford,40.06684447592382,13.26043891587999,60,Female,5,1.293949007987976
Labour,2015,E14001029,West Bromwich East,39.68874247415654,16.48869703510167,42,Male,10,1.0565810203552246
Conservatives,2015,E14001029,West Bromwich East,39.68874247415654,16.48869703510167,46,Male,6,1.0565810203552246
Conservatives,2015,E14001029,West Bromwich East,39.68874247415654,16.48869703510167,75,Female,5,1.3209270238876343
Labour,2015,E14001035,West Worcestershire,29.30677082196862,24.37648650417857,65,Female,7,0.8626329898834229
Labour,2015,E14001035,West Worcestershire,29.30677082196862,24.37648650417857,44,Female,7,1.32948899269104
Conservatives,2015,E14001035,West Worcestershire,29.30677082196862,24.37648650417857,45,Female,6,0.8863270282745361
Conservatives,2015,E14001035,West Worcestershire,29.30677082196862,24.37648650417857,79,Female,7,1.3209270238876343
Conservatives,2015,E14001058,Wyre Forest,32.24291911201837,20.88594029089053,29,Male,7,1.1459039449691772
Conservatives,2015,E14001058,Wyre Forest,32.24291911201837,20.88594029089053,50,Female,7,1.7726529836654663
Labour,2015,E14001058,Wyre Forest,32.24291911201837,20.88594029089053,52,Male,3,1.5848710536956787
Conservatives,2015,E14001058,Wyre Forest,32.24291911201837,20.88594029089053,66,Female,5,0.8626329898834229
Conservatives,2015,E14001058,Wyre Forest,32.24291911201837,20.88594029089053,33,Male,4,1.1459039449691772
Labour,2015,E14001058,Wyre Forest,32.24291911201837,20.88594029089053,79,Male,2,0.9901549816131592
Conservatives,2015,E14001058,Wyre Forest,32.24291911201837,20.88594029089053,78,Male,6,0.4950779974460602
Conservatives,2015,E14001058,Wyre Forest,32.24291911201837,20.88594029089053,77,Male,6,0.9901549816131592
Labour,2015,E14000542,Barnsley East,36.27617931309021,17.45140102173961,72,Male,3,0.8949559926986694
Conservatives,2015,E14000556,Beverley and Holderness,30.41765248426034,20.98187432329471,63,Male,8,0.8949559926986694
Conservatives,2015,E14000556,Beverley and Holderness,30.41765248426034,20.98187432329471,76,Female,,0.6865040063858032
Conservatives,2015,E14000556,Beverley and Holderness,30.41765248426034,20.98187432329471,35,Male,7,1.0982400178909302
Conservatives,2015,E14000556,Beverley and Holderness,30.41765248426034,20.98187432329471,-1,Female,7,0.5096340179443359
Conservatives,2015,E14000556,Beverley and Holderness,30.41765248426034,20.98187432329471,43,Female,,0.9212729930877686
Labour,2015,E14000556,Beverley and Holderness,30.41765248426034,20.98187432329471,48,Male,3,1.0982400178909302
Labour,2015,E14000556,Beverley and Holderness,30.41765248426034,20.98187432329471,56,Female,5,0.44832301139831543
Labour,2015,E14000587,Bradford East,48.32542611140397,10.34088912317695,37,Male,5,0.5491200089454651
Labour,2015,E14000587,Bradford East,48.32542611140397,10.34088912317695,61,Male,0,0.4474779963493347
Labour,2015,E14000587,Bradford East,48.32542611140397,10.34088912317695,42,Male,7,0.5491200089454651
Conservatives,2015,E14000587,Bradford East,48.32542611140397,10.34088912317695,62,Female,5,0.44832301139831543
Labour,2015,E14000925,Shipley,33.65974615449273,17.71560057157266,37,Male,1,0.5491200089454651
Labour,2015,E14000588,Bradford South,41.99812890836575,12.95780195972229,92,Male,0,0.5145969986915588
Labour,2015,E14000588,Bradford South,41.99812890836575,12.95780195972229,77,Male,6,0.5145969986915588
Labour,2015,E14000588,Bradford South,41.99812890836575,12.95780195972229,90,Male,5,0.5145969986915588
Conservatives,2015,E14000588,Bradford South,41.99812890836575,12.95780195972229,64,Female,,1.344967007637024
Labour,2015,E14000588,Bradford South,41.99812890836575,12.95780195972229,26,Female,,0.6560159921646118
Conservatives,2015,E14000596,Brigg and Goole,32.74975203561461,19.0874910617489,89,Female,6,0.6865040063858032
Conservatives,2015,E14000596,Brigg and Goole,32.74975203561461,19.0874910617489,49,Female,6,0.9212729930877686
Conservatives,2015,E14000596,Brigg and Goole,32.74975203561461,19.0874910617489,61,Male,8,1.7899119853973389
Labour,2015,E14000596,Brigg and Goole,32.74975203561461,19.0874910617489,49,Female,5,0.9212729930877686
Labour,2015,E14000596,Brigg and Goole,32.74975203561461,19.0874910617489,73,Male,,0.8949559926986694
Conservatives,2015,E14000596,Brigg and Goole,32.74975203561461,19.0874910617489,67,Male,7,0.8949559926986694
Conservatives,2015,E14000596,Brigg and Goole,32.74975203561461,19.0874910617489,73,Male,8,0.4474779963493347
Labour,2015,E14000667,Don Valley,35.41985972533774,18.19307558794572,39,Male,3,1.647359013557434
Conservatives,2015,E14000668,Doncaster Central,38.26869938065745,15.79132920438304,59,Male,5,0.4474779963493347
Conservatives,2015,E14000668,Doncaster Central,38.26869938065745,15.79132920438304,56,Female,8,1.344967007637024
Conservatives,2015,E14000668,Doncaster Central,38.26869938065745,15.79132920438304,83,Male,5,1.029194951057434
Labour,2015,E14000668,Doncaster Central,38.26869938065745,15.79132920438304,36,Male,5,1.0982400178909302
Labour,2015,E14000668,Doncaster Central,38.26869938065745,15.79132920438304,84,Female,1,0.6865040063858032
Labour,2015,E14000689,Elmet and Rothwell,31.7657569035263,20.55750178171708,43,Female,1,0.4606359899044037
Labour,2015,E14000689,Elmet and Rothwell,31.7657569035263,20.55750178171708,70,Female,5,0.44832301139831543
Conservatives,2015,E14000689,Elmet and Rothwell,31.7657569035263,20.55750178171708,57,Female,6,1.344967007637024
Conservatives,2015,E14000689,Elmet and Rothwell,31.7657569035263,20.55750178171708,66,Male,7,0.8949559926986694
Labour,2015,E14000689,Elmet and Rothwell,31.7657569035263,20.55750178171708,26,Female,4,0.6560159921646118
Labour,2015,E14000689,Elmet and Rothwell,31.7657569035263,20.55750178171708,36,Female,2,1.3819080591201782
Conservatives,2015,E14000689,Elmet and Rothwell,31.7657569035263,20.55750178171708,68,Female,7,0.8966450095176697
Labour,2015,E14000716,Great Grimsby,39.86945140124429,15.47204877440704,37,Male,2,2.196479082107544
Labour,2015,E14000716,Great Grimsby,39.86945140124429,15.47204877440704,49,Male,5,1.647359013557434
Labour,2015,E14000716,Great Grimsby,39.86945140124429,15.47204877440704,32,Female,3,1.3120319843292236
Labour,2015,E14000716,Great Grimsby,39.86945140124429,15.47204877440704,61,Female,5,0.8966450095176697
Labour,2015,E14000723,Halifax,39.2851831656174,15.12021018192634,19,Male,3,1.476201057434082
Conservatives,2015,E14000723,Halifax,39.2851831656174,15.12021018192634,64,Female,6,0.8966450095176697
Labour,2015,E14000723,Halifax,39.2851831656174,15.12021018192634,52,Male,5,1.0982400178909302
Labour,2015,E14000773,Kingston upon Hull West and Hessle,38.02565677565677,15.66693441693442,62,Male,2,1.342434048652649
Labour,2015,E14000773,Kingston upon Hull West and Hessle,38.02565677565677,15.66693441693442,20,Male,5,1.476201057434082
Labour,2015,E14000773,Kingston upon Hull West and Hessle,38.02565677565677,15.66693441693442,34,Male,3,1.1910840272903442
Labour,2015,E14000773,Kingston upon Hull West and Hessle,38.02565677565677,15.66693441693442,64,Male,1,0.8949559926986694
Labour,2015,E14000773,Kingston upon Hull West and Hessle,38.02565677565677,15.66693441693442,23,Female,3,2.09110689163208
Labour,2015,E14000773,Kingston upon Hull West and Hessle,38.02565677565677,15.66693441693442,52,Female,4,0.9212729930877686
Conservatives,2015,E14000779,Leeds North East,37.76844172850284,15.20296813618507,62,Female,4,0.8966450095176697
Labour,2015,E14000779,Leeds North East,37.76844172850284,15.20296813618507,36,Male,4,1.0982400178909302
Labour,2015,E14000779,Leeds North East,37.76844172850284,15.20296813618507,67,Male,1,0.8949559926986694
Labour,2015,E14000779,Leeds North East,37.76844172850284,15.20296813618507,86,Male,2,1.029194951057434
Conservatives,2015,E14000779,Leeds North East,37.76844172850284,15.20296813618507,34,Female,7,1.3120319843292236
Conservatives,2015,E14000836,"Normanton, Pontefract and Castleford",36.44759550352162,16.66868790521946,29,Female,5,1.3120319843292236
Conservatives,2015,E14000836,"Normanton, Pontefract and Castleford",36.44759550352162,16.66868790521946,40,Male,5,0.5491200089454651
Labour,2015,E14000836,"Normanton, Pontefract and Castleford",36.44759550352162,16.66868790521946,65,Female,5,0.8966450095176697
Labour,2015,E14000836,"Normanton, Pontefract and Castleford",36.44759550352162,16.66868790521946,67,Female,5,1.344967007637024
Labour,2015,E14000836,"Normanton, Pontefract and Castleford",36.44759550352162,16.66868790521946,61,Female,5,0.44832301139831543
Conservatives,2015,E14000836,"Normanton, Pontefract and Castleford",36.44759550352162,16.66868790521946,74,Female,,0.44832301139831543
Labour,2015,E14000836,"Normanton, Pontefract and Castleford",36.44759550352162,16.66868790521946,20,Female,5,2.09110689163208
Labour,2015,E14000836,"Normanton, Pontefract and Castleford",36.44759550352162,16.66868790521946,70,Female,4,0.8966450095176697
Conservatives,2015,E14000836,"Normanton, Pontefract and Castleford",36.44759550352162,16.66868790521946,80,Male,,1.029194951057434
Labour,2015,E14000836,"Normanton, Pontefract and Castleford",36.44759550352162,16.66868790521946,57,Male,,0.8949559926986694
Labour,2015,E14000876,Penistone and Stocksbridge,30.90884076082595,20.00894280047236,34,Male,3,1.1910840272903442
Labour,2015,E14000876,Penistone and Stocksbridge,30.90884076082595,20.00894280047236,78,Male,4,2.0583889484405518
Conservatives,2015,E14000876,Penistone and Stocksbridge,30.90884076082595,20.00894280047236,63,Male,5,1.7899119853973389
Conservatives,2015,E14000876,Penistone and Stocksbridge,30.90884076082595,20.00894280047236,71,Female,5,1.7932900190353394
Conservatives,2015,E14000886,Pudsey,34.83653142760677,17.01873839401272,55,Female,10,0.8966450095176697
Labour,2015,E14000886,Pudsey,34.83653142760677,17.01873839401272,56,Female,6,0.44832301139831543
Labour,2015,E14000886,Pudsey,34.83653142760677,17.01873839401272,64,Female,3,0.8966450095176697
Labour,2015,E14000904,Rotherham,39.00687871389233,15.70286631659922,28,Male,,2.3821680545806885
Labour,2015,E14000904,Rotherham,39.00687871389233,15.70286631659922,60,Female,0,0.8966450095176697
Labour,2015,E14000904,Rotherham,39.00687871389233,15.70286631659922,73,Female,1,0.8966450095176697
Labour,2015,E14000904,Rotherham,39.00687871389233,15.70286631659922,35,Female,5,0.4606359899044037
Conservatives,2015,E14000904,Rotherham,39.00687871389233,15.70286631659922,79,Male,5,0.5145969986915588
Conservatives,2015,E14000913,Scarborough and Whitby,32.14714730130699,22.35443895727882,77,Female,7,0.6865040063858032
Conservatives,2015,E14000913,Scarborough and Whitby,32.14714730130699,22.35443895727882,38,Female,7,0.9212729930877686
Conservatives,2015,E14000913,Scarborough and Whitby,32.14714730130699,22.35443895727882,65,Male,5,0.4474779963493347
Conservatives,2015,E14000913,Scarborough and Whitby,32.14714730130699,22.35443895727882,62,Male,6,0.4474779963493347
Conservatives,2015,E14000913,Scarborough and Whitby,32.14714730130699,22.35443895727882,90,Female,8,0.6865040063858032
Labour,2015,E14000913,Scarborough and Whitby,32.14714730130699,22.35443895727882,50,Female,3,0.4606359899044037
Conservatives,2015,E14000917,Selby and Ainsty,33.4755063613761,17.09197207860434,83,Female,,1.3730080127716064
Conservatives,2015,E14000917,Selby and Ainsty,33.4755063613761,17.09197207860434,53,Male,5,1.0982400178909302
Conservatives,2015,E14000917,Selby and Ainsty,33.4755063613761,17.09197207860434,46,Female,,0.9212729930877686
Conservatives,2015,E14000917,Selby and Ainsty,33.4755063613761,17.09197207860434,40,Female,,0.9212729930877686
Conservatives,2015,E14000917,Selby and Ainsty,33.4755063613761,17.09197207860434,42,Female,5,0.9212729930877686
Conservatives,2015,E14000917,Selby and Ainsty,33.4755063613761,17.09197207860434,52,Male,7,1.0982400178909302
Conservatives,2015,E14000917,Selby and Ainsty,33.4755063613761,17.09197207860434,52,Male,7,1.647359013557434
Labour,2015,E14000919,Sheffield Central,58.16852295201416,8.761840324763194,52,Female,3,0.4606359899044037
Conservatives,2015,E14000919,Sheffield Central,58.16852295201416,8.761840324763194,62,Male,5,0.4474779963493347
Labour,2015,E14000920,Sheffield South East,36.67319572095826,17.46486149077681,54,Female,5,0.9212729930877686
Labour,2015,E14000920,Sheffield South East,36.67319572095826,17.46486149077681,29,Female,5,1.968047022819519
Conservatives,2015,E14000920,Sheffield South East,36.67319572095826,17.46486149077681,66,Male,7,0.8949559926986694
Labour,2015,E14000920,Sheffield South East,36.67319572095826,17.46486149077681,64,Female,5,0.44832301139831543
Labour,2015,E14000920,Sheffield South East,36.67319572095826,17.46486149077681,74,Male,3,0.8949559926986694
Labour,2015,E14000920,Sheffield South East,36.67319572095826,17.46486149077681,41,Male,4,1.0982400178909302
Labour,2015,E14000920,Sheffield South East,36.67319572095826,17.46486149077681,25,Male,,1.7866259813308716
Labour,2015,E14000922,"Sheffield, Hallam",37.26890192040825,18.86722771834012,51,Female,2,0.4606359899044037
Labour,2015,E14000922,"Sheffield, Hallam",37.26890192040825,18.86722771834012,60,Female,2,0.44832301139831543
Labour,2015,E14000922,"Sheffield, Hallam",37.26890192040825,18.86722771834012,97,Female,5,0.6865040063858032
Labour,2015,E14000922,"Sheffield, Hallam",37.26890192040825,18.86722771834012,43,Male,3,1.0982400178909302
Labour,2015,E14000922,"Sheffield, Hallam",37.26890192040825,18.86722771834012,31,Female,2,1.3120319843292236
Labour,2015,E14000922,"Sheffield, Hallam",37.26890192040825,18.86722771834012,59,Female,2,0.8966450095176697
Labour,2015,E14000922,"Sheffield, Hallam",37.26890192040825,18.86722771834012,47,Male,2,0.5491200089454651
Conservatives,2015,E14000922,"Sheffield, Hallam",37.26890192040825,18.86722771834012,33,Male,6,1.1910840272903442
Conservatives,2015,E14000922,"Sheffield, Hallam",37.26890192040825,18.86722771834012,62,Female,10,0.8966450095176697
Labour,2015,E14000923,"Sheffield, Heeley",36.44212868850705,17.80112554297819,71,Male,5,0.8949559926986694
Labour,2015,E14000923,"Sheffield, Heeley",36.44212868850705,17.80112554297819,81,Male,,1.029194951057434
Labour,2015,E14000923,"Sheffield, Heeley",36.44212868850705,17.80112554297819,33,Female,3,1.3120319843292236
Labour,2015,E14000923,"Sheffield, Heeley",36.44212868850705,17.80112554297819,30,Female,,1.968047022819519
Labour,2015,E14000923,"Sheffield, Heeley",36.44212868850705,17.80112554297819,64,Female,3,0.44832301139831543
Conservatives,2015,E14000928,Skipton and Ripon,30.87461970866158,21.70128744988213,71,Male,5,0.4474779963493347
Conservatives,2015,E14000928,Skipton and Ripon,30.87461970866158,21.70128744988213,65,Female,8,0.44832301139831543
Conservatives,2015,E14000928,Skipton and Ripon,30.87461970866158,21.70128744988213,59,Male,5,0.4474779963493347
Labour,2015,E14000928,Skipton and Ripon,30.87461970866158,21.70128744988213,77,Female,7,0.6865040063858032
Conservatives,2015,E14000928,Skipton and Ripon,30.87461970866158,21.70128744988213,49,Male,8,1.647359013557434
Conservatives,2015,E14000928,Skipton and Ripon,30.87461970866158,21.70128744988213,52,Female,6,1.3819080591201782
Conservatives,2015,E14000928,Skipton and Ripon,30.87461970866158,21.70128744988213,74,Male,5,0.8949559926986694
Labour,2015,E14000993,Thirsk and Malton,29.88375331359787,23.37517663926394,69,Female,4,0.8966450095176697
Conservatives,2015,E14000993,Thirsk and Malton,29.88375331359787,23.37517663926394,74,Female,5,0.44832301139831543
Conservatives,2015,E14000993,Thirsk and Malton,29.88375331359787,23.37517663926394,50,Female,5,0.9212729930877686
Labour,2015,E14001061,York Central,44.63438706771817,13.17183951551855,66,Male,5,0.4474779963493347
Conservatives,2015,E14001061,York Central,44.63438706771817,13.17183951551855,55,Male,5,0.4474779963493347
Conservatives,2015,E14001061,York Central,44.63438706771817,13.17183951551855,52,Female,7,0.4606359899044037
Labour,2015,E14001061,York Central,44.63438706771817,13.17183951551855,84,Male,5,0.5145969986915588
Conservatives,2015,E14001061,York Central,44.63438706771817,13.17183951551855,73,Male,5,0.4474779963493347
Conservatives,2015,E14001062,York Outer,33.25684156598216,20.99325449344661,42,Male,7,1.0982400178909302
Conservatives,2015,E14001062,York Outer,33.25684156598216,20.99325449344661,42,Male,5,0.5491200089454651
Conservatives,2015,E14001062,York Outer,33.25684156598216,20.99325449344661,53,Male,3,1.0982400178909302
Conservatives,2015,E14001062,York Outer,33.25684156598216,20.99325449344661,43,Male,5,1.0982400178909302
Conservatives,2015,E14001062,York Outer,33.25684156598216,20.99325449344661,58,Male,4,0.8949559926986694
Labour,2015,E14001062,York Outer,33.25684156598216,20.99325449344661,41,Female,5,0.4606359899044037
Conservatives,2015,E14001062,York Outer,33.25684156598216,20.99325449344661,88,Male,8,1.029194951057434
Conservatives,2015,E14001062,York Outer,33.25684156598216,20.99325449344661,52,Female,6,0.9212729930877686
Labour,2017,E14000535,Ashfield,35.06780226465451,17.48042467178209,21,Female,3,1.1107528298625449
Labour,2017,E14000535,Ashfield,35.06780226465451,17.48042467178209,53,Male,0,0.5615211142592407
Labour,2017,E14000535,Ashfield,35.06780226465451,17.48042467178209,65,Female,6,0.9197548006046444
Labour,2017,E14000535,Ashfield,35.06780226465451,17.48042467178209,68,Female,2,0.6517452869013777
Labour,2017,E14000535,Ashfield,35.06780226465451,17.48042467178209,34,Female,4,0.844501416833825
Conservatives,2017,E14000535,Ashfield,35.06780226465451,17.48042467178209,83,Female,7,1.1537258112902318
Conservatives,2017,E14000546,Bassetlaw,33.86636868064119,18.51302404438964,58,Male,5,1.124358220876025
Labour,2017,E14000546,Bassetlaw,33.86636868064119,18.51302404438964,78,Female,4,1.0072658301645174
Conservatives,2017,E14000546,Bassetlaw,33.86636868064119,18.51302404438964,45,Female,6,0.9465122255730742
Conservatives,2017,E14000546,Bassetlaw,33.86636868064119,18.51302404438964,93,Male,10,0.6313332292192384
Labour,2017,E14000546,Bassetlaw,33.86636868064119,18.51302404438964,34,Male,5,1.106043108517683
Labour,2017,E14000546,Bassetlaw,33.86636868064119,18.51302404438964,36,Male,0,0.8457660661822106
Conservatives,2017,E14000577,Bolsover,34.19177966191398,18.51851851851852,40,Female,5,0.8851619331318789
Labour,2017,E14000577,Bolsover,34.19177966191398,18.51851851851852,44,Female,5,0.38639742678939754
Labour,2017,E14000577,Bolsover,34.19177966191398,18.51851851851852,65,Female,4,0.32587264345068884
Labour,2017,E14000577,Bolsover,34.19177966191398,18.51851851851852,64,Female,5,0.8969333185214816
Labour,2017,E14000577,Bolsover,34.19177966191398,18.51851851851852,55,Male,2,0.9816263150830126
Labour,2017,E14000577,Bolsover,34.19177966191398,18.51851851851852,57,Male,0,0.4908131575415063
Conservatives,2017,E14000577,Bolsover,34.19177966191398,18.51851851851852,27,Male,7,1.5879476616897819
Conservatives,2017,E14000607,Broxtowe,34.15147781954492,18.18555137884196,62,Female,6,0.864867748462389
Conservatives,2017,E14000607,Broxtowe,34.15147781954492,18.18555137884196,56,Female,7,0.864867748462389
Labour,2017,E14000607,Broxtowe,34.15147781954492,18.18555137884196,49,Female,7,0.41317850971303816
Conservatives,2017,E14000625,Charnwood,33.38434584371174,19.32494617300629,43,Male,5,0.9687434157360856
Labour,2017,E14000625,Charnwood,33.38434584371174,19.32494617300629,59,Female,2,0.37753845936031405
Conservatives,2017,E14000625,Charnwood,33.38434584371174,19.32494617300629,80,Female,7,0.947432597109627
Conservatives,2017,E14000625,Charnwood,33.38434584371174,19.32494617300629,36,Female,7,1.1118912355274555
Conservatives,2017,E14000625,Charnwood,33.38434584371174,19.32494617300629,71,Male,,0.5764831397693551
Conservatives,2017,E14000625,Charnwood,33.38434584371174,19.32494617300629,80,Female,5,0.5768629056451159
Labour,2017,E14000625,Charnwood,33.38434584371174,19.32494617300629,60,Male,3,0.826375113982583
Labour,2017,E14000625,Charnwood,33.38434584371174,19.32494617300629,44,Female,5,0.38639742678939754
Conservatives,2017,E14000625,Charnwood,33.38434584371174,19.32494617300629,69,Male,6,0.817000724705732
Labour,2017,E14000625,Charnwood,33.38434584371174,19.32494617300629,65,Male,4,1.006602717341049
Conservatives,2017,E14000625,Charnwood,33.38434584371174,19.32494617300629,62,Male,9,0.9465329511414996
Labour,2017,E14000660,Daventry,33.01651571656899,17.48108684070325,40,Male,6,1.6915321323644212
Conservatives,2017,E14000660,Daventry,33.01651571656899,17.48108684070325,51,Female,6,1.763030469769386
Conservatives,2017,E14000660,Daventry,33.01651571656899,17.48108684070325,88,Male,5,0.6313332292192384
Conservatives,2017,E14000660,Daventry,33.01651571656899,17.48108684070325,68,Female,,2.106980742794305
Conservatives,2017,E14000660,Daventry,33.01651571656899,17.48108684070325,82,Female,,0.5768629056451159
Conservatives,2017,E14000660,Daventry,33.01651571656899,17.48108684070325,45,Male,7,2.071773428379038
Labour,2017,E14000660,Daventry,33.01651571656899,17.48108684070325,64,Female,2,0.4484666592607408
Conservatives,2017,E14000660,Daventry,33.01651571656899,17.48108684070325,60,Female,5,1.729735496924778
Conservatives,2017,E14000660,Daventry,33.01651571656899,17.48108684070325,53,Male,6,0.5179433570947595
Labour,2017,E14000663,Derby Sout,43.84406115177107,13.27000760275165,38,Male,8,1.062404336534459
Labour,2017,E14000663,Derby Sout,43.84406115177107,13.27000760275165,44,Male,5,0.4228830330911053
Labour,2017,E14000663,Derby Sout,43.84406115177107,13.27000760275165,20,Male,7,3.0390893749586034
Conservatives,2017,E14000663,Derby Sout,43.84406115177107,13.27000760275165,21,Female,,0.7326200316253187
Conservatives,2017,E14000663,Derby Sout,43.84406115177107,13.27000760275165,75,Female,5,1.1537258112902318
Labour,2017,E14000663,Derby Sout,43.84406115177107,13.27000760275165,42,Male,5,0.8457660661822106
Conservatives,2017,E14000663,Derby Sout,43.84406115177107,13.27000760275165,68,Male,5,0.5764831397693551
Labour,2017,E14000663,Derby Sout,43.84406115177107,13.27000760275165,62,Male,4,0.826375113982583
Labour,2017,E14000663,Derby Sout,43.84406115177107,13.27000760275165,62,Female,,0.37753845936031405
Conservatives,2017,E14000714,Grantham a,33.81517563774655,18.60505215966894,78,Female,10,1.1537258112902318
Labour,2017,E14000714,Grantham a,33.81517563774655,18.60505215966894,54,Male,2,1.6845633427777211
Conservatives,2017,E14000714,Grantham a,33.81517563774655,18.60505215966894,55,Female,,1.027350565853524
Conservatives,2017,E14000714,Grantham a,33.81517563774655,18.60505215966894,61,Female,,1.027350565853524
Labour,2017,E14000714,Grantham a,33.81517563774655,18.60505215966894,58,Male,3,0.826375113982583
Labour,2017,E14000728,Harborough,34.91784387355705,18.93862629393416,41,Female,1,0.48537097698877474
Labour,2017,E14000728,Harborough,34.91784387355705,18.93862629393416,28,Male,2,0.5530215542588415
Labour,2017,E14000728,Harborough,34.91784387355705,18.93862629393416,34,Female,6,0.4222507084169125
Conservatives,2017,E14000728,Harborough,34.91784387355705,18.93862629393416,82,Male,10,1.2626664584384768
Labour,2017,E14000728,Harborough,34.91784387355705,18.93862629393416,46,Female,6,0.41317850971303816
Conservatives,2017,E14000728,Harborough,34.91784387355705,18.93862629393416,94,Male,7,0.6313332292192384
Conservatives,2017,E14000728,Harborough,34.91784387355705,18.93862629393416,63,Female,10,1.027350565853524
Conservatives,2017,E14000728,Harborough,34.91784387355705,18.93862629393416,68,Female,,1.5802355570957287
Conservatives,2017,E14000792,Lincoln,42.89314800534166,14.87200707205598,24,Male,4,0.801797733621753
Labour,2017,E14000792,Lincoln,42.89314800534166,14.87200707205598,26,Male,2,1.106043108517683
Conservatives,2017,E14000792,Lincoln,42.89314800534166,14.87200707205598,57,Female,5,1.027350565853524
Conservatives,2017,E14000792,Lincoln,42.89314800534166,14.87200707205598,64,Male,5,0.5621791104380125
Labour,2017,E14000792,Lincoln,42.89314800534166,14.87200707205598,53,Female,4,1.0261481150081617
Labour,2017,E14000792,Lincoln,42.89314800534166,14.87200707205598,71,Female,5,0.4598774003023222
Conservatives,2017,E14000797,Loughborou,42.97871482299323,14.83811770874295,71,Female,8,0.5267451856985762
Labour,2017,E14000797,Loughborou,42.97871482299323,14.83811770874295,57,Female,3,0.8969333185214816
Labour,2017,E14000797,Loughborou,42.97871482299323,14.83811770874295,64,Male,5,0.4908131575415063
Labour,2017,E14000797,Loughborou,42.97871482299323,14.83811770874295,67,Female,2,0.32587264345068884
Labour,2017,E14000810,Mansfield,35.96864051461719,17.17879501464591,27,Female,5,1.0106156492623029
Labour,2017,E14000810,Mansfield,35.96864051461719,17.17879501464591,57,Female,5,0.4484666592607408
Labour,2017,E14000810,Mansfield,35.96864051461719,17.17879501464591,62,Female,5,0.4484666592607408
Conservatives,2017,E14000810,Mansfield,35.96864051461719,17.17879501464591,80,Female,7,1.1537258112902318
Labour,2017,E14000810,Mansfield,35.96864051461719,17.17879501464591,71,Female,5,0.4598774003023222
Conservatives,2017,E14000810,Mansfield,35.96864051461719,17.17879501464591,44,Male,6,0.6084408248447589
Conservatives,2017,E14000843,North East,31.36131756013897,20.91340868112054,48,Male,10,1.5538300712842774
Conservatives,2017,E14000843,North East,31.36131756013897,20.91340868112054,68,Female,8,0.7465113353066517
Labour,2017,E14000843,North East,31.36131756013897,20.91340868112054,72,Female,5,0.32587264345068884
Conservatives,2017,E14000843,North East,31.36131756013897,20.91340868112054,50,Female,6,0.9465122255730742
Conservatives,2017,E14000843,North East,31.36131756013897,20.91340868112054,59,Male,7,0.9465329511414996
Labour,2017,E14000843,North East,31.36131756013897,20.91340868112054,36,Male,3,0.8457660661822106
Labour,2017,E14000861,Northampto,39.97122702803044,15.16846111007982,30,Female,3,0.844501416833825
Labour,2017,E14000861,Northampto,39.97122702803044,15.16846111007982,63,Female,5,0.4484666592607408
Labour,2017,E14000861,Northampto,39.97122702803044,15.16846111007982,58,Male,3,0.826375113982583
Labour,2017,E14000861,Northampto,39.97122702803044,15.16846111007982,64,Female,5,0.7550769187206281
Conservatives,2017,E14000861,Northampto,39.97122702803044,15.16846111007982,58,Female,4,1.027350565853524
Labour,2017,E14000861,Northampto,39.97122702803044,15.16846111007982,33,Male,5,0.9242435271057632
Labour,2017,E14000861,Northampto,39.97122702803044,15.16846111007982,66,Male,1,1.4265727699988389
Labour,2017,E14000861,Northampto,39.97122702803044,15.16846111007982,62,Female,3,1.5101538374412562
Labour,2017,E14000862,Northampto,41.51150990760028,12.57383966244726,39,Male,4,0.5312021682672295
Labour,2017,E14000862,Northampto,41.51150990760028,12.57383966244726,42,Female,2,0.7727948535787951
Conservatives,2017,E14000909,Rutland an,32.82305847848919,19.76200384440084,61,Female,,1.027350565853524
Conservatives,2017,E14000909,Rutland an,32.82305847848919,19.76200384440084,81,Male,9,2.073787983756293
Conservatives,2017,E14000909,Rutland an,32.82305847848919,19.76200384440084,40,Female,,0.8851619331318789
Conservatives,2017,E14000909,Rutland an,32.82305847848919,19.76200384440084,51,Male,5,1.2863365036408019
Conservatives,2017,E14000909,Rutland an,32.82305847848919,19.76200384440084,73,Male,5,
Conservatives,2017,E14000909,Rutland an,32.82305847848919,19.76200384440084,72,Male,10,0.817000724705732
Labour,2017,E14000909,Rutland an,32.82305847848919,19.76200384440084,52,Female,4,0.8263570194260763
Labour,2017,E14000909,Rutland an,32.82305847848919,19.76200384440084,66,Male,5,0.7132863849994194
Conservatives,2017,E14000909,Rutland an,32.82305847848919,19.76200384440084,64,Male,7,0.9465329511414996
Conservatives,2017,E14000909,Rutland an,32.82305847848919,19.76200384440084,51,Female,5,1.4197683383596116
Conservatives,2017,E14000929,Sleaford a,30.98977092637948,21.44863852470825,52,Female,5,0.5876768232564624
Conservatives,2017,E14000929,Sleaford a,30.98977092637948,21.44863852470825,64,Male,7,0.9465329511414996
Conservatives,2017,E14000929,Sleaford a,30.98977092637948,21.44863852470825,62,Male,6,1.124358220876025
Labour,2017,E14000929,Sleaford a,30.98977092637948,21.44863852470825,52,Female,4,0.8263570194260763
Labour,2017,E14000552,Bedford,40.36866997803416,14.75372528842539,37,Male,4,0.38295259746865346
Labour,2017,E14000552,Bedford,40.36866997803416,14.75372528842539,51,Female,4,0.37416441694587194
Labour,2017,E14000552,Bedford,40.36866997803416,14.75372528842539,24,Male,4,1.1008501916690054
Conservatives,2017,E14000552,Bedford,40.36866997803416,14.75372528842539,68,Female,7,0.3380112614188117
Conservatives,2017,E14000552,Bedford,40.36866997803416,14.75372528842539,75,Female,8,0.5223930278908095
Conservatives,2017,E14000594,Brentwood,33.00128016179524,19.35303419860796,72,Male,7,0.5220491211431459
Labour,2017,E14000594,Brentwood,33.00128016179524,19.35303419860796,51,Female,5,0.4646273972704859
Labour,2017,E14000594,Brentwood,33.00128016179524,19.35303419860796,56,Male,3,0.44446846726957207
Conservatives,2017,E14000594,Brentwood,33.00128016179524,19.35303419860796,32,Female,7,1.3139381054726498
Conservatives,2017,E14000594,Brentwood,33.00128016179524,19.35303419860796,52,Female,8,1.59655754660914
Conservatives,2017,E14000594,Brentwood,33.00128016179524,19.35303419860796,44,Male,5,0.43863524699141293
Conservatives,2017,E14000594,Brentwood,33.00128016179524,19.35303419860796,53,Female,6,0.5321858488697135
Conservatives,2017,E14000622,Castle Poi,32.02440604015407,21.58934678619718,43,Female,6,1.006901680673803
Labour,2017,E14000622,Castle Poi,32.02440604015407,21.58934678619718,35,Female,4,0.8790803216439519
Conservatives,2017,E14000622,Castle Poi,32.02440604015407,21.58934678619718,68,Male,6,0.7398560007784177
Labour,2017,E14000622,Castle Poi,32.02440604015407,21.58934678619718,62,Female,6,0.4061205075706844
Conservatives,2017,E14000622,Castle Poi,32.02440604015407,21.58934678619718,43,Male,5,0.8772704939828259
Conservatives,2017,E14000622,Castle Poi,32.02440604015407,21.58934678619718,69,Female,9,0.9540152774297761
Labour,2017,E14000622,Castle Poi,32.02440604015407,21.58934678619718,20,Female,3,1.0058707681702583
Conservatives,2017,E14000622,Castle Poi,32.02440604015407,21.58934678619718,74,Male,5,0.5220491211431459
Labour,2017,E14000642,Clacton,28.80539837626964,30.20771096193723,44,Female,5,0.43954016082197594
Conservatives,2017,E14000642,Clacton,28.80539837626964,30.20771096193723,83,Female,8,0.42898596727506705
Labour,2017,E14000642,Clacton,28.80539837626964,30.20771096193723,53,Female,7,0.37416441694587194
Labour,2017,E14000642,Clacton,28.80539837626964,30.20771096193723,60,Female,3,0.4061205075706844
Conservatives,2017,E14000693,Epping For,34.50002103403307,17.43090320137983,86,Female,8,0.5223930278908095
Conservatives,2017,E14000693,Epping For,34.50002103403307,17.43090320137983,63,Female,7,1.8606874096068948
Conservatives,2017,E14000693,Epping For,34.50002103403307,17.43090320137983,65,Female,5,1.3520450456752469
Conservatives,2017,E14000693,Epping For,34.50002103403307,17.43090320137983,68,Male,7,2.0881964845725838
Conservatives,2017,E14000717,Great Yarm,34.90650410682895,20.94122968430359,65,Male,5,0.5220491211431459
Labour,2017,E14000717,Great Yarm,34.90650410682895,20.94122968430359,61,Female,,0.4061205075706844
Conservatives,2017,E14000717,Great Yarm,34.90650410682895,20.94122968430359,66,Female,6,0.6760225228376234
Labour,2017,E14000717,Great Yarm,34.90650410682895,20.94122968430359,86,Female,5,0.9121554562814995
Conservatives,2017,E14000729,Harlow,37.8568405976368,15.55938934279483,29,Female,4,0.4379793684908832
Labour,2017,E14000729,Harlow,37.8568405976368,15.55938934279483,32,Female,4,0.7647599592220995
Conservatives,2017,E14000729,Harlow,37.8568405976368,15.55938934279483,63,Male,2,0.5090957398105701
Conservatives,2017,E14000729,Harlow,37.8568405976368,15.55938934279483,53,Male,8,1.1648750759453264
Labour,2017,E14000729,Harlow,37.8568405976368,15.55938934279483,87,Male,4,0.49914290217719665
Labour,2017,E14000734,Harwich an,32.71470878578479,21.07381814193266,29,Female,5,0.9151889710460192
Labour,2017,E14000734,Harwich an,32.71470878578479,21.07381814193266,73,Male,5,0.9115549574241539
Conservatives,2017,E14000734,Harwich an,32.71470878578479,21.07381814193266,64,Female,6,0.9303437048034474
Conservatives,2017,E14000734,Harwich an,32.71470878578479,21.07381814193266,31,Male,,0.9586712070921775
Labour,2017,E14000734,Harwich an,32.71470878578479,21.07381814193266,46,Male,3,1.228484761098649
Labour,2017,E14000744,Hertford a,35.64862104187947,14.83820786985409,50,Female,4,0.37416441694587194
Conservatives,2017,E14000744,Hertford a,35.64862104187947,14.83820786985409,29,Male,7,0.47933560354608873
Conservatives,2017,E14000744,Hertford a,35.64862104187947,14.83820786985409,42,Female,5,0.4007905673058766
Conservatives,2017,E14000744,Hertford a,35.64862104187947,14.83820786985409,18,Female,,1.7281918535906475
Labour,2017,E14000744,Hertford a,35.64862104187947,14.83820786985409,78,Male,4,0.9982858043543933
Conservatives,2017,E14000744,Hertford a,35.64862104187947,14.83820786985409,52,Male,7,0.4690369166415353
Labour,2017,E14000744,Hertford a,35.64862104187947,14.83820786985409,33,Female,2,0.38237997961104975
Conservatives,2017,E14000744,Hertford a,35.64862104187947,14.83820786985409,34,Male,5,
Conservatives,2017,E14000744,Hertford a,35.64862104187947,14.83820786985409,66,Male,6,0.7398560007784177
Conservatives,2017,E14000744,Hertford a,35.64862104187947,14.83820786985409,54,Male,2,0.9380738332830706
Conservatives,2017,E14000744,Hertford a,35.64862104187947,14.83820786985409,81,Male,8,0.9389859994780884
Labour,2017,E14000757,Huntingdon,35.89079031456365,16.13647660299652,24,Male,3,1.1008501916690054
Conservatives,2017,E14000757,Huntingdon,35.89079031456365,16.13647660299652,66,Female,8,0.47700763871488805
Conservatives,2017,E14000757,Huntingdon,35.89079031456365,16.13647660299652,69,Female,8,0.47700763871488805
Labour,2017,E14000757,Huntingdon,35.89079031456365,16.13647660299652,37,Male,5,0.9620875476226106
Conservatives,2017,E14000757,Huntingdon,35.89079031456365,16.13647660299652,53,Female,6,1.064371697739427
Conservatives,2017,E14000757,Huntingdon,35.89079031456365,16.13647660299652,37,Female,,2.013803361347606
Conservatives,2017,E14000757,Huntingdon,35.89079031456365,16.13647660299652,74,Female,6,0.9540152774297761
Labour,2017,E14000757,Huntingdon,35.89079031456365,16.13647660299652,61,Female,3,0.6837793070085079
Labour,2017,E14000757,Huntingdon,35.89079031456365,16.13647660299652,58,Female,5,1.6244820302827376
Conservatives,2017,E14000801,Luton Sout,47.45144309312035,10.40206934107823,47,Female,5,
Labour,2017,E14000801,Luton Sout,47.45144309312035,10.40206934107823,64,Female,5,0.8122410151413688
Labour,2017,E14000801,Luton Sout,47.45144309312035,10.40206934107823,22,Female,4,1.0058707681702583
Conservatives,2017,E14000801,Luton Sout,47.45144309312035,10.40206934107823,35,Female,5,0.8015811346117532
Conservatives,2017,E14000801,Luton Sout,47.45144309312035,10.40206934107823,67,Female,10,0.47700763871488805
Conservatives,2017,E14000816,Mid Norfol,32.51602564102564,22.20452724358974,56,Female,5,1.1748048212749547
Labour,2017,E14000816,Mid Norfol,32.51602564102564,22.20452724358974,70,Female,7,0.4164537973434487
Labour,2017,E14000816,Mid Norfol,32.51602564102564,22.20452724358974,73,Male,0,0.32296740765159243
Labour,2017,E14000816,Mid Norfol,32.51602564102564,22.20452724358974,82,Female,3,
Conservatives,2017,E14000816,Mid Norfol,32.51602564102564,22.20452724358974,21,Female,,
Conservatives,2017,E14000816,Mid Norfol,32.51602564102564,22.20452724358974,47,Male,8,0.9380738332830706
Labour,2017,E14000816,Mid Norfol,32.51602564102564,22.20452724358974,55,Female,,0.4061205075706844
Conservatives,2017,E14000816,Mid Norfol,32.51602564102564,22.20452724358974,63,Female,5,0.9303437048034474
Conservatives,2017,E14000842,North East,33.98501459386345,19.74887876414893,85,Female,5,0.5223930278908095
Conservatives,2017,E14000842,North East,33.98501459386345,19.74887876414893,57,Male,4,1.285735855538153
Conservatives,2017,E14000842,North East,33.98501459386345,19.74887876414893,76,Female,7,0.42898596727506705
Labour,2017,E14000842,North East,33.98501459386345,19.74887876414893,67,Female,5,0.4164537973434487
Conservatives,2017,E14000842,North East,33.98501459386345,19.74887876414893,44,Male,8,1.1019784481638093
Conservatives,2017,E14000842,North East,33.98501459386345,19.74887876414893,47,Female,,1.59655754660914
Conservatives,2017,E14000845,North East,33.94727452091598,17.72348508700124,38,Female,7,0.4007905673058766
Conservatives,2017,E14000845,North East,33.94727452091598,17.72348508700124,81,Male,7,0.5717200291308294
Conservatives,2017,E14000845,North East,33.94727452091598,17.72348508700124,61,Male,5,0.857157237025435
Conservatives,2017,E14000845,North East,33.94727452091598,17.72348508700124,63,Male,5,0.857157237025435
Conservatives,2017,E14000845,North East,33.94727452091598,17.72348508700124,64,Female,7,0.7832032141833033
Conservatives,2017,E14000845,North East,33.94727452091598,17.72348508700124,60,Female,5,0.9303437048034474
Conservatives,2017,E14000845,North East,33.94727452091598,17.72348508700124,85,Female,7,0.8579719345501341
Labour,2017,E14000864,Norwich So,43.10644460535843,15.53429192096824,71,Female,3,0.8329075946868973
Conservatives,2017,E14000864,Norwich So,43.10644460535843,15.53429192096824,23,Female,,2.304255804787531
Conservatives,2017,E14000864,Norwich So,43.10644460535843,15.53429192096824,83,Male,5,1.1434400582616588
Conservatives,2017,E14000864,Norwich So,43.10644460535843,15.53429192096824,52,Male,6,1.747312613917988
Conservatives,2017,E14000864,Norwich So,43.10644460535843,15.53429192096824,24,Female,,1.7281918535906475
Conservatives,2017,E14000864,Norwich So,43.10644460535843,15.53429192096824,45,Male,6,0.4690369166415353
Conservatives,2017,E14000864,Norwich So,43.10644460535843,15.53429192096824,80,Male,6,0.5717200291308294
Labour,2017,E14000864,Norwich So,43.10644460535843,15.53429192096824,38,Female,2,0.43954016082197594
Conservatives,2017,E14000934,South Camb,34.67447430491681,16.77306546941452,81,Female,5,0.42898596727506705
Labour,2017,E14000934,South Camb,34.67447430491681,16.77306546941452,23,Female,3,0.5792219890450649
Conservatives,2017,E14000934,South Camb,34.67447430491681,16.77306546941452,80,Female,5,1.044786055781619
Labour,2017,E14000934,South Camb,34.67447430491681,16.77306546941452,25,Female,5,0.7647599592220995
Conservatives,2017,E14000934,South Camb,34.67447430491681,16.77306546941452,43,Female,5,1.006901680673803
Conservatives,2017,E14000934,South Camb,34.67447430491681,16.77306546941452,44,Male,5,0.8772704939828259
Labour,2017,E14000934,South Camb,34.67447430491681,16.77306546941452,75,Male,4,0.9982858043543933
Conservatives,2017,E14000934,South Camb,34.67447430491681,16.77306546941452,30,Female,,1.0482606542222168
Conservatives,2017,E14000934,South Camb,34.67447430491681,16.77306546941452,35,Female,4,0.8015811346117532
Conservatives,2017,E14000934,South Camb,34.67447430491681,16.77306546941452,32,Female,5,0.4379793684908832
Conservatives,2017,E14000934,South Camb,34.67447430491681,16.77306546941452,50,Female,4,2.142846171135903
Labour,2017,E14000934,South Camb,34.67447430491681,16.77306546941452,46,Female,3,0.4646273972704859
Labour,2017,E14000937,South East,34.88617255769783,16.67552426837662,69,Female,3,0.4164537973434487
Conservatives,2017,E14000937,South East,34.88617255769783,16.67552426837662,18,Male,7,1.8913765003100826
Conservatives,2017,E14000937,South East,34.88617255769783,16.67552426837662,36,Female,6,0.4007905673058766
Conservatives,2017,E14000937,South East,34.88617255769783,16.67552426837662,56,Male,6,1.527287219431709
Labour,2017,E14000937,South East,34.88617255769783,16.67552426837662,50,Female,2,0.9292547945409718
Conservatives,2017,E14000937,South East,34.88617255769783,16.67552426837662,79,Female,10,1.044786055781619
Conservatives,2017,E14000937,South East,34.88617255769783,16.67552426837662,46,Male,9,0.9380738332830706
Conservatives,2017,E14000946,South Suff,31.29087104368297,21.71614787688552,63,Male,6,1.0181914796211402
Labour,2017,E14000946,South Suff,31.29087104368297,21.71614787688552,59,Male,4,0.3741726099411827
Labour,2017,E14000946,South Suff,31.29087104368297,21.71614787688552,65,Male,4,0.9115549574241539
Labour,2017,E14000946,South Suff,31.29087104368297,21.71614787688552,24,Male,5,0.6339150692479742
Conservatives,2017,E14000946,South Suff,31.29087104368297,21.71614787688552,45,Female,5,1.064371697739427
Labour,2017,E14000946,South Suff,31.29087104368297,21.71614787688552,48,Female,2,0.37416441694587194
Conservatives,2017,E14000946,South Suff,31.29087104368297,21.71614787688552,59,Female,5,0.39160160709165165
Labour,2017,E14000946,South Suff,31.29087104368297,21.71614787688552,67,Female,5,0.4164537973434487
Conservatives,2017,E14000951,South West,34.38547512558281,17.05457273357453,75,Female,6,0.5223930278908095
Conservatives,2017,E14000951,South West,34.38547512558281,17.05457273357453,82,Female,8,0.5223930278908095
Conservatives,2017,E14000951,South West,34.38547512558281,17.05457273357453,60,Male,8,1.0181914796211402
Labour,2017,E14000951,South West,34.38547512558281,17.05457273357453,60,Male,3,1.4966904397647307
Labour,2017,E14000951,South West,34.38547512558281,17.05457273357453,42,Female,4,0.6998242382182539
Conservatives,2017,E14000951,South West,34.38547512558281,17.05457273357453,82,Female,7,1.286957901825201
Labour,2017,E14000951,South West,34.38547512558281,17.05457273357453,66,Female,3,0.5902046924948741
Labour,2017,E14000951,South West,34.38547512558281,17.05457273357453,31,Female,5,0.7647599592220995
Conservatives,2017,E14000981,Suffolk Co,29.18515673173148,25.28227885208285,56,Female,7,0.4651718524017237
Labour,2017,E14000981,Suffolk Co,29.18515673173148,25.28227885208285,57,Male,0,0.44446846726957207
Conservatives,2017,E14000981,Suffolk Co,29.18515673173148,25.28227885208285,84,Male,8,0.5717200291308294
Conservatives,2017,E14000981,Suffolk Co,29.18515673173148,25.28227885208285,90,Female,10,0.5223930278908095
Labour,2017,E14000981,Suffolk Co,29.18515673173148,25.28227885208285,72,Female,3,0.29510234624743703
Conservatives,2017,E14000981,Suffolk Co,29.18515673173148,25.28227885208285,65,Female,6,0.9540152774297761
Conservatives,2017,E14000981,Suffolk Co,29.18515673173148,25.28227885208285,66,Female,7,0.9540152774297761
Labour,2017,E14000981,Suffolk Co,29.18515673173148,25.28227885208285,59,Male,2,0.7483452198823654
Labour,2017,E14000981,Suffolk Co,29.18515673173148,25.28227885208285,55,Female,3,
Conservatives,2017,E14000981,Suffolk Co,29.18515673173148,25.28227885208285,82,Female,8,1.044786055781619
Labour,2017,E14000995,Thurrock,41.67304632058836,11.29499806459937,32,Male,1,0.8369724763170843
Conservatives,2017,E14000995,Thurrock,41.67304632058836,11.29499806459937,29,Male,5,0.5736213729616392
Labour,2017,E14000995,Thurrock,41.67304632058836,11.29499806459937,59,Male,,0.8889369345391441
Labour,2017,E14000995,Thurrock,41.67304632058836,11.29499806459937,30,Female,,0.38237997961104975
Labour,2017,E14001027,Welwyn Hat,42.50052204947131,14.89074928336845,42,Female,4,0.34991211910912695
Labour,2017,E14001027,Welwyn Hat,42.50052204947131,14.89074928336845,44,Female,2,0.6998242382182539
Conservatives,2017,E14001027,Welwyn Hat,42.50052204947131,14.89074928336845,74,Female,10,0.47700763871488805
Conservatives,2017,E14001027,Welwyn Hat,42.50052204947131,14.89074928336845,48,Male,6,0.5824375379726632
Conservatives,2017,E14001027,Welwyn Hat,42.50052204947131,14.89074928336845,74,Male,10,1.0440982422862919
Conservatives,2017,E14001027,Welwyn Hat,42.50052204947131,14.89074928336845,72,Male,3,1.0440982422862919
Conservatives,2017,E14001027,Welwyn Hat,42.50052204947131,14.89074928336845,58,Female,6,2.3258592620086183
Conservatives,2017,E14001027,Welwyn Hat,42.50052204947131,14.89074928336845,70,Female,1,0.6760225228376234
Labour,2017,E14000553,Bermondsey,47.23684418520099,6.930810451937212,19,Male,2,2.7136959891418075
Conservatives,2017,E14000553,Bermondsey,47.23684418520099,6.930810451937212,68,Female,7,0.5879336379131065
Labour,2017,E14000553,Bermondsey,47.23684418520099,6.930810451937212,28,Female,3,1.885202954682554
Labour,2017,E14000558,Bexleyheat,38.18299790547309,15.95027775248156,44,Male,6,1.1858167164546194
Conservatives,2017,E14000558,Bexleyheat,38.18299790547309,15.95027775248156,66,Male,7,1.286898632440914
Labour,2017,E14000591,Brent Cent,45.52379982246541,9.388233239715364,51,Female,5,1.1453488530593996
Labour,2017,E14000591,Brent Cent,45.52379982246541,9.388233239715364,23,Male,6,2.035271991856357
Labour,2017,E14000591,Brent Cent,45.52379982246541,9.388233239715364,64,Female,2,0.42139456779171613
Labour,2017,E14000591,Brent Cent,45.52379982246541,9.388233239715364,54,Female,1,0.5726744265296998
Labour,2017,E14000592,Brent Nort,43.03648703340494,11.99293297219887,82,Male,5,0.6152163581827887
Labour,2017,E14000592,Brent Nort,43.03648703340494,11.99293297219887,32,Male,4,1.5474100398894268
Labour,2017,E14000592,Brent Nort,43.03648703340494,11.99293297219887,47,Male,10,2.018884551924329
Labour,2017,E14000592,Brent Nort,43.03648703340494,11.99293297219887,,Female,,
Conservatives,2017,E14000592,Brent Nort,43.03648703340494,11.99293297219887,58,Female,7,2.2933819690949773
Conservatives,2017,E14000592,Brent Nort,43.03648703340494,11.99293297219887,71,Male,6,2.573797264881828
Labour,2017,E14000639,Cities of,37.6809090909091,11.94181818181818,51,Male,4,0.6267492526459908
Conservatives,2017,E14000639,Cities of,37.6809090909091,11.94181818181818,70,Female,7,0.8332285458444892
Labour,2017,E14000639,Cities of,37.6809090909091,11.94181818181818,32,Female,2,0.942601477341277
Labour,2017,E14000639,Cities of,37.6809090909091,11.94181818181818,46,Male,3,1.8802477579379713
Labour,2017,E14000639,Cities of,37.6809090909091,11.94181818181818,37,Female,5,1.0835065302400164
Conservatives,2017,E14000639,Cities of,37.6809090909091,11.94181818181818,50,Female,5,0.5282310984697359
Conservatives,2017,E14000639,Cities of,37.6809090909091,11.94181818181818,82,Male,7,
Conservatives,2017,E14000655,Croydon No,43.92255446767222,9.732880538649262,59,Male,5,0.6274836838237626
Conservatives,2017,E14000655,Croydon No,43.92255446767222,9.732880538649262,70,Female,6,0.5879336379131065
Conservatives,2017,E14000655,Croydon No,43.92255446767222,9.732880538649262,19,Female,7,1.4200501082550487
Conservatives,2017,E14000655,Croydon No,43.92255446767222,9.732880538649262,60,Female,8,0.5733454922737443
Labour,2017,E14000673,Dulwich an,41.3507987914096,8.67091241338134,67,Female,1,1.5398948123001144
Labour,2017,E14000673,Dulwich an,41.3507987914096,8.67091241338134,40,Male,2,0.9440130325149507
Labour,2017,E14000673,Dulwich an,41.3507987914096,8.67091241338134,83,Female,1,0.5621365699705435
Labour,2017,E14000673,Dulwich an,41.3507987914096,8.67091241338134,62,Male,2,2.191310509018108
Labour,2017,E14000676,"Ealing, So",43.33643132168353,10.35204722559824,24,Female,,0.713917479594235
Labour,2017,E14000676,"Ealing, So",43.33643132168353,10.35204722559824,36,Female,3,2.167013060480033
Labour,2017,E14000676,"Ealing, So",43.33643132168353,10.35204722559824,58,Female,5,1.501686061613779
Labour,2017,E14000676,"Ealing, So",43.33643132168353,10.35204722559824,33,Female,4,0.5640060425181663
Labour,2017,E14000676,"Ealing, So",43.33643132168353,10.35204722559824,57,Male,0,2.191310509018108
Labour,2017,E14000676,"Ealing, So",43.33643132168353,10.35204722559824,43,Male,10,1.8880260650299014
Labour,2017,E14000676,"Ealing, So",43.33643132168353,10.35204722559824,65,Female,3,1.4549083235092728
Conservatives,2017,E14000676,"Ealing, So",43.33643132168353,10.35204722559824,36,Male,4,0.5406379176135532
Conservatives,2017,E14000676,"Ealing, So",43.33643132168353,10.35204722559824,75,Male,7,2.8186838894258086
Labour,2017,E14000687,Edmonton,46.2827617594303,10.41861876333003,89,Female,4,0.9232462430946033
Labour,2017,E14000687,Edmonton,46.2827617594303,10.41861876333003,89,Male,0,1.2304327163655775
Labour,2017,E14000687,Edmonton,46.2827617594303,10.41861876333003,23,Male,3,0.7813291916980522
Labour,2017,E14000703,Finchley a,40.71040063677368,13.65000663305917,61,Female,3,1.2641837033751484
Labour,2017,E14000703,Finchley a,40.71040063677368,13.65000663305917,78,Male,5,1.0104238395526675
Labour,2017,E14000703,Finchley a,40.71040063677368,13.65000663305917,29,Male,3,1.0316066932596182
Labour,2017,E14000703,Finchley a,40.71040063677368,13.65000663305917,80,Female,2,0.4616231215473017
Labour,2017,E14000703,Finchley a,40.71040063677368,13.65000663305917,43,Female,0,1.0835065302400164
Labour,2017,E14000703,Finchley a,40.71040063677368,13.65000663305917,21,Male,4,1.3568479945709038
Labour,2017,E14000703,Finchley a,40.71040063677368,13.65000663305917,20,Female,3,1.8596722945382436
Conservatives,2017,E14000703,Finchley a,40.71040063677368,13.65000663305917,64,Male,5,1.2549673676475253
Labour,2017,E14000703,Finchley a,40.71040063677368,13.65000663305917,80,Male,2,0.5052119197763337
Labour,2017,E14000720,Hackney No,48.08647567871536,6.858227373551188,57,Male,2,0.9223695635685634
Conservatives,2017,E14000720,Hackney No,48.08647567871536,6.858227373551188,47,Male,5,1.1562187199330365
Labour,2017,E14000720,Hackney No,48.08647567871536,6.858227373551188,19,Male,3,1.3568479945709038
Labour,2017,E14000726,Hammersmit,43.42332284583375,8.693629689772997,31,Male,1,0.5158033466298091
Labour,2017,E14000726,Hammersmit,43.42332284583375,8.693629689772997,27,Male,5,0.5158033466298091
Labour,2017,E14000726,Hammersmit,43.42332284583375,8.693629689772997,33,Female,4,0.4713007386706385
Labour,2017,E14000726,Hammersmit,43.42332284583375,8.693629689772997,40,Female,4,0.4312826219973321
Labour,2017,E14000726,Hammersmit,43.42332284583375,8.693629689772997,31,Female,2,0.942601477341277
Conservatives,2017,E14000726,Hammersmit,43.42332284583375,8.693629689772997,29,Female,6,1.0796590349851465
Conservatives,2017,E14000726,Hammersmit,43.42332284583375,8.693629689772997,71,Female,5,0.8332285458444892
Conservatives,2017,E14000726,Hammersmit,43.42332284583375,8.693629689772997,40,Female,5,0.49399262643306374
Labour,2017,E14000727,Hampstead,39.19562424512843,11.03862634530614,,Male,5,
Conservatives,2017,E14000727,Hampstead,39.19562424512843,11.03862634530614,51,Male,5,0.5781093599665182
Conservatives,2017,E14000727,Hampstead,39.19562424512843,11.03862634530614,80,Male,7,0.5786715031544796
Conservatives,2017,E14000727,Hampstead,39.19562424512843,11.03862634530614,73,Female,7,0.5879336379131065
Conservatives,2017,E14000727,Hampstead,39.19562424512843,11.03862634530614,61,Female,5,0.4826668144985988
Labour,2017,E14000731,Harrow Eas,40.21935023756517,14.7714459189869,64,Male,3,1.095655254509054
Labour,2017,E14000731,Harrow Eas,40.21935023756517,14.7714459189869,34,Female,5,0.942601477341277
Labour,2017,E14000731,Harrow Eas,40.21935023756517,14.7714459189869,80,Female,5,1.124273139941087
Labour,2017,E14000731,Harrow Eas,40.21935023756517,14.7714459189869,57,Male,2,1.3835543453528454
Labour,2017,E14000741,Hendon,44.40208392229717,11.60050078752877,36,Female,,1.0835065302400164
Labour,2017,E14000741,Hendon,44.40208392229717,11.60050078752877,39,Female,1,0.8625652439946642
Labour,2017,E14000741,Hendon,44.40208392229717,11.60050078752877,40,Female,4,0.4312826219973321
Conservatives,2017,E14000741,Hendon,44.40208392229717,11.60050078752877,54,Female,3,2.623773179103006
Labour,2017,E14000741,Hendon,44.40208392229717,11.60050078752877,62,Female,,1.0011240410758528
Labour,2017,E14000741,Hendon,44.40208392229717,11.60050078752877,85,Female,,0.5621365699705435
Labour,2017,E14000741,Hendon,44.40208392229717,11.60050078752877,52,Male,5,2.018884551924329
Labour,2017,E14000759,Ilford Nor,40.29964226184094,13.51996802776126,48,Female,0,0.5726744265296998
Conservatives,2017,E14000759,Ilford Nor,40.29964226184094,13.51996802776126,48,Female,5,0.6559432947757515
Labour,2017,E14000759,Ilford Nor,40.29964226184094,13.51996802776126,59,Female,4,0.5005620205379264
Labour,2017,E14000763,Islington,43.63045936464061,8.59484483275184,33,Male,3,1.0316066932596182
Labour,2017,E14000763,Islington,43.63045936464061,8.59484483275184,76,Male,0,1.5156357593290009
Labour,2017,E14000763,Islington,43.63045936464061,8.59484483275184,32,Female,5,0.942601477341277
Labour,2017,E14000763,Islington,43.63045936464061,8.59484483275184,46,Female,2,0.5726744265296998
Labour,2017,E14000790,Leyton and,44.86144572531027,9.435320541739056,78,Male,5,1.0104238395526675
Labour,2017,E14000790,Leyton and,44.86144572531027,9.435320541739056,29,Female,2,0.4713007386706385
Labour,2017,E14000790,Leyton and,44.86144572531027,9.435320541739056,60,Female,2,2.502810102689632
Labour,2017,E14000882,Poplar and,51.24237834479009,5.475164084042099,,Female,4,
Conservatives,2017,E14000882,Poplar and,51.24237834479009,5.475164084042099,26,Male,,0.5908029605843929
Labour,2017,E14000887,Putney,42.34549659514326,10.08394363784316,65,Female,3,0.3637270808773182
Conservatives,2017,E14000887,Putney,42.34549659514326,10.08394363784316,73,Female,7,1.175867275826213
Conservatives,2017,E14000887,Putney,42.34549659514326,10.08394363784316,25,Male,3,2.3632118423375714
Labour,2017,E14000887,Putney,42.34549659514326,10.08394363784316,41,Male,2,0.5929083582273097
Conservatives,2017,E14000887,Putney,42.34549659514326,10.08394363784316,63,Female,6,0.9653336289971975
Conservatives,2017,E14000900,Romford,37.51225311281206,16.27839072309008,54,Female,4,1.0564621969394719
Labour,2017,E14000900,Romford,37.51225311281206,16.27839072309008,41,Female,,1.0835065302400164
Conservatives,2017,E14000900,Romford,37.51225311281206,16.27839072309008,39,Female,5,1.2410521763011182
Labour,2017,E14000978,Streatham,44.06411348504077,7.925525441997113,,Male,2,
Labour,2017,E14000978,Streatham,44.06411348504077,7.925525441997113,74,Male,0,
Labour,2017,E14000978,Streatham,44.06411348504077,7.925525441997113,27,Female,5,0.4713007386706385
Labour,2017,E14000978,Streatham,44.06411348504077,7.925525441997113,39,Female,3,0.5417532651200082
Labour,2017,E14000978,Streatham,44.06411348504077,7.925525441997113,29,Male,4,0.5158033466298091
Labour,2017,E14000978,Streatham,44.06411348504077,7.925525441997113,52,Female,2,0.4611746835444475
Labour,2017,E14000978,Streatham,44.06411348504077,7.925525441997113,37,Male,3,0.47200651625747536
Labour,2017,E14000978,Streatham,44.06411348504077,7.925525441997113,31,Male,,1.0316066932596182
Labour,2017,E14000978,Streatham,44.06411348504077,7.925525441997113,44,Female,4,0.4312826219973321
Conservatives,2017,E14000984,Sutton and,35.60491014932929,15.54247869737619,53,Female,7,1.0564621969394719
Labour,2017,E14000984,Sutton and,35.60491014932929,15.54247869737619,50,Male,,1.2534985052919816
Labour,2017,E14000984,Sutton and,35.60491014932929,15.54247869737619,87,Female,5,0.4616231215473017
Labour,2017,E14000998,Tooting,43.11628777247638,8.491907568528394,62,Male,6,0.547827627254527
Labour,2017,E14000998,Tooting,43.11628777247638,8.491907568528394,29,Female,,0.5640060425181663
Conservatives,2017,E14000998,Tooting,43.11628777247638,8.491907568528394,69,Female,7,0.5879336379131065
Conservatives,2017,E14000998,Tooting,43.11628777247638,8.491907568528394,23,Male,5,0.8949371939176608
Labour,2017,E14000998,Tooting,43.11628777247638,8.491907568528394,33,Female,2,0.5640060425181663
Labour,2017,E14000998,Tooting,43.11628777247638,8.491907568528394,59,Female,0,1.0011240410758528
Conservatives,2017,E14000998,Tooting,43.11628777247638,8.491907568528394,47,Female,7,1.0564621969394719
Conservatives,2017,E14000998,Tooting,43.11628777247638,8.491907568528394,29,Female,7,1.0796590349851465
Labour,2017,E14000998,Tooting,43.11628777247638,8.491907568528394,22,Female,2,1.8596722945382436
Labour,2017,E14000998,Tooting,43.11628777247638,8.491907568528394,33,Male,0,0.6172623558173692
Labour,2017,E14001013,Walthamsto,45.24235370248869,8.168034297115842,54,Male,5,3.1337462632299515
Labour,2017,E14001013,Walthamsto,45.24235370248869,8.168034297115842,47,Male,7,0.6267492526459908
Labour,2017,E14001013,Walthamsto,45.24235370248869,8.168034297115842,37,Female,0,0.8625652439946642
Labour,2017,E14001013,Walthamsto,45.24235370248869,8.168034297115842,63,Female,3,1.0011240410758528
Labour,2017,E14001013,Walthamsto,45.24235370248869,8.168034297115842,38,Male,4,0.9440130325149507
Labour,2017,E14001013,Walthamsto,45.24235370248869,8.168034297115842,48,Male,3,1.0094422759621644
Labour,2017,E14001013,Walthamsto,45.24235370248869,8.168034297115842,28,Female,4,0.942601477341277
Labour,2017,E14001032,West Ham,51.0484248333776,6.824878906299403,71,Female,2,1.0265965415334104
Labour,2017,E14001032,West Ham,51.0484248333776,6.824878906299403,24,Male,2,1.1719937875470778
Conservatives,2017,E14001040,Wimbledon,37.14819233362726,12.31910368795062,71,Male,6,0.45595310720955995
Conservatives,2017,E14000554,Berwick-up,29.59137853614728,22.13344251036742,67,Female,7,0.9113389193124729
Labour,2017,E14000554,Berwick-up,29.59137853614728,22.13344251036742,68,Female,0,0.5638028230329062
Conservatives,2017,E14000554,Berwick-up,29.59137853614728,22.13344251036742,75,Male,7,0.4484909761190345
Conservatives,2017,E14000554,Berwick-up,29.59137853614728,22.13344251036742,58,Female,5,1.7774525137772665
Conservatives,2017,E14000554,Berwick-up,29.59137853614728,22.13344251036742,83,Male,5,0.5461450417241752
Conservatives,2017,E14000554,Berwick-up,29.59137853614728,22.13344251036742,85,Female,8,0.8195919228252673
Conservatives,2017,E14000554,Berwick-up,29.59137853614728,22.13344251036742,57,Male,5,0.8188136695003037
Conservatives,2017,E14000554,Berwick-up,29.59137853614728,22.13344251036742,70,Female,7,0.9113389193124729
Labour,2017,E14000574,Blaydon,32.59591531586639,19.81287026653527,75,Female,5,1.3070274461622766
Labour,2017,E14000574,Blaydon,32.59591531586639,19.81287026653527,22,Female,7,0.9608747370398023
Labour,2017,E14000574,Blaydon,32.59591531586639,19.81287026653527,69,Female,3,0.3978243981973244
Labour,2017,E14000574,Blaydon,32.59591531586639,19.81287026653527,36,Female,3,0.33425935624675773
Labour,2017,E14000574,Blaydon,32.59591531586639,19.81287026653527,49,Male,4,0.7823536310569507
Labour,2017,E14000574,Blaydon,32.59591531586639,19.81287026653527,69,Male,8,0.9255599209752235
Conservatives,2017,E14000574,Blaydon,32.59591531586639,19.81287026653527,85,Male,9,1.0922900834483504
Conservatives,2017,E14000574,Blaydon,32.59591531586639,19.81287026653527,84,Female,4,0.8195919228252673
Conservatives,2017,E14000574,Blaydon,32.59591531586639,19.81287026653527,34,Male,7,1.3736798600350706
Labour,2017,E14000574,Blaydon,32.59591531586639,19.81287026653527,70,Male,3,0.43538899714004087
Conservatives,2017,E14000575,Blyth Vall,34.54133910969406,17.12098717355855,72,Male,10,0.9973921658201981
Labour,2017,E14000575,Blyth Vall,34.54133910969406,17.12098717355855,30,Male,4,0.9568005162616886
Labour,2017,E14000575,Blyth Vall,34.54133910969406,17.12098717355855,55,Male,5,0.4245858763616491
Labour,2017,E14000575,Blyth Vall,34.54133910969406,17.12098717355855,76,Male,5,0.47681453726629813
Conservatives,2017,E14000575,Blyth Vall,34.54133910969406,17.12098717355855,69,Female,7,0.45566945965623645
Conservatives,2017,E14000575,Blyth Vall,34.54133910969406,17.12098717355855,70,Male,5,0.9973921658201981
Labour,2017,E14000575,Blyth Vall,34.54133910969406,17.12098717355855,54,Female,4,0.8876860572971695
Conservatives,2017,E14000658,Darlington,36.81153395976678,17.18279969808679,20,Male,8,1.2045125178354228
Conservatives,2017,E14000658,Darlington,36.81153395976678,17.18279969808679,90,Female,8,0.49902460553565325
Labour,2017,E14000658,Darlington,36.81153395976678,17.18279969808679,26,Male,5,1.4352007743925328
Labour,2017,E14000658,Darlington,36.81153395976678,17.18279969808679,56,Female,4,0.775906703459147
Labour,2017,E14000658,Darlington,36.81153395976678,17.18279969808679,45,Male,3,0.9715058805169359
Labour,2017,E14000658,Darlington,36.81153395976678,17.18279969808679,61,Female,1,0.775906703459147
Conservatives,2017,E14000658,Darlington,36.81153395976678,17.18279969808679,57,Female,5,0.3740839312022475
Labour,2017,E14000709,Gateshead,38.66738619770173,15.53552155418704,31,Female,,0.8742494460746901
Labour,2017,E14000709,Gateshead,38.66738619770173,15.53552155418704,46,Male,3,0.48575294025846794
Labour,2017,E14000709,Gateshead,38.66738619770173,15.53552155418704,44,Female,5,0.4198780298750672
Labour,2017,E14000709,Gateshead,38.66738619770173,15.53552155418704,57,Male,6,0.7148691851116091
Labour,2017,E14000709,Gateshead,38.66738619770173,15.53552155418704,36,Male,4,0.9190500893198918
Conservatives,2017,E14000746,Hexham,29.71299648460045,21.9948580723018,73,Female,5,
Conservatives,2017,E14000746,Hexham,29.71299648460045,21.9948580723018,86,Female,,0.49902460553565325
Labour,2017,E14000746,Hexham,29.71299648460045,21.9948580723018,46,Male,5,0.7823536310569507
Conservatives,2017,E14000746,Hexham,29.71299648460045,21.9948580723018,89,Female,6,0.40979596141263364
Labour,2017,E14000746,Hexham,29.71299648460045,21.9948580723018,27,Male,5,0.7995318420015995
Labour,2017,E14000746,Hexham,29.71299648460045,21.9948580723018,38,Female,4,0.6685187124935155
Labour,2017,E14000746,Hexham,29.71299648460045,21.9948580723018,69,Female,3,
Conservatives,2017,E14000746,Hexham,29.71299648460045,21.9948580723018,90,Female,5,0.49902460553565325
Conservatives,2017,E14000746,Hexham,29.71299648460045,21.9948580723018,62,Female,7,0.748167862404495
Conservatives,2017,E14000746,Hexham,29.71299648460045,21.9948580723018,88,Male,8,0.4484909761190345
Labour,2017,E14000754,Houghton a,34.2107077998207,18.44095538033609,68,Female,3,0.7956487963946488
Labour,2017,E14000754,Houghton a,34.2107077998207,18.44095538033609,22,Female,,0.9608747370398023
Labour,2017,E14000754,Houghton a,34.2107077998207,18.44095538033609,52,Female,,0.3574267660611256
Labour,2017,E14000765,Jarrow,34.63007446552967,17.82969012731204,36,Female,,0.4198780298750672
Labour,2017,E14000765,Jarrow,34.63007446552967,17.82969012731204,91,Female,,0.43567581538742556
Labour,2017,E14000765,Jarrow,34.63007446552967,17.82969012731204,22,Male,4,1.0516054068897323
Labour,2017,E14000765,Jarrow,34.63007446552967,17.82969012731204,69,Male,,0.43538899714004087
Labour,2017,E14000765,Jarrow,34.63007446552967,17.82969012731204,52,Male,1,1.1735304465854262
Labour,2017,E14000765,Jarrow,34.63007446552967,17.82969012731204,58,Female,,1.1638600551887208
Labour,2017,E14000765,Jarrow,34.63007446552967,17.82969012731204,68,Male,1,0.8707779942800817
Conservatives,2017,E14000833,Newcastle,35.67963034270312,18.05159799768964,58,Female,6,0.8887262568886333
Labour,2017,E14000833,Newcastle,35.67963034270312,18.05159799768964,82,Female,,0.43567581538742556
Labour,2017,E14000833,Newcastle,35.67963034270312,18.05159799768964,54,Male,5,0.48575294025846794
Conservatives,2017,E14000833,Newcastle,35.67963034270312,18.05159799768964,72,Female,5,0.45566945965623645
Labour,2017,E14000833,Newcastle,35.67963034270312,18.05159799768964,69,Male,,0.43538899714004087
Conservatives,2017,E14000833,Newcastle,35.67963034270312,18.05159799768964,82,Female,7,0.9980492110713065
Labour,2017,E14000982,Sunderland,37.40101116283726,17.19877859538469,31,Female,4,0.43712472303734506
Labour,2017,E14000982,Sunderland,37.40101116283726,17.19877859538469,31,Female,1,0.36527481857973754
Labour,2017,E14000982,Sunderland,37.40101116283726,17.19877859538469,52,Female,1,0.44384302864858477
Labour,2017,E14000982,Sunderland,37.40101116283726,17.19877859538469,24,Female,5,0.48043736851990115
Labour,2017,E14000982,Sunderland,37.40101116283726,17.19877859538469,42,Female,4,0.33425935624675773
Labour,2017,E14000982,Sunderland,37.40101116283726,17.19877859538469,79,Female,5,0.35777432144709603
Labour,2017,E14000982,Sunderland,37.40101116283726,17.19877859538469,52,Male,5,1.457258820775403
Conservatives,2017,E14000982,Sunderland,37.40101116283726,17.19877859538469,82,Female,8,0.40979596141263364
Conservatives,2017,E14000532,Altrincham,34.68128500584941,17.18897205743806,80,Male,7,0.5459743345103714
Conservatives,2017,E14000532,Altrincham,34.68128500584941,17.18897205743806,70,Female,8,0.9110540643456395
Conservatives,2017,E14000532,Altrincham,34.68128500584941,17.18897205743806,78,Female,8,0.997737253281627
Conservatives,2017,E14000532,Altrincham,34.68128500584941,17.18897205743806,76,Male,5,0.8967015847931584
Labour,2017,E14000532,Altrincham,34.68128500584941,17.18897205743806,32,Female,8,0.7303212910543618
Labour,2017,E14000532,Altrincham,34.68128500584941,17.18897205743806,33,Male,4,0.799281934298209
Conservatives,2017,E14000532,Altrincham,34.68128500584941,17.18897205743806,47,Female,9,1.0164409146701026
Labour,2017,E14000532,Altrincham,34.68128500584941,17.18897205743806,56,Female,3,0.32649367966300796
Labour,2017,E14000532,Altrincham,34.68128500584941,17.18897205743806,36,Male,5,0.7314149545183104
Labour,2017,E14000559,Birkenhead,38.46517597784233,15.69614267378234,40,Female,5,0.6683097552421143
Labour,2017,E14000559,Birkenhead,38.46517597784233,15.69614267378234,66,Female,5,0.3977000512026413
Labour,2017,E14000559,Birkenhead,38.46517597784233,15.69614267378234,74,Female,5,0.5636265965697842
Labour,2017,E14000559,Birkenhead,38.46517597784233,15.69614267378234,55,Male,3,1.0719686103102977
Labour,2017,E14000559,Birkenhead,38.46517597784233,15.69614267378234,84,Female,7,0.8710792745365463
Labour,2017,E14000559,Birkenhead,38.46517597784233,15.69614267378234,66,Male,1,
Labour,2017,E14000559,Birkenhead,38.46517597784233,15.69614267378234,33,Male,2,0.9565014514751965
Labour,2017,E14000570,Blackburn,44.92754974544506,12.37248941685471,34,Female,0,0.3651606455271809
Labour,2017,E14000570,Blackburn,44.92754974544506,12.37248941685471,21,Male,5,1.5769150637572702
Labour,2017,E14000570,Blackburn,44.92754974544506,12.37248941685471,22,Male,5,0.3026843038846543
Labour,2017,E14000570,Blackburn,44.92754974544506,12.37248941685471,22,Male,5,1.5769150637572702
Labour,2017,E14000570,Blackburn,44.92754974544506,12.37248941685471,55,Female,5,1.3059747186520319
Labour,2017,E14000570,Blackburn,44.92754974544506,12.37248941685471,24,Female,3,0.2765692330942338
Labour,2017,E14000570,Blackburn,44.92754974544506,12.37248941685471,41,Male,5,0.9187628240915958
Labour,2017,E14000570,Blackburn,44.92754974544506,12.37248941685471,61,Male,2,0.7146457402068651
Labour,2017,E14000570,Blackburn,44.92754974544506,12.37248941685471,39,Male,5,0.7314149545183104
Conservatives,2017,E14000570,Blackburn,44.92754974544506,12.37248941685471,95,Female,8,
Labour,2017,E14000570,Blackburn,44.92754974544506,12.37248941685471,32,Female,4,0.7303212910543618
Labour,2017,E14000579,Bolton Sou,42.24399736601571,13.80876094626869,69,Female,3,0.3977000512026413
Labour,2017,E14000579,Bolton Sou,42.24399736601571,13.80876094626869,50,Female,4,0.4437042977236504
Labour,2017,E14000579,Bolton Sou,42.24399736601571,13.80876094626869,59,Male,3,0.8489063291949792
Labour,2017,E14000579,Bolton Sou,42.24399736601571,13.80876094626869,39,Female,3,0.4197467896309169
Labour,2017,E14000579,Bolton Sou,42.24399736601571,13.80876094626869,33,Female,3,0.873976184073377
Conservatives,2017,E14000579,Bolton Sou,42.24399736601571,13.80876094626869,54,Male,5,1.1124184250529912
Conservatives,2017,E14000579,Bolton Sou,42.24399736601571,13.80876094626869,65,Male,2,1.4956206201023068
Labour,2017,E14000579,Bolton Sou,42.24399736601571,13.80876094626869,47,Male,5,1.4568033289663038
Labour,2017,E14000609,Burnley,37.81228821833469,16.23496709128293,60,Male,4,1.273359493792468
Labour,2017,E14000609,Burnley,37.81228821833469,16.23496709128293,60,Female,5,0.7756641802072634
Labour,2017,E14000609,Burnley,37.81228821833469,16.23496709128293,41,Male,5,1.0971224317774655
Labour,2017,E14000609,Burnley,37.81228821833469,16.23496709128293,22,Female,4,0.48028719939206593
Labour,2017,E14000609,Burnley,37.81228821833469,16.23496709128293,31,Male,3,0.799281934298209
Labour,2017,E14000609,Burnley,37.81228821833469,16.23496709128293,57,Female,3,0.6529873593260159
Conservatives,2017,E14000611,Bury North,36.44545850627163,16.31199981655163,67,Female,10,0.45552703217281976
Labour,2017,E14000611,Bury North,36.44545850627163,16.31199981655163,69,Female,2,0.3977000512026413
Conservatives,2017,E14000611,Bury North,36.44545850627163,16.31199981655163,80,Female,8,0.4096678724958508
Labour,2017,E14000611,Bury North,36.44545850627163,16.31199981655163,47,Female,4,0.7146300921101238
Labour,2017,E14000611,Bury North,36.44545850627163,16.31199981655163,42,Female,2,0.6683097552421143
Labour,2017,E14000611,Bury North,36.44545850627163,16.31199981655163,34,Male,4,0.799281934298209
Conservatives,2017,E14000637,Chorley,34.69430750431889,16.73829688619222,48,Female,7,0.8185398115386296
Labour,2017,E14000637,Chorley,34.69430750431889,16.73829688619222,78,Male,4,0.4766655005179266
Labour,2017,E14000637,Chorley,34.69430750431889,16.73829688619222,26,Male,2,0.9565014514751965
Labour,2017,E14000637,Chorley,34.69430750431889,16.73829688619222,70,Male,4,0.8705058173419263
Conservatives,2017,E14000637,Chorley,34.69430750431889,16.73829688619222,37,Male,3,1.0523541580232598
Conservatives,2017,E14000637,Chorley,34.69430750431889,16.73829688619222,34,Male,5,0.9155003281975834
Labour,2017,E14000637,Chorley,34.69430750431889,16.73829688619222,35,Male,5,0.7314149545183104
Conservatives,2017,E14000637,Chorley,34.69430750431889,16.73829688619222,46,Male,5,0.8958304952634724
Conservatives,2017,E14000637,Chorley,34.69430750431889,16.73829688619222,57,Male,4,0.9723402839942689
Conservatives,2017,E14000637,Chorley,34.69430750431889,16.73829688619222,79,Female,3,0.997737253281627
Conservatives,2017,E14000637,Chorley,34.69430750431889,16.73829688619222,76,Male,3,1.0919486690207427
Labour,2017,E14000637,Chorley,34.69430750431889,16.73829688619222,33,Female,3,0.7303212910543618
Conservatives,2017,E14000637,Chorley,34.69430750431889,16.73829688619222,65,Female,5,0.9110540643456395
Labour,2017,E14000640,City of Ch,36.85359427926232,17.8848325178773,28,Female,,1.3109642761100653
Labour,2017,E14000640,City of Ch,36.85359427926232,17.8848325178773,33,Female,,0.4369880920366885
Labour,2017,E14000640,City of Ch,36.85359427926232,17.8848325178773,44,Male,5,0.7314149545183104
Conservatives,2017,E14000640,City of Ch,36.85359427926232,17.8848325178773,43,Female,5,0.9615588872389392
Labour,2017,E14000640,City of Ch,36.85359427926232,17.8848325178773,68,Female,6,0.5636265965697842
Labour,2017,E14000640,City of Ch,36.85359427926232,17.8848325178773,42,Female,3,0.33415487762105717
Conservatives,2017,E14000640,City of Ch,36.85359427926232,17.8848325178773,75,Female,8,0.4988686266408135
Labour,2017,E14000640,City of Ch,36.85359427926232,17.8848325178773,56,Female,5,0.6529873593260159
Labour,2017,E14000640,City of Ch,36.85359427926232,17.8848325178773,49,Male,3,0.39105454635237413
Labour,2017,E14000688,Ellesmere,33.98225812018915,18.58180019099559,28,Male,3,0.799281934298209
Conservatives,2017,E14000688,Ellesmere,33.98225812018915,18.58180019099559,63,Male,5,0.9723402839942689
Labour,2017,E14000688,Ellesmere,33.98225812018915,18.58180019099559,66,Female,1,0.7954001024052826
Labour,2017,E14000688,Ellesmere,33.98225812018915,18.58180019099559,82,Male,5,0.4766655005179266
Labour,2017,E14000688,Ellesmere,33.98225812018915,18.58180019099559,35,Female,5,0.8394935792618338
Labour,2017,E14000688,Ellesmere,33.98225812018915,18.58180019099559,62,Male,4,0.8489063291949792
Conservatives,2017,E14000688,Ellesmere,33.98225812018915,18.58180019099559,64,Female,6,0.8884484699061341
Conservatives,2017,E14000747,Heywood an,37.11956417117447,16.00573661616648,67,Female,5,0.9110540643456395
Labour,2017,E14000747,Heywood an,37.11956417117447,16.00573661616648,73,Female,5,0.7954001024052826
Labour,2017,E14000747,Heywood an,37.11956417117447,16.00573661616648,42,Female,,0.8394935792618338
Labour,2017,E14000794,"Liverpool,",39.43140754930559,14.55004571378815,34,Female,2,0.7303212910543618
Labour,2017,E14000794,"Liverpool,",39.43140754930559,14.55004571378815,29,Female,2,0.3651606455271809
Labour,2017,E14000794,"Liverpool,",39.43140754930559,14.55004571378815,22,Female,0,0.9605743987841319
Labour,2017,E14000794,"Liverpool,",39.43140754930559,14.55004571378815,71,Female,5,0.3977000512026413
Labour,2017,E14000794,"Liverpool,",39.43140754930559,14.55004571378815,50,Female,,1.3311128931709515
Labour,2017,E14000794,"Liverpool,",39.43140754930559,14.55004571378815,25,Female,,0.873976184073377
Labour,2017,E14000794,"Liverpool,",39.43140754930559,14.55004571378815,37,Male,5,0.7314149545183104
Labour,2017,E14000794,"Liverpool,",39.43140754930559,14.55004571378815,63,Female,5,0.3878320901036317
Labour,2017,E14000796,"Liverpool,",38.97853916078509,14.95631620221567,30,Male,3,0.9565014514751965
Labour,2017,E14000796,"Liverpool,",38.97853916078509,14.95631620221567,54,Male,3,1.1731636390571218
Conservatives,2017,E14000796,"Liverpool,",38.97853916078509,14.95631620221567,86,Female,7,0.8193357449917016
Conservatives,2017,E14000796,"Liverpool,",38.97853916078509,14.95631620221567,70,Male,5,0.9970804134015376
Labour,2017,E14000796,"Liverpool,",38.97853916078509,14.95631620221567,45,Male,3,0.7821090927047483
Labour,2017,E14000796,"Liverpool,",38.97853916078509,14.95631620221567,69,Female,,0.3977000512026413
Labour,2017,E14000796,"Liverpool,",38.97853916078509,14.95631620221567,58,Female,5,0.6529873593260159
Labour,2017,E14000796,"Liverpool,",38.97853916078509,14.95631620221567,76,Male,1,0.9533310010358532
Labour,2017,E14000796,"Liverpool,",38.97853916078509,14.95631620221567,70,Male,3,0.3084235403282804
Labour,2017,E14000796,"Liverpool,",38.97853916078509,14.95631620221567,66,Male,5,0.6168470806565608
Conservatives,2017,E14000796,"Liverpool,",38.97853916078509,14.95631620221567,75,Female,6,0.997737253281627
Labour,2017,E14000796,"Liverpool,",38.97853916078509,14.95631620221567,74,Male,5,0.8705058173419263
Labour,2017,E14000805,Makerfield,35.65609661717684,16.45485835319036,45,Female,1,0.8874085954473008
Labour,2017,E14000805,Makerfield,35.65609661717684,16.45485835319036,77,Female,5,0.8710792745365463
Labour,2017,E14000805,Makerfield,35.65609661717684,16.45485835319036,56,Female,10,1.5513283604145267
Conservatives,2017,E14000805,Makerfield,35.65609661717684,16.45485835319036,42,Female,,0.4807794436194696
Labour,2017,E14000805,Makerfield,35.65609661717684,16.45485835319036,84,Male,5,0.39143480078964166
Conservatives,2017,E14000805,Makerfield,35.65609661717684,16.45485835319036,63,Female,5,0.8884484699061341
Conservatives,2017,E14000805,Makerfield,35.65609661717684,16.45485835319036,73,Female,7,0.45552703217281976
Labour,2017,E14000808,Manchester,53.55492005251894,8.242054713214266,38,Female,5,0.4197467896309169
Labour,2017,E14000808,Manchester,53.55492005251894,8.242054713214266,48,Male,,0.7821090927047483
Conservatives,2017,E14000808,Manchester,53.55492005251894,8.242054713214266,72,Female,5,0.6455798786364246
Conservatives,2017,E14000808,Manchester,53.55492005251894,8.242054713214266,57,Female,10,0.3739670047070025
Labour,2017,E14000808,Manchester,53.55492005251894,8.242054713214266,22,Male,2,0.9080529116539628
Labour,2017,E14000808,Manchester,53.55492005251894,8.242054713214266,51,Female,,1.7748171908946015
Labour,2017,E14000808,Manchester,53.55492005251894,8.242054713214266,72,Female,,0.5636265965697842
Labour,2017,E14000808,Manchester,53.55492005251894,8.242054713214266,61,Female,,1.163496270310895
Conservatives,2017,E14000808,Manchester,53.55492005251894,8.242054713214266,40,Male,6,0.8377652517544634
Labour,2017,E14000808,Manchester,53.55492005251894,8.242054713214266,52,Female,4,1.3311128931709515
Conservatives,2017,E14000825,Morecambe,33.06000022809439,21.39069146812951,78,Female,7,0.997737253281627
Conservatives,2017,E14000825,Morecambe,33.06000022809439,21.39069146812951,58,Male,3,0.48617014199713443
Labour,2017,E14000825,Morecambe,33.06000022809439,21.39069146812951,26,Female,3,0.7303212910543618
Labour,2017,E14000825,Morecambe,33.06000022809439,21.39069146812951,41,Female,0,0.6683097552421143
Labour,2017,E14000825,Morecambe,33.06000022809439,21.39069146812951,44,Female,6,0.8394935792618338
Labour,2017,E14000825,Morecambe,33.06000022809439,21.39069146812951,48,Female,4,0.4437042977236504
Conservatives,2017,E14000825,Morecambe,33.06000022809439,21.39069146812951,75,Male,5,1.0919486690207427
Conservatives,2017,E14000875,Pendle,38.78281089299288,16.04212314984573,48,Female,4,0.5082204573350513
Conservatives,2017,E14000875,Pendle,38.78281089299288,16.04212314984573,61,Female,6,0.747934009414005
Conservatives,2017,E14000875,Pendle,38.78281089299288,16.04212314984573,42,Male,7,0.8377652517544634
Conservatives,2017,E14000875,Pendle,38.78281089299288,16.04212314984573,73,Female,6,0.6455798786364246
Conservatives,2017,E14000875,Pendle,38.78281089299288,16.04212314984573,63,Female,6,0.747934009414005
Conservatives,2017,E14000877,Penrith an,29.80459208597949,21.69027845627748,63,Male,4,0.9723402839942689
Conservatives,2017,E14000877,Penrith an,29.80459208597949,21.69027845627748,78,Female,8,0.4988686266408135
Conservatives,2017,E14000877,Penrith an,29.80459208597949,21.69027845627748,69,Male,5,0.9970804134015376
Conservatives,2017,E14000877,Penrith an,29.80459208597949,21.69027845627748,71,Female,7,0.45552703217281976
Labour,2017,E14000877,Penrith an,29.80459208597949,21.69027845627748,49,Male,5,0.48560110965543496
Labour,2017,E14000894,Ribble Val,33.25630100382755,19.0304243312115,50,Male,5,0.7821090927047483
Labour,2017,E14000894,Ribble Val,33.25630100382755,19.0304243312115,66,Male,4,0.8705058173419263
Labour,2017,E14000894,Ribble Val,33.25630100382755,19.0304243312115,24,Male,6,0.5256383545857569
Labour,2017,E14000894,Ribble Val,33.25630100382755,19.0304243312115,48,Male,3,0.48560110965543496
Labour,2017,E14000894,Ribble Val,33.25630100382755,19.0304243312115,55,Female,,0.6529873593260159
Labour,2017,E14000894,Ribble Val,33.25630100382755,19.0304243312115,61,Male,5,0.8489063291949792
Conservatives,2017,E14000894,Ribble Val,33.25630100382755,19.0304243312115,18,Male,5,1.2041360263172314
Conservatives,2017,E14000894,Ribble Val,33.25630100382755,19.0304243312115,37,Male,8,0.8377652517544634
Conservatives,2017,E14000894,Ribble Val,33.25630100382755,19.0304243312115,46,Female,7,0.8185398115386296
Conservatives,2017,E14000894,Ribble Val,33.25630100382755,19.0304243312115,71,Female,10,0.9110540643456395
Conservatives,2017,E14000894,Ribble Val,33.25630100382755,19.0304243312115,53,Male,6,1.1124184250529912
Labour,2017,E14000894,Ribble Val,33.25630100382755,19.0304243312115,55,Female,5,0.7756641802072634
Labour,2017,E14000894,Ribble Val,33.25630100382755,19.0304243312115,18,Female,3,1.4408615981761987
Labour,2017,E14000897,Rochdale,42.48689763925607,13.15987199109503,70,Male,2,0.3084235403282804
Conservatives,2017,E14000897,Rochdale,42.48689763925607,13.15987199109503,44,Male,5,0.5261770790116299
Labour,2017,E14000897,Rochdale,42.48689763925607,13.15987199109503,38,Female,5,0.8394935792618338
Labour,2017,E14000897,Rochdale,42.48689763925607,13.15987199109503,44,Male,4,0.4593814120457979
Labour,2017,E14000897,Rochdale,42.48689763925607,13.15987199109503,23,Female,5,0.2765692330942338
Conservatives,2017,E14000897,Rochdale,42.48689763925607,13.15987199109503,71,Male,7,0.9970804134015376
Conservatives,2017,E14000897,Rochdale,42.48689763925607,13.15987199109503,49,Male,2,1.1124184250529912
Conservatives,2017,E14000897,Rochdale,42.48689763925607,13.15987199109503,68,Male,5,0.7065388075918987
Conservatives,2017,E14000897,Rochdale,42.48689763925607,13.15987199109503,54,Male,5,0.8958304952634724
Conservatives,2017,E14000943,South Ribb,33.3507923303653,18.39253987326822,71,Male,5,0.9970804134015376
Labour,2017,E14000943,South Ribb,33.3507923303653,18.39253987326822,43,Female,4,0.33415487762105717
Labour,2017,E14000943,South Ribb,33.3507923303653,18.39253987326822,45,Female,3,0.4437042977236504
Conservatives,2017,E14000943,South Ribb,33.3507923303653,18.39253987326822,68,Male,7,0.9970804134015376
Labour,2017,E14000943,South Ribb,33.3507923303653,18.39253987326822,72,Male,0,0.3084235403282804
Conservatives,2017,E14000943,South Ribb,33.3507923303653,18.39253987326822,66,Female,7,0.9110540643456395
Labour,2017,E14000958,Southport,31.7445038227061,23.16969274515661,37,Female,3,0.6683097552421143
Conservatives,2017,E14000958,Southport,31.7445038227061,23.16969274515661,79,Female,8,0.8193357449917016
Labour,2017,E14000962,St. Helens,35.23487846826499,17.54802213058704,65,Male,5,0.8705058173419263
Conservatives,2017,E14000962,St. Helens,35.23487846826499,17.54802213058704,31,Male,5,0.9155003281975834
Labour,2017,E14000962,St. Helens,35.23487846826499,17.54802213058704,71,Male,4,0.8705058173419263
Conservatives,2017,E14000962,St. Helens,35.23487846826499,17.54802213058704,72,Male,4,0.7065388075918987
Conservatives,2017,E14000962,St. Helens,35.23487846826499,17.54802213058704,67,Male,8,0.9970804134015376
Conservatives,2017,E14000962,St. Helens,35.23487846826499,17.54802213058704,71,Male,4,0.9970804134015376
Labour,2017,E14000962,St. Helens,35.23487846826499,17.54802213058704,64,Male,5,0.35732287010343255
Labour,2017,E14000963,St. Helens,35.74912822754503,17.91628997486514,22,Female,0,0.48028719939206593
Labour,2017,E14000963,St. Helens,35.74912822754503,17.91628997486514,59,Female,2,0.3878320901036317
Labour,2017,E14000963,St. Helens,35.74912822754503,17.91628997486514,57,Male,7,0.8489063291949792
Conservatives,2017,E14000963,St. Helens,35.74912822754503,17.91628997486514,73,Male,2,0.4985402067007688
Labour,2017,E14000963,St. Helens,35.74912822754503,17.91628997486514,33,Female,1,0.3651606455271809
Conservatives,2017,E14000963,St. Helens,35.74912822754503,17.91628997486514,63,Female,7,0.8884484699061341
Labour,2017,E14000969,Stockport,37.958530819622,13.84736613075847,41,Male,2,0.3657074772591552
Conservatives,2017,E14000969,Stockport,37.958530819622,13.84736613075847,54,Male,8,1.1124184250529912
Conservatives,2017,E14000969,Stockport,37.958530819622,13.84736613075847,72,Male,5,0.4985402067007688
Labour,2017,E14000969,Stockport,37.958530819622,13.84736613075847,51,Male,3,0.7821090927047483
Conservatives,2017,E14000969,Stockport,37.958530819622,13.84736613075847,61,Male,7,0.9723402839942689
Labour,2017,E14000979,Stretford,38.23329856504876,14.77888383679835,66,Female,2,0.3977000512026413
Labour,2017,E14000979,Stretford,38.23329856504876,14.77888383679835,58,Female,3,0.7756641802072634
Labour,2017,E14000979,Stretford,38.23329856504876,14.77888383679835,34,Male,5,0.799281934298209
Labour,2017,E14000979,Stretford,38.23329856504876,14.77888383679835,46,Female,3,0.4437042977236504
Labour,2017,E14000979,Stretford,38.23329856504876,14.77888383679835,66,Male,4,1.3057587260128902
Labour,2017,E14000979,Stretford,38.23329856504876,14.77888383679835,39,Male,2,1.4628299090366208
Labour,2017,E14000979,Stretford,38.23329856504876,14.77888383679835,18,Female,3,1.4408615981761987
Labour,2017,E14000979,Stretford,38.23329856504876,14.77888383679835,41,Female,2,0.6683097552421143
Labour,2017,E14000979,Stretford,38.23329856504876,14.77888383679835,81,Male,6,0.9533310010358532
Conservatives,2017,E14000979,Stretford,38.23329856504876,14.77888383679835,82,Male,6,1.0919486690207427
Labour,2017,E14001033,West Lanca,36.06232264734115,18.49742080445584,42,Female,1,0.8394935792618338
Labour,2017,E14001033,West Lanca,36.06232264734115,18.49742080445584,52,Female,3,1.3311128931709515
Labour,2017,E14001033,West Lanca,36.06232264734115,18.49742080445584,22,Female,0,0.9605743987841319
Labour,2017,E14001033,West Lanca,36.06232264734115,18.49742080445584,75,Female,5,0.3576624928064993
Labour,2017,E14001033,West Lanca,36.06232264734115,18.49742080445584,54,Male,3,0.7821090927047483
Labour,2017,E14001033,West Lanca,36.06232264734115,18.49742080445584,73,Female,5,0.7954001024052826
Conservatives,2017,E14001033,West Lanca,36.06232264734115,18.49742080445584,74,Female,8,0.3227899393182123
Conservatives,2017,E14001039,Wigan,36.3886216847602,16.77889240071458,29,Male,6,0.9155003281975834
Conservatives,2017,E14001039,Wigan,36.3886216847602,16.77889240071458,67,Female,5,1.3665810965184593
Labour,2017,E14001039,Wigan,36.3886216847602,16.77889240071458,59,Male,3,0.8489063291949792
Labour,2017,E14001039,Wigan,36.3886216847602,16.77889240071458,32,Female,3,0.3651606455271809
Labour,2017,E14001039,Wigan,36.3886216847602,16.77889240071458,41,Female,4,0.6683097552421143
Labour,2017,E14001039,Wigan,36.3886216847602,16.77889240071458,57,Female,5,0.6529873593260159
Conservatives,2017,E14001039,Wigan,36.3886216847602,16.77889240071458,55,Male,4,0.48617014199713443
Conservatives,2017,E14001053,Workington,32.08784758112885,20.20596454959611,51,Male,7,1.1124184250529912
Conservatives,2017,E14001053,Workington,32.08784758112885,20.20596454959611,81,Male,8,1.0919486690207427
Labour,2017,E14001053,Workington,32.08784758112885,20.20596454959611,86,Male,3,0.4766655005179266
Labour,2017,E14001053,Workington,32.08784758112885,20.20596454959611,52,Female,5,1.3311128931709515
Labour,2017,E14001053,Workington,32.08784758112885,20.20596454959611,31,Female,,0.3651606455271809
Labour,2017,E14001053,Workington,32.08784758112885,20.20596454959611,37,Female,5,0.6683097552421143
Labour,2017,E14001053,Workington,32.08784758112885,20.20596454959611,28,Male,5,0.799281934298209
Conservatives,2017,E14001053,Workington,32.08784758112885,20.20596454959611,94,Male,10,0.5459743345103714
Conservatives,2017,S14000004,Angus,33.18450304636993,19.75722059439096,63,Female,3,0.5556333955862955
Conservatives,2017,S14000004,Angus,33.18450304636993,19.75722059439096,65,Male,7,1.247143069151588
Conservatives,2017,S14000004,Angus,33.18450304636993,19.75722059439096,59,Female,7,0.5556333955862955
Labour,2017,S14000004,Angus,33.18450304636993,19.75722059439096,63,Female,4,0.48509838992548004
Conservatives,2017,S14000004,Angus,33.18450304636993,19.75722059439096,66,Female,5,0.5697708764004569
Conservatives,2017,S14000004,Angus,33.18450304636993,19.75722059439096,59,Male,,0.6080991210645658
Conservatives,2017,S14000006,"Ayr, Carri",32.42380074591675,20.55450765207699,55,Male,5,1.023847818179045
Labour,2017,S14000006,"Ayr, Carri",32.42380074591675,20.55450765207699,38,Female,5,
Conservatives,2017,S14000014,Dumfriessh,30.56105839965709,21.14018929783709,82,Male,9,0.682901898450039
Labour,2017,S14000014,Dumfriessh,30.56105839965709,21.14018929783709,57,Female,3,0.9701967798509601
Conservatives,2017,S14000014,Dumfriessh,30.56105839965709,21.14018929783709,73,Male,7,0.623571534575794
Labour,2017,S14000014,Dumfriessh,30.56105839965709,21.14018929783709,91,Female,2,0.5447707453272148
Conservatives,2017,S14000014,Dumfriessh,30.56105839965709,21.14018929783709,60,Male,8,1.2161982421291315
Conservatives,2017,S14000017,Dunfermlin,34.84000895054822,15.17931609674729,83,Male,10,0.682901898450039
Labour,2017,S14000017,Dunfermlin,34.84000895054822,15.17931609674729,58,Male,5,1.3408128419008063
Conservatives,2017,S14000017,Dunfermlin,34.84000895054822,15.17931609674729,69,Female,8,
Labour,2017,S14000023,Edinburgh,39.26805609184144,11.74858499006432,40,Female,5,0.8359184154998974
Labour,2017,S14000023,Edinburgh,39.26805609184144,11.74858499006432,27,Female,5,1.0931649302509332
Conservatives,2017,S14000023,Edinburgh,39.26805609184144,11.74858499006432,43,Male,6,1.0478724817562466
Conservatives,2017,S14000023,Edinburgh,39.26805609184144,11.74858499006432,40,Male,,1.0478724817562466
Conservatives,2017,S14000023,Edinburgh,39.26805609184144,11.74858499006432,86,Female,5,1.2479646411060505
Labour,2017,S14000023,Edinburgh,39.26805609184144,11.74858499006432,59,Male,3,0.8938752279338705
Labour,2017,S14000025,Edinburgh,41.02845741464792,13.46991011326535,40,Male,6,0.9148500752205502
Conservatives,2017,S14000025,Edinburgh,41.02845741464792,13.46991011326535,97,Female,7,0.6239823205530253
Labour,2017,S14000025,Edinburgh,41.02845741464792,13.46991011326535,44,Female,3,0.8359184154998974
Labour,2017,S14000028,Falkirk,34.32426231012803,16.06810150979762,40,Male,4,0.4574250376102751
Labour,2017,S14000028,Falkirk,34.32426231012803,16.06810150979762,87,Male,3,0.5962107642317146
Labour,2017,S14000028,Falkirk,34.32426231012803,16.06810150979762,69,Female,1,0.4974411850760768
Labour,2017,S14000028,Falkirk,34.32426231012803,16.06810150979762,42,Female,1,0.5250171324707522
Labour,2017,S14000028,Falkirk,34.32426231012803,16.06810150979762,56,Female,3,0.48509838992548004
Labour,2017,S14000028,Falkirk,34.32426231012803,16.06810150979762,60,Female,4,0.48509838992548004
Labour,2017,S14000029,Glasgow Ce,48.34588031603055,10.17894517680835,49,Female,5,0.8938556553746928
Conservatives,2017,S14000029,Glasgow Ce,48.34588031603055,10.17894517680835,72,Female,5,0.5697708764004569
Labour,2017,S14000029,Glasgow Ce,48.34588031603055,10.17894517680835,22,Male,4,0.6574657590208559
Conservatives,2017,S14000029,Glasgow Ce,48.34588031603055,10.17894517680835,49,Male,5,1.1205001906426484
Labour,2017,S14000037,Gordon,33.49919903884661,15.38045654785743,28,Male,3,0.9997377455820639
Conservatives,2017,S14000037,Gordon,33.49919903884661,15.38045654785743,58,Male,5,0.5119239090895225
Conservatives,2017,S14000039,"Inverness,",34.51381258829069,16.89785747920264,58,Male,5,1.2161982421291315
Labour,2017,S14000039,"Inverness,",34.51381258829069,16.89785747920264,68,Female,5,0.3524906286662898
Labour,2017,S14000039,"Inverness,",34.51381258829069,16.89785747920264,70,Female,3,0.4974411850760768
Conservatives,2017,S14000032,Glenrothes,39.08262864863605,15.34581964730822,55,Male,7,0.6080991210645658
Labour,2017,S14000032,Glenrothes,39.08262864863605,15.34581964730822,46,Female,4,0.8938556553746928
Labour,2017,S14000041,Kirkcaldy,34.19074041605215,18.13756329995152,49,Male,2,1.214774756657879
Labour,2017,S14000041,Kirkcaldy,34.19074041605215,18.13756329995152,58,Male,4,1.061807684299659
Labour,2017,S14000041,Kirkcaldy,34.19074041605215,18.13756329995152,48,Female,2,2.7749153038270364
Conservatives,2017,S14000041,Kirkcaldy,34.19074041605215,18.13756329995152,32,Female,5,1.0463056285751697
Labour,2017,S14000041,Kirkcaldy,34.19074041605215,18.13756329995152,69,Male,3,0.3857745829861236
Labour,2017,S14000043,Linlithgow,35.88841484595584,15.67429390859779,72,Male,,0.5444121066677284
Labour,2017,S14000043,Linlithgow,35.88841484595584,15.67429390859779,36,Female,5,1.253877623249846
Labour,2017,S14000043,Linlithgow,35.88841484595584,15.67429390859779,62,Male,4,0.44693761396693527
Labour,2017,S14000043,Linlithgow,35.88841484595584,15.67429390859779,79,Female,5,1.0895414906544296
Labour,2017,S14000043,Linlithgow,35.88841484595584,15.67429390859779,52,Female,4,1.109966121530814
Conservatives,2017,S14000045,Midlothian,34.84919518674793,16.71294793657663,70,Male,7,0.623571534575794
Labour,2017,S14000045,Midlothian,34.84919518674793,16.71294793657663,33,Female,5,0.5465824651254666
Labour,2017,S14000045,Midlothian,34.84919518674793,16.71294793657663,34,Female,3,1.0931649302509332
Conservatives,2017,S14000045,Midlothian,34.84919518674793,16.71294793657663,72,Male,5,0.623571534575794
Conservatives,2017,S14000045,Midlothian,34.84919518674793,16.71294793657663,70,Male,2,0.623571534575794
Labour,2017,S14000045,Midlothian,34.84919518674793,16.71294793657663,52,Female,2,0.4469278276873464
Labour,2017,S14000045,Midlothian,34.84919518674793,16.71294793657663,63,Female,8,0.48509838992548004
Labour,2017,S14000045,Midlothian,34.84919518674793,16.71294793657663,78,Male,5,0.5962107642317146
Labour,2017,S14000048,North Ayrs,32.90582631000366,19.79270271685075,52,Male,4,1.8221621349868184
Labour,2017,S14000048,North Ayrs,32.90582631000366,19.79270271685075,74,Female,,0.9948823701521536
Conservatives,2017,S14000048,North Ayrs,32.90582631000366,19.79270271685075,58,Female,5,1.111266791172591
Labour,2017,S14000048,North Ayrs,32.90582631000366,19.79270271685075,71,Female,5,0.7049812573325795
Labour,2017,S14000053,Paisley an,35.08658209093435,16.9136031113992,69,Female,4,0.9948823701521536
Conservatives,2017,S14000053,Paisley an,35.08658209093435,16.9136031113992,69,Female,5,1.1395417528009137
Labour,2017,S14000053,Paisley an,35.08658209093435,16.9136031113992,51,Female,5,0.554983060765407
Conservatives,2017,S14000053,Paisley an,35.08658209093435,16.9136031113992,56,Female,,0.5556333955862955
Labour,2017,S14000057,Stirling,37.11480714040356,17.21165246490188,51,Female,3,1.109966121530814
Conservatives,2017,S14000057,Stirling,37.11480714040356,17.21165246490188,72,Male,7,1.247143069151588
Conservatives,2017,S14000057,Stirling,37.11480714040356,17.21165246490188,75,Male,6,1.121589744960391
Conservatives,2017,S14000058,West Aberd,33.71606149820085,15.49776469305419,46,Male,7,1.1205001906426484
Conservatives,2017,S14000058,West Aberd,33.71606149820085,15.49776469305419,53,Male,,1.1205001906426484
Labour,2017,S14000058,West Aberd,33.71606149820085,15.49776469305419,54,Male,5,1.214774756657879
Conservatives,2017,S14000058,West Aberd,33.71606149820085,15.49776469305419,80,Male,5,1.365803796900078
Conservatives,2017,S14000058,West Aberd,33.71606149820085,15.49776469305419,32,Female,,1.0463056285751697
Labour,2017,S14000059,West Dunba,35.56547619047619,16.44179894179894,70,Female,5,0.4974411850760768
Labour,2017,S14000059,West Dunba,35.56547619047619,16.44179894179894,70,Female,5,0.9948823701521536
Conservatives,2017,S14000059,West Dunba,35.56547619047619,16.44179894179894,89,Male,10,1.365803796900078
Labour,2017,E14000534,Arundel an,29.02834465954537,23.88271458973753,54,Male,2,2.004018926916448
Conservatives,2017,E14000534,Arundel an,29.02834465954537,23.88271458973753,52,Female,7,1.048683163294515
Labour,2017,E14000534,Arundel an,29.02834465954537,23.88271458973753,28,Female,,0.9356608327756063
Conservatives,2017,E14000534,Arundel an,29.02834465954537,23.88271458973753,29,Male,7,1.1729054184508645
Conservatives,2017,E14000534,Arundel an,29.02834465954537,23.88271458973753,83,Male,8,0.6994822782238411
Labour,2017,E14000534,Arundel an,29.02834465954537,23.88271458973753,51,Female,2,1.3733367669144716
Conservatives,2017,E14000534,Arundel an,29.02834465954537,23.88271458973753,60,Female,,0.569123785252421
Labour,2017,E14000534,Arundel an,29.02834465954537,23.88271458973753,62,Male,1,0.4577889461884268
Conservatives,2017,E14000536,Ashford,37.03470869488224,16.75048698423942,82,Female,8,1.2782643484882943
Labour,2017,E14000536,Ashford,37.03470869488224,16.75048698423942,66,Male,2,0.7902818393108553
Conservatives,2017,E14000536,Ashford,37.03470869488224,16.75048698423942,67,Male,7,0.452595793931545
Conservatives,2017,E14000536,Ashford,37.03470869488224,16.75048698423942,52,Female,8,1.5730247449417722
Labour,2017,E14000536,Ashford,37.03470869488224,16.75048698423942,47,Male,5,1.002009463458224
Labour,2017,E14000536,Ashford,37.03470869488224,16.75048698423942,33,Female,2,1.1197062090789758
Labour,2017,E14000557,Bexhill an,28.87408539914819,26.90639054076862,62,Female,2,0.41829171893432177
Labour,2017,E14000557,Bexhill an,28.87408539914819,26.90639054076862,52,Female,3,0.9155578446096476
Conservatives,2017,E14000557,Bexhill an,28.87408539914819,26.90639054076862,76,Female,5,1.2782643484882943
Conservatives,2017,E14000557,Bexhill an,28.87408539914819,26.90639054076862,45,Male,7,1.1477051504467417
Conservatives,2017,E14000557,Bexhill an,28.87408539914819,26.90639054076862,60,Male,5,1.0487061260773192
Conservatives,2017,E14000557,Bexhill an,28.87408539914819,26.90639054076862,70,Male,7,1.9161342440133362
Conservatives,2017,E14000598,"Brighton,",44.82059598621529,10.3192300638074,31,Female,6,1.0717091963798826
Labour,2017,E14000598,"Brighton,",44.82059598621529,10.3192300638074,49,Female,3,0.9155578446096476
Conservatives,2017,E14000598,"Brighton,",44.82059598621529,10.3192300638074,80,Female,7,0.6391321742441471
Labour,2017,E14000598,"Brighton,",44.82059598621529,10.3192300638074,53,Female,4,0.4577789223048238
Labour,2017,E14000598,"Brighton,",44.82059598621529,10.3192300638074,86,Female,,0.5579973974535056
Labour,2017,E14000619,Canterbury,43.51299414348463,17.64275256222547,62,Male,5,1.087587631159358
Conservatives,2017,E14000619,Canterbury,43.51299414348463,17.64275256222547,69,Female,6,1.167209028397052
Labour,2017,E14000619,Canterbury,43.51299414348463,17.64275256222547,32,Female,5,0.9356608327756063
Conservatives,2017,E14000619,Canterbury,43.51299414348463,17.64275256222547,40,Male,7,1.0733140916587347
Conservatives,2017,E14000619,Canterbury,43.51299414348463,17.64275256222547,36,Female,7,0.9807104345668719
Labour,2017,E14000619,Canterbury,43.51299414348463,17.64275256222547,23,Male,4,1.551152082294912
Conservatives,2017,E14000619,Canterbury,43.51299414348463,17.64275256222547,70,Female,,1.167209028397052
Conservatives,2017,E14000619,Canterbury,43.51299414348463,17.64275256222547,38,Female,7,1.231913953785858
Labour,2017,E14000626,Chatham an,40.10341176591524,13.40035567068595,53,Female,3,0.5684576607575913
Labour,2017,E14000626,Chatham an,40.10341176591524,13.40035567068595,70,Female,0,0.5095187086302082
Labour,2017,E14000626,Chatham an,40.10341176591524,13.40035567068595,24,Male,0,0.673428567145388
Conservatives,2017,E14000626,Chatham an,40.10341176591524,13.40035567068595,36,Male,,1.3482375222135252
Conservatives,2017,E14000626,Chatham an,40.10341176591524,13.40035567068595,48,Male,7,1.4251896565651878
Conservatives,2017,E14000626,Chatham an,40.10341176591524,13.40035567068595,78,Female,8,1.2782643484882943
Conservatives,2017,E14000626,Chatham an,40.10341176591524,13.40035567068595,29,Male,0,1.4036170305493278
Conservatives,2017,E14000633,Chichester,31.19646655297296,24.47831835514592,46,Male,7,1.7215577256701116
Conservatives,2017,E14000633,Chichester,31.19646655297296,24.47831835514592,69,Female,6,0.4135466227446801
Conservatives,2017,E14000633,Chichester,31.19646655297296,24.47831835514592,59,Male,10,0.6228633417970744
Conservatives,2017,E14000652,Crawley,40.22627278441232,12.63450190905935,33,Male,,1.4036170305493278
Labour,2017,E14000652,Crawley,40.22627278441232,12.63450190905935,70,Male,8,1.115260102597132
Conservatives,2017,E14000652,Crawley,40.22627278441232,12.63450190905935,81,Male,8,0.6994822782238411
Labour,2017,E14000652,Crawley,40.22627278441232,12.63450190905935,64,Male,5,1.087587631159358
Labour,2017,E14000652,Crawley,40.22627278441232,12.63450190905935,62,Male,5,1.087587631159358
Conservatives,2017,E14000680,East Hamps,33.36097059255684,18.96370773073613,67,Male,7,0.90519158786309
Conservatives,2017,E14000680,East Hamps,33.36097059255684,18.96370773073613,62,Male,6,1.2457266835941487
Conservatives,2017,E14000680,East Hamps,33.36097059255684,18.96370773073613,67,Male,7,1.2774228293422245
Conservatives,2017,E14000680,East Hamps,33.36097059255684,18.96370773073613,73,Female,7,0.4135466227446801
Labour,2017,E14000680,East Hamps,33.36097059255684,18.96370773073613,49,Female,4,1.1369153215151826
Conservatives,2017,E14000680,East Hamps,33.36097059255684,18.96370773073613,54,Male,7,1.4251896565651878
Conservatives,2017,E14000680,East Hamps,33.36097059255684,18.96370773073613,44,Male,6,1.0733140916587347
Conservatives,2017,E14000680,East Hamps,33.36097059255684,18.96370773073613,58,Female,7,0.9582256010901581
Conservatives,2017,E14000680,East Hamps,33.36097059255684,18.96370773073613,47,Female,6,1.3022267929699942
Labour,2017,E14000680,East Hamps,33.36097059255684,18.96370773073613,39,Female,3,0.8562139291312992
Conservatives,2017,E14000680,East Hamps,33.36097059255684,18.96370773073613,65,Female,6,1.167209028397052
Conservatives,2017,E14000680,East Hamps,33.36097059255684,18.96370773073613,71,Male,9,0.452595793931545
Labour,2017,E14000685,Eastleigh,36.06969729094186,15.64526854466428,26,Male,3,1.0240106778049456
Conservatives,2017,E14000685,Eastleigh,36.06969729094186,15.64526854466428,58,Female,4,1.138247570504842
Conservatives,2017,E14000685,Eastleigh,36.06969729094186,15.64526854466428,55,Male,9,1.2457266835941487
Labour,2017,E14000700,Faversham,34.83686048015172,17.93888194474376,29,Female,5,0.5598531045394879
Conservatives,2017,E14000700,Faversham,34.83686048015172,17.93888194474376,72,Female,5,1.167209028397052
Labour,2017,E14000700,Faversham,34.83686048015172,17.93888194474376,70,Male,3,0.7902818393108553
Labour,2017,E14000700,Faversham,34.83686048015172,17.93888194474376,70,Male,3,0.39514091965542764
Conservatives,2017,E14000700,Faversham,34.83686048015172,17.93888194474376,26,Male,6,1.4036170305493278
Labour,2017,E14000700,Faversham,34.83686048015172,17.93888194474376,28,Female,6,0.46783041638780315
Conservatives,2017,E14000700,Faversham,34.83686048015172,17.93888194474376,59,Female,,1.138247570504842
Conservatives,2017,E14000700,Faversham,34.83686048015172,17.93888194474376,34,Female,8,1.0717091963798826
Labour,2017,E14000713,Gosport,35.60326373592282,18.61136102751838,43,Male,3,0.4685309971321884
Labour,2017,E14000713,Gosport,35.60326373592282,18.61136102751838,26,Female,0,0.46783041638780315
Labour,2017,E14000713,Gosport,35.60326373592282,18.61136102751838,19,Female,,0.7086607007813489
Conservatives,2017,E14000713,Gosport,35.60326373592282,18.61136102751838,55,Female,5,0.569123785252421
Conservatives,2017,E14000713,Gosport,35.60326373592282,18.61136102751838,23,Male,3,1.7766950302363897
Conservatives,2017,E14000713,Gosport,35.60326373592282,18.61136102751838,56,Female,7,1.138247570504842
Conservatives,2017,E14000713,Gosport,35.60326373592282,18.61136102751838,22,Male,7,0.8883475151181949
Labour,2017,E14000713,Gosport,35.60326373592282,18.61136102751838,24,Male,,1.346857134290776
Conservatives,2017,E14000736,Havant,34.43265306122449,20.86204081632653,46,Female,5,1.9533401894549913
Conservatives,2017,E14000736,Havant,34.43265306122449,20.86204081632653,51,Female,7,1.048683163294515
Conservatives,2017,E14000736,Havant,34.43265306122449,20.86204081632653,69,Male,5,1.2774228293422245
Labour,2017,E14000755,Hove,35.47762974547132,14.60607701021523,43,Female,5,1.0755283614255666
Labour,2017,E14000755,Hove,35.47762974547132,14.60607701021523,36,Female,4,0.5377641807127833
Labour,2017,E14000755,Hove,35.47762974547132,14.60607701021523,55,Female,1,0.8365834378686435
Labour,2017,E14000755,Hove,35.47762974547132,14.60607701021523,60,Male,2,0.4577889461884268
Conservatives,2017,E14000786,Lewes,30.28279208998549,24.24482946298984,72,Female,,0.583604514198526
Labour,2017,E14000786,Lewes,30.28279208998549,24.24482946298984,55,Male,3,1.087587631159358
Labour,2017,E14000786,Lewes,30.28279208998549,24.24482946298984,64,Male,2,0.4577889461884268
Labour,2017,E14000786,Lewes,30.28279208998549,24.24482946298984,89,Female,5,0.5579973974535056
Conservatives,2017,E14000803,Maidenhead,34.07585732534145,17.32141102485998,66,Female,7,0.8270932454893603
Conservatives,2017,E14000803,Maidenhead,34.07585732534145,17.32141102485998,64,Female,8,1.138247570504842
Conservatives,2017,E14000803,Maidenhead,34.07585732534145,17.32141102485998,60,Female,8,0.569123785252421
Conservatives,2017,E14000803,Maidenhead,34.07585732534145,17.32141102485998,69,Female,7,0.8270932454893603
Conservatives,2017,E14000803,Maidenhead,34.07585732534145,17.32141102485998,70,Male,8,0.90519158786309
Labour,2017,E14000803,Maidenhead,34.07585732534145,17.32141102485998,63,Female,3,0.41829171893432177
Labour,2017,E14000803,Maidenhead,34.07585732534145,17.32141102485998,73,Male,1,0.39514091965542764
Labour,2017,S14000045,Milton Key,34.84919518674793,16.71294793657663,30,Male,5,1.2254345527107768
Conservatives,2017,E14000822,Milton Key,40.53832770443149,10.89409004668446,36,Male,7,0.6741187611067626
Conservatives,2017,E14000822,Milton Key,40.53832770443149,10.89409004668446,35,Female,,0.9807104345668719
Labour,2017,E14000822,Milton Key,40.53832770443149,10.89409004668446,52,Male,5,0.6221343184463485
Conservatives,2017,E14000822,Milton Key,40.53832770443149,10.89409004668446,44,Female,5,0.9807104345668719
Conservatives,2017,E14000824,Mole Valle,31.46170277693012,20.50235181463281,51,Female,5,0.5243415816472575
Conservatives,2017,E14000824,Mole Valle,31.46170277693012,20.50235181463281,34,Female,6,1.0717091963798826
Conservatives,2017,E14000824,Mole Valle,31.46170277693012,20.50235181463281,47,Male,8,1.1477051504467417
Labour,2017,E14000824,Mole Valle,31.46170277693012,20.50235181463281,82,Male,5,
Labour,2017,E14000824,Mole Valle,31.46170277693012,20.50235181463281,31,Female,5,0.9356608327756063
Labour,2017,E14000830,Newbury,35.77880938869301,15.20034235424361,28,Male,4,0.5120053389024728
Conservatives,2017,E14000830,Newbury,35.77880938869301,15.20034235424361,53,Male,6,1.1477051504467417
Conservatives,2017,E14000830,Newbury,35.77880938869301,15.20034235424361,46,Male,8,1.1477051504467417
Conservatives,2017,E14000830,Newbury,35.77880938869301,15.20034235424361,47,Female,6,2.6044535859399884
Labour,2017,E14000844,North East,33.63340236655601,16.59190958382333,32,Female,,0.9356608327756063
Conservatives,2017,E14000844,North East,33.63340236655601,16.59190958382333,66,Male,10,1.2774228293422245
Conservatives,2017,E14000844,North East,33.63340236655601,16.59190958382333,61,Male,,1.0487061260773192
Conservatives,2017,E14000844,North East,33.63340236655601,16.59190958382333,33,Female,4,1.0717091963798826
Conservatives,2017,E14000844,North East,33.63340236655601,16.59190958382333,68,Female,5,0.583604514198526
Conservatives,2017,E14000844,North East,33.63340236655601,16.59190958382333,51,Female,10,1.3022267929699942
Conservatives,2017,E14000844,North East,33.63340236655601,16.59190958382333,69,Female,7,0.4135466227446801
Conservatives,2017,E14000844,North East,33.63340236655601,16.59190958382333,60,Male,6,
Conservatives,2017,E14000844,North East,33.63340236655601,16.59190958382333,47,Female,5,1.5730247449417722
Conservatives,2017,E14000889,Reading Ea,44.02356747614758,11.69090207180543,42,Male,5,1.0733140916587347
Conservatives,2017,E14000889,Reading Ea,44.02356747614758,11.69090207180543,36,Male,5,0.6741187611067626
Labour,2017,E14000889,Reading Ea,44.02356747614758,11.69090207180543,24,Female,6,1.062991051172023
Labour,2017,E14000889,Reading Ea,44.02356747614758,11.69090207180543,31,Male,4,0.5120053389024728
Conservatives,2017,E14000889,Reading Ea,44.02356747614758,11.69090207180543,54,Female,8,1.048683163294515
Labour,2017,E14000889,Reading Ea,44.02356747614758,11.69090207180543,43,Female,5,0.8562139291312992
Conservatives,2017,E14000898,Rochester,38.99459490267975,14.60041226928594,45,Female,7,1.048683163294515
Conservatives,2017,E14000898,Rochester,38.99459490267975,14.60041226928594,46,Male,8,1.1477051504467417
Conservatives,2017,E14000898,Rochester,38.99459490267975,14.60041226928594,49,Female,7,1.3022267929699942
Conservatives,2017,E14000898,Rochester,38.99459490267975,14.60041226928594,55,Male,6,1.8685900253912227
Labour,2017,E14000898,Rochester,38.99459490267975,14.60041226928594,41,Male,5,1.177085208445364
Conservatives,2017,E14000901,Romsey and,37.47506799637353,17.99297370806891,71,Male,5,0.90519158786309
Conservatives,2017,E14000901,Romsey and,37.47506799637353,17.99297370806891,74,Male,5,1.2774228293422245
Conservatives,2017,E14000901,Romsey and,37.47506799637353,17.99297370806891,76,Male,8,0.6994822782238411
Conservatives,2017,E14000901,Romsey and,37.47506799637353,17.99297370806891,79,Female,7,1.91739652273244
Conservatives,2017,E14000901,Romsey and,37.47506799637353,17.99297370806891,90,Male,7,1.3989645564476823
Conservatives,2017,E14000907,Runnymede,36.18574737809229,16.69908416494805,30,Male,8,1.1729054184508645
Labour,2017,E14000907,Runnymede,36.18574737809229,16.69908416494805,33,Male,4,0.6127172763553884
Conservatives,2017,E14000907,Runnymede,36.18574737809229,16.69908416494805,67,Male,7,0.90519158786309
Conservatives,2017,E14000918,Sevenoaks,33.80462587363937,18.4960023974912,80,Female,7,1.2782643484882943
Conservatives,2017,E14000918,Sevenoaks,33.80462587363937,18.4960023974912,45,Female,6,0.6511133964849971
Conservatives,2017,E14000918,Sevenoaks,33.80462587363937,18.4960023974912,76,Female,7,1.91739652273244
Conservatives,2017,E14000918,Sevenoaks,33.80462587363937,18.4960023974912,47,Female,7,1.3022267929699942
Labour,2017,E14000619,Canterbury,43.51299414348463,17.64275256222547,52,Female,2,0.5684576607575913
Labour,2017,E14000948,South Than,34.78364389233954,21.01449275362319,82,Female,6,0.5579973974535056
Conservatives,2017,E14000948,South Than,34.78364389233954,21.01449275362319,78,Female,6,1.2782643484882943
Labour,2017,E14000948,South Than,34.78364389233954,21.01449275362319,55,Male,5,0.9155778923768536
Conservatives,2017,E14000948,South Than,34.78364389233954,21.01449275362319,40,Female,5,1.231913953785858
Labour,2017,E14000956,Southampto,46.42536926053513,11.68703694964844,72,Male,5,0.557630051298566
Labour,2017,E14000956,Southampto,46.42536926053513,11.68703694964844,82,Female,0,0.5579973974535056
Labour,2017,E14000956,Southampto,46.42536926053513,11.68703694964844,34,Female,3,0.9356608327756063
Labour,2017,E14000956,Southampto,46.42536926053513,11.68703694964844,49,Male,2,1.002009463458224
Conservatives,2017,E14000956,Southampto,46.42536926053513,11.68703694964844,63,Female,7,1.707371355757263
Conservatives,2017,E14000983,Surrey Hea,34.13144739831856,16.65151859425888,42,Female,,0.49035521728343595
Conservatives,2017,E14000983,Surrey Hea,34.13144739831856,16.65151859425888,50,Female,6,1.3022267929699942
Labour,2017,E14000983,Surrey Hea,34.13144739831856,16.65151859425888,58,Female,0,0.8365834378686435
Conservatives,2017,E14000983,Surrey Hea,34.13144739831856,16.65151859425888,31,Male,6,1.1729054184508645
Conservatives,2017,E14000983,Surrey Hea,34.13144739831856,16.65151859425888,67,Male,7,1.9161342440133362
Conservatives,2017,E14000983,Surrey Hea,34.13144739831856,16.65151859425888,91,Male,10,
Conservatives,2017,E14000983,Surrey Hea,34.13144739831856,16.65151859425888,69,Male,7,1.2774228293422245
Conservatives,2017,E14000983,Surrey Hea,34.13144739831856,16.65151859425888,34,Male,7,1.1729054184508645
Conservatives,2017,E14001004,Tunbridge,35.9731607499762,16.3605215570572,62,Female,,0.569123785252421
Labour,2017,E14001004,Tunbridge,35.9731607499762,16.3605215570572,28,Female,5,0.9356608327756063
Conservatives,2017,E14001004,Tunbridge,35.9731607499762,16.3605215570572,68,Female,7,0.583604514198526
Conservatives,2017,E14001004,Tunbridge,35.9731607499762,16.3605215570572,70,Male,6,0.90519158786309
Conservatives,2017,E14001004,Tunbridge,35.9731607499762,16.3605215570572,88,Male,7,0.5744105791900848
Conservatives,2017,E14001004,Tunbridge,35.9731607499762,16.3605215570572,53,Female,5,0.6511133964849971
Conservatives,2017,E14001004,Tunbridge,35.9731607499762,16.3605215570572,69,Male,10,0.90519158786309
Conservatives,2017,E14001046,Witney,33.90564903272602,18.38345469989216,74,Male,7,0.90519158786309
Labour,2017,E14001046,Witney,33.90564903272602,18.38345469989216,18,Female,4,1.8459789949675482
Conservatives,2017,E14001046,Witney,33.90564903272602,18.38345469989216,36,Female,6,1.231913953785858
Labour,2017,E14001046,Witney,33.90564903272602,18.38345469989216,30,Male,2,0.6127172763553884
Conservatives,2017,E14001048,Wokingham,35.99699349249362,14.10289376347489,28,Female,6,0.5358545981899413
Labour,2017,E14001048,Wokingham,35.99699349249362,14.10289376347489,42,Male,4,0.9370619942643768
Conservatives,2017,E14001056,Wycombe,41.25497454881999,13.1568718186025,41,Male,7,1.0733140916587347
Conservatives,2017,E14001056,Wycombe,41.25497454881999,13.1568718186025,71,Male,6,0.6387114146711123
Conservatives,2017,E14001056,Wycombe,41.25497454881999,13.1568718186025,71,Female,5,0.583604514198526
Conservatives,2017,E14001056,Wycombe,41.25497454881999,13.1568718186025,29,Female,6,1.0717091963798826
Conservatives,2017,E14001056,Wycombe,41.25497454881999,13.1568718186025,32,Male,8,1.4036170305493278
Conservatives,2017,E14000547,Bath,42.87466660664649,15.91847758808899,66,Male,5,0.49789202251827297
Conservatives,2017,E14000547,Bath,42.87466660664649,15.91847758808899,20,Female,3,0.7753337013135442
Conservatives,2017,E14000547,Bath,42.87466660664649,15.91847758808899,69,Female,5,0.6420122233151977
Conservatives,2017,E14000547,Bath,42.87466660664649,15.91847758808899,74,Male,5,0.49789202251827297
Conservatives,2017,E14000547,Bath,42.87466660664649,15.91847758808899,65,Female,6,0.6420122233151977
Labour,2017,E14000547,Bath,42.87466660664649,15.91847758808899,80,Male,2,0.6718044290488223
Conservatives,2017,E14000547,Bath,42.87466660664649,15.91847758808899,66,Male,7,0.9957840450365459
Conservatives,2017,E14000595,Bridgwater,32.65852512916862,21.99436355096289,75,Male,8,1.5389742940175564
Conservatives,2017,E14000595,Bridgwater,32.65852512916862,21.99436355096289,33,Male,8,1.5440923922660181
Conservatives,2017,E14000595,Bridgwater,32.65852512916862,21.99436355096289,70,Female,8,0.6420122233151977
Conservatives,2017,E14000595,Bridgwater,32.65852512916862,21.99436355096289,35,Female,8,0.5394304457954463
Conservatives,2017,E14000595,Bridgwater,32.65852512916862,21.99436355096289,62,Male,4,1.370400225357557
Labour,2017,E14000595,Bridgwater,32.65852512916862,21.99436355096289,80,Female,5,1.2276846426905992
Labour,2017,E14000595,Bridgwater,32.65852512916862,21.99436355096289,74,Female,5,1.1210236761023145
Labour,2017,E14000602,Bristol We,52.63368941070799,7.202547075995252,22,Male,5,0.7408259551088828
Labour,2017,E14000602,Bristol We,52.63368941070799,7.202547075995252,55,Male,4,0.5036049105192058
Conservatives,2017,E14000602,Bristol We,52.63368941070799,7.202547075995252,78,Female,5,0.7030971457482219
Labour,2017,E14000638,Christchur,25.88520981865161,32.1713957605627,58,Male,7,1.0072098210384115
Labour,2017,E14000638,Christchur,25.88520981865161,32.1713957605627,99,Female,5,0.5040835691086731
Conservatives,2017,E14000638,Christchur,25.88520981865161,32.1713957605627,76,Female,10,0.7030971457482219
Conservatives,2017,E14000638,Christchur,25.88520981865161,32.1713957605627,77,Female,5,0.7030971457482219
Conservatives,2017,E14000638,Christchur,25.88520981865161,32.1713957605627,75,Male,6,1.5389742940175564
Conservatives,2017,E14000678,East Devon,29.29882072459449,26.7274043169143,49,Female,4,1.1536363973204284
Labour,2017,E14000678,East Devon,29.29882072459449,26.7274043169143,54,Female,5,1.2506989160107478
Labour,2017,E14000678,East Devon,29.29882072459449,26.7274043169143,62,Female,5,0.46015476222996976
Conservatives,2017,E14000678,East Devon,29.29882072459449,26.7274043169143,50,Female,8,0.5768181986602142
Conservatives,2017,E14000702,Filton and,38.95370800099298,14.86654218518958,74,Female,7,0.4549347721845878
Conservatives,2017,E14000702,Filton and,38.95370800099298,14.86654218518958,79,Female,5,0.5773790863460451
Labour,2017,E14000702,Filton and,38.95370800099298,14.86654218518958,40,Male,2,1.0308440728016652
Labour,2017,E14000702,Filton and,38.95370800099298,14.86654218518958,21,Female,1,0.7795841550498563
Labour,2017,E14000774,Kingswood,36.06262186030508,17.12237641931414,61,Female,5,0.46015476222996976
Conservatives,2017,E14000774,Kingswood,36.06262186030508,17.12237641931414,56,Female,5,1.252164497778968
Conservatives,2017,E14000774,Kingswood,36.06262186030508,17.12237641931414,68,Female,8,1.2840244466303954
Labour,2017,E14000774,Kingswood,36.06262186030508,17.12237641931414,29,Female,5,1.2317674988135667
Conservatives,2017,E14000774,Kingswood,36.06262186030508,17.12237641931414,26,Male,6,1.5440923922660181
Conservatives,2017,E14000774,Kingswood,36.06262186030508,17.12237641931414,43,Female,5,1.3552051040750368
Conservatives,2017,E14000815,Mid Dorset,31.61536271706708,21.6120208433899,65,Female,4,0.9098695443691756
Conservatives,2017,E14000815,Mid Dorset,31.61536271706708,21.6120208433899,66,Female,7,0.6420122233151977
Conservatives,2017,E14000815,Mid Dorset,31.61536271706708,21.6120208433899,27,Male,6,1.2902909369579103
Conservatives,2017,E14000815,Mid Dorset,31.61536271706708,21.6120208433899,54,Male,6,1.2625686015478004
Conservatives,2017,E14000815,Mid Dorset,31.61536271706708,21.6120208433899,19,Female,7,0.7753337013135442
Conservatives,2017,E14000815,Mid Dorset,31.61536271706708,21.6120208433899,72,Female,6,0.9098695443691756
Conservatives,2017,E14000815,Mid Dorset,31.61536271706708,21.6120208433899,71,Female,4,0.4549347721845878
Conservatives,2017,E14000815,Mid Dorset,31.61536271706708,21.6120208433899,77,Male,8,0.7694871470087782
Conservatives,2017,E14000838,North Devo,32.09454770623592,22.21486756274889,42,Male,7,1.4831704487104613
Labour,2017,E14000838,North Devo,32.09454770623592,22.21486756274889,22,Female,3,0.7795841550498563
Conservatives,2017,E14000838,North Devo,32.09454770623592,22.21486756274889,56,Female,8,1.252164497778968
Conservatives,2017,E14000846,North East,33.07364870291543,20.27605355852083,42,Female,7,0.5394304457954463
Conservatives,2017,E14000846,North East,33.07364870291543,20.27605355852083,56,Male,5,1.1536616582409367
Conservatives,2017,E14000846,North East,33.07364870291543,20.27605355852083,80,Female,7,1.1547581726920901
Conservatives,2017,E14000846,North East,33.07364870291543,20.27605355852083,85,Male,8,0.7694871470087782
Labour,2017,E14000846,North East,33.07364870291543,20.27605355852083,85,Male,3,0.5516816983158923
Conservatives,2017,E14000846,North East,33.07364870291543,20.27605355852083,95,Female,,0.5773790863460451
Conservatives,2017,E14000879,"Plymouth,",37.35359671357399,17.82623896512543,62,Male,6,1.370400225357557
Labour,2017,E14000880,"Plymouth,",46.35250773600487,12.51916986542528,31,Female,5,0.6158837494067834
Conservatives,2017,E14000880,"Plymouth,",46.35250773600487,12.51916986542528,54,Male,7,1.567824027738733
Conservatives,2017,E14000880,"Plymouth,",46.35250773600487,12.51916986542528,74,Male,5,0.7026342761466455
Conservatives,2017,E14000880,"Plymouth,",46.35250773600487,12.51916986542528,20,Female,7,3.8766685065677207
Labour,2017,E14000880,"Plymouth,",46.35250773600487,12.51916986542528,30,Female,3,1.0293026817041946
Conservatives,2017,E14000938,South East,29.95822738830367,21.7228932074101,78,Female,8,1.4061942914964438
Conservatives,2017,E14000938,South East,29.95822738830367,21.7228932074101,50,Male,5,1.8938529023216997
Labour,2017,E14000938,South East,29.95822738830367,21.7228932074101,52,Male,5,2.053194383879739
Conservatives,2017,E14000938,South East,29.95822738830367,21.7228932074101,65,Male,7,0.49789202251827297
Conservatives,2017,E14000938,South East,29.95822738830367,21.7228932074101,46,Male,7,1.567824027738733
Conservatives,2017,E14000961,St. Austel,32.97921757922162,20.96924040151072,56,Female,7,0.626082248889484
Labour,2017,E14000961,St. Austel,32.97921757922162,20.96924040151072,36,Female,,0.9419046544386972
Labour,2017,E14000961,St. Austel,32.97921757922162,20.96924040151072,31,Male,5,1.348077238219378
Conservatives,2017,E14000961,St. Austel,32.97921757922162,20.96924040151072,71,Male,8,1.405268552293291
Labour,2017,E14000961,St. Austel,32.97921757922162,20.96924040151072,53,Female,5,1.0071877668711067
Conservatives,2017,E14000964,St. Ives,30.04102648500594,23.02890662654143,71,Female,5,1.2840244466303954
Labour,2017,E14000964,St. Ives,30.04102648500594,23.02890662654143,63,Female,,0.5466040977913881
Conservatives,2017,E14000964,St. Ives,30.04102648500594,23.02890662654143,57,Male,8,1.370400225357557
Conservatives,2017,E14000964,St. Ives,30.04102648500594,23.02890662654143,83,Male,4,1.5389742940175564
Conservatives,2017,E14000964,St. Ives,30.04102648500594,23.02890662654143,68,Female,5,0.6420122233151977
Conservatives,2017,E14000990,Tewkesbury,32.2395907636497,20.07764892901543,85,Male,9,
Labour,2017,E14000990,Tewkesbury,32.2395907636497,20.07764892901543,27,Male,4,1.1264946654138068
Labour,2017,E14000990,Tewkesbury,32.2395907636497,20.07764892901543,65,Female,3,0.7943659515821292
Labour,2017,E14000990,Tewkesbury,32.2395907636497,20.07764892901543,20,Male,2,2.2224778653266477
Conservatives,2017,E14000990,Tewkesbury,32.2395907636497,20.07764892901543,35,Female,,1.0788608915908926
Conservatives,2017,E14000990,Tewkesbury,32.2395907636497,20.07764892901543,36,Male,4,1.4831704487104613
Conservatives,2017,E14000990,Tewkesbury,32.2395907636497,20.07764892901543,63,Male,5,1.370400225357557
Conservatives,2017,E14000991,The Cotswo,29.95701348023872,22.40828846876174,68,Male,10,0.7026342761466455
Conservatives,2017,E14000991,The Cotswo,29.95701348023872,22.40828846876174,47,Male,7,1.567824027738733
Conservatives,2017,E14000991,The Cotswo,29.95701348023872,22.40828846876174,62,Male,7,1.1536616582409367
Labour,2017,E14000991,The Cotswo,29.95701348023872,22.40828846876174,61,Female,4,0.9203095244599395
Labour,2017,E14000991,The Cotswo,29.95701348023872,22.40828846876174,50,Male,2,0.684398127959913
Conservatives,2017,E14001003,Truro and,33.86419379766824,20.92530994859389,73,Female,7,0.6420122233151977
Labour,2017,E14001003,Truro and,33.86419379766824,20.92530994859389,86,Female,2,0.6138423213452996
Conservatives,2017,E14001003,Truro and,33.86419379766824,20.92530994859389,75,Male,7,0.7694871470087782
Labour,2017,E14001003,Truro and,33.86419379766824,20.92530994859389,19,Female,4,1.353817582419771
Labour,2017,E14001003,Truro and,33.86419379766824,20.92530994859389,87,Female,6,0.6138423213452996
Conservatives,2017,E14001003,Truro and,33.86419379766824,20.92530994859389,95,Female,9,0.7030971457482219
Conservatives,2017,E14001031,West Dorse,28.42342342342343,26.5723863398282,61,Female,5,0.626082248889484
Conservatives,2017,E14001031,West Dorse,28.42342342342343,26.5723863398282,75,Female,7,0.7030971457482219
Conservatives,2017,E14001031,West Dorse,28.42342342342343,26.5723863398282,62,Female,7,1.054125754044738
Conservatives,2017,E14001031,West Dorse,28.42342342342343,26.5723863398282,67,Male,5,0.9957840450365459
Labour,2017,E14001031,West Dorse,28.42342342342343,26.5723863398282,62,Male,1,0.5982172311412292
Conservatives,2017,E14001038,Weston-Sup,33.69994630254679,20.71762810678122,67,Female,6,0.6420122233151977
Conservatives,2017,E14001038,Weston-Sup,33.69994630254679,20.71762810678122,21,Male,5,2.4431355026477455
Labour,2017,E14001038,Weston-Sup,33.69994630254679,20.71762810678122,64,Female,3,0.9203095244599395
Labour,2017,E14001038,Weston-Sup,33.69994630254679,20.71762810678122,41,Female,2,0.9419046544386972
Conservatives,2017,E14001038,Weston-Sup,33.69994630254679,20.71762810678122,59,Male,6,0.5768308291204683
Conservatives,2017,E14001038,Weston-Sup,33.69994630254679,20.71762810678122,72,Female,5,1.2840244466303954
Conservatives,2017,E14001038,Weston-Sup,33.69994630254679,20.71762810678122,71,Male,5,
Labour,2017,W07000057,Arfon,42.42154095058854,15.92458686213329,26,Male,5,0.4118532430848628
Conservatives,2017,W07000057,Arfon,42.42154095058854,15.92458686213329,35,Female,,0.9909423174293218
Conservatives,2017,W07000057,Arfon,42.42154095058854,15.92458686213329,,Female,10,
Labour,2017,W07000057,Arfon,42.42154095058854,15.92458686213329,24,Male,0,0.9358012999147931
Labour,2017,W07000072,Blaenau Gw,36.08302059758788,17.87177356977111,34,Male,5,0.8237064861697256
Labour,2017,W07000072,Blaenau Gw,36.08302059758788,17.87177356977111,47,Female,5,0.9145261322520873
Labour,2017,W07000072,Blaenau Gw,36.08302059758788,17.87177356977111,47,Male,5,1.0008803315831283
Labour,2017,W07000072,Blaenau Gw,36.08302059758788,17.87177356977111,66,Female,6,1.229559049198124
Labour,2017,W07000072,Blaenau Gw,36.08302059758788,17.87177356977111,65,Female,8,0.8197060327987493
Labour,2017,W07000072,Blaenau Gw,36.08302059758788,17.87177356977111,42,Male,5,0.9468384871232511
Labour,2017,W07000072,Blaenau Gw,36.08302059758788,17.87177356977111,25,Female,3,0.45034162583143966
Labour,2017,W07000050,Cardiff Ce,55.42072942324937,10.39762988524013,19,Female,3,0.9899277448598872
Labour,2017,W07000050,Cardiff Ce,55.42072942324937,10.39762988524013,23,Female,1,0.5700413368525139
Labour,2017,W07000050,Cardiff Ce,55.42072942324937,10.39762988524013,22,Female,3,2.4748193621497165
Labour,2017,W07000050,Cardiff Ce,55.42072942324937,10.39762988524013,22,Female,,0.28502066842625695
Conservatives,2017,W07000079,Cardiff We,39.4443406901249,14.30125127709361,79,Male,5,1.1253165655827342
Labour,2017,W07000079,Cardiff We,39.4443406901249,14.30125127709361,67,Female,,0.40985301639937466
Labour,2017,W07000079,Cardiff We,39.4443406901249,14.30125127709361,34,Female,2,0.45034162583143966
Conservatives,2017,W07000079,Cardiff We,39.4443406901249,14.30125127709361,78,Female,10,1.0282262262600026
Labour,2017,W07000079,Cardiff We,39.4443406901249,14.30125127709361,41,Male,4,0.37688280959787546
Labour,2017,W07000079,Cardiff We,39.4443406901249,14.30125127709361,54,Male,0,0.40300443742599407
Conservatives,2017,W07000079,Cardiff We,39.4443406901249,14.30125127709361,51,Female,5,0.4217764239501498
Labour,2017,W07000059,Clwyd West,31.27029220779221,23.93127705627706,32,Male,5,0.9857303359454174
Labour,2017,W07000059,Clwyd West,31.27029220779221,23.93127705627706,29,Female,1,0.7526385354343342
Labour,2017,W07000059,Clwyd West,31.27029220779221,23.93127705627706,87,Female,1,0.4488489090109166
Labour,2017,W07000059,Clwyd West,31.27029220779221,23.93127705627706,45,Female,0,0.9145261322520873
Conservatives,2017,W07000059,Clwyd West,31.27029220779221,23.93127705627706,60,Male,3,0.4217856594950255
Conservatives,2017,W07000059,Clwyd West,31.27029220779221,23.93127705627706,55,Male,7,0.5010265866908555
Conservatives,2017,W07000059,Clwyd West,31.27029220779221,23.93127705627706,79,Female,8,0.5141131131300013
Conservatives,2017,W07000059,Clwyd West,31.27029220779221,23.93127705627706,45,Male,8,0.9232053894788166
Conservatives,2017,W07000059,Clwyd West,31.27029220779221,23.93127705627706,88,Male,8,0.4620515489326831
Conservatives,2017,W07000042,Delyn,33.8023742517964,18.78687447322181,72,Female,7,0.33265379245709714
Labour,2017,W07000042,Delyn,33.8023742517964,18.78687447322181,63,Male,5,0.43742365459717086
Conservatives,2017,W07000042,Delyn,33.8023742517964,18.78687447322181,78,Female,7,0.5141131131300013
Labour,2017,W07000042,Delyn,33.8023742517964,18.78687447322181,24,Male,2,1.0834017471745585
Labour,2017,W07000042,Delyn,33.8023742517964,18.78687447322181,60,Female,0,0.7993670179562289
Labour,2017,W07000042,Delyn,33.8023742517964,18.78687447322181,89,Female,3,0.4488489090109166
Conservatives,2017,W07000042,Delyn,33.8023742517964,18.78687447322181,27,Male,5,1.1290589807521514
Labour,2017,W07000042,Delyn,33.8023742517964,18.78687447322181,46,Male,5,1.501320497374692
Labour,2017,W07000042,Delyn,33.8023742517964,18.78687447322181,68,Female,3,0.8712749471435264
Conservatives,2017,W07000063,Montgomery,32.32098339578859,21.37067059690493,64,Male,4,0.4217856594950255
Conservatives,2017,W07000063,Montgomery,32.32098339578859,21.37067059690493,66,Female,2,0.9388941621853387
Labour,2017,W07000063,Montgomery,32.32098339578859,21.37067059690493,73,Female,3,0.8197060327987493
Conservatives,2017,W07000063,Montgomery,32.32098339578859,21.37067059690493,52,Male,7,1.3848080842182249
Labour,2017,W07000056,Newport We,37.50073184154752,16.98106579548249,26,Male,2,0.9857303359454174
Labour,2017,W07000056,Newport We,37.50073184154752,16.98106579548249,32,Female,5,0.45034162583143966
Conservatives,2017,W07000056,Newport We,37.50073184154752,16.98106579548249,51,Male,5,0.9232053894788166
Labour,2017,W07000056,Newport We,37.50073184154752,16.98106579548249,77,Male,4,0.9824630025066106
Conservatives,2017,W07000056,Newport We,37.50073184154752,16.98106579548249,31,Female,7,0.8620748157022687
Labour,2017,W07000056,Newport We,37.50073184154752,16.98106579548249,35,Female,4,0.6887320437772401
Conservatives,2017,W07000056,Newport We,37.50073184154752,16.98106579548249,68,Male,4,1.092193956044556
Labour,2017,W07000075,Pontypridd,37.64993971335878,16.16427798978235,36,Male,5,1.8936769742465023
Labour,2017,W07000075,Pontypridd,37.64993971335878,16.16427798978235,36,Female,5,0.8651469233355858
Labour,2017,W07000075,Pontypridd,37.64993971335878,16.16427798978235,34,Male,0,0.9857303359454174
Conservatives,2017,W07000075,Pontypridd,37.64993971335878,16.16427798978235,50,Female,5,0.5237507181725429
Labour,2017,W07000075,Pontypridd,37.64993971335878,16.16427798978235,65,Male,5,
Conservatives,2017,W07000075,Pontypridd,37.64993971335878,16.16427798978235,64,Male,6,1.002053173381711
Labour,2017,W07000047,Swansea We,42.98358704814797,17.24227698715724,79,Male,0,1.2101889351699744
Conservatives,2017,W07000047,Swansea We,42.98358704814797,17.24227698715724,80,Male,5,1.1253165655827342
Conservatives,2017,W07000047,Swansea We,42.98358704814797,17.24227698715724,74,Female,8,0.6653075849141943
Conservatives,2017,W07000047,Swansea We,42.98358704814797,17.24227698715724,71,Female,6,0.33265379245709714
Labour,2017,W07000078,Vale of Gl,35.71874392477464,17.68594026582628,31,Male,7,0.9857303359454174
Labour,2017,W07000078,Vale of Gl,35.71874392477464,17.68594026582628,,Female,5,
Labour,2017,W07000078,Vale of Gl,35.71874392477464,17.68594026582628,83,Male,3,0.8067926234466494
Labour,2017,W07000078,Vale of Gl,35.71874392477464,17.68594026582628,61,Male,4,0.7364839692502463
Conservatives,2017,W07000078,Vale of Gl,35.71874392477464,17.68594026582628,52,Female,5,1.2653292718504494
Labour,2017,W07000041,Ynys Mon,32.12140327737237,22.43121962409141,79,Male,0,0.9824630025066106
Labour,2017,W07000041,Ynys Mon,32.12140327737237,22.43121962409141,40,Male,5,0.9468384871232511
Labour,2017,W07000041,Ynys Mon,32.12140327737237,22.43121962409141,21,Male,2,1.0834017471745585
Conservatives,2017,W07000041,Ynys Mon,32.12140327737237,22.43121962409141,70,Female,5,0.46944708109266936
Labour,2017,W07000041,Ynys Mon,32.12140327737237,22.43121962409141,53,Female,5,0.45726306612604367
Labour,2017,W07000041,Ynys Mon,32.12140327737237,22.43121962409141,67,Female,4,0.8197060327987493
Conservatives,2017,W07000041,Ynys Mon,32.12140327737237,22.43121962409141,62,Male,6,0.4217856594950255
Labour,2017,W07000041,Ynys Mon,32.12140327737237,22.43121962409141,38,Female,,0.6887320437772401
Labour,2017,W07000041,Ynys Mon,32.12140327737237,22.43121962409141,52,Female,3,0.36823392148855705
Conservatives,2017,W07000041,Ynys Mon,32.12140327737237,22.43121962409141,58,Female,6,0.4577988916588045
Conservatives,2017,E14000560,Birmingham,44.11192113329468,13.80374451163947,63,Male,8,0.46497891664320073
Labour,2017,E14000560,Birmingham,44.11192113329468,13.80374451163947,33,Female,3,0.8358812360895516
Labour,2017,E14000560,Birmingham,44.11192113329468,13.80374451163947,40,Female,0,0.4014508309895255
Labour,2017,E14000560,Birmingham,44.11192113329468,13.80374451163947,31,Female,3,0.6984879847226868
Labour,2017,E14000560,Birmingham,44.11192113329468,13.80374451163947,20,Female,3,0.9187048004780028
Conservatives,2017,E14000560,Birmingham,44.11192113329468,13.80374451163947,36,Male,6,0.8012486689575534
Labour,2017,E14000560,Birmingham,44.11192113329468,13.80374451163947,54,Male,3,0.7480184552855446
Labour,2017,E14000561,Birmingham,42.19763136901962,14.14019513592014,72,Male,5,0.8325621359973165
Conservatives,2017,E14000561,Birmingham,42.19763136901962,14.14019513592014,74,Male,8,0.953619587836257
Conservatives,2017,E14000561,Birmingham,42.19763136901962,14.14019513592014,67,Male,8,0.4768097939181285
Conservatives,2017,E14000561,Birmingham,42.19763136901962,14.14019513592014,72,Male,1,0.953619587836257
Conservatives,2017,E14000561,Birmingham,42.19763136901962,14.14019513592014,29,Male,8,0.8755954223003604
Labour,2017,E14000562,Birmingham,47.7438224737714,10.98409028161237,64,Female,0,0.3122624454824141
Labour,2017,E14000562,Birmingham,47.7438224737714,10.98409028161237,40,Female,3,0.31958970649455537
Labour,2017,E14000562,Birmingham,47.7438224737714,10.98409028161237,38,Female,4,0.802901661979051
Labour,2017,E14000563,Birmingham,51.95105113496277,10.48751623136475,56,Female,5,0.7418544641802286
Labour,2017,E14000563,Birmingham,51.95105113496277,10.48751623136475,41,Female,0,0.802901661979051
Labour,2017,E14000563,Birmingham,51.95105113496277,10.48751623136475,23,Male,4,1.4474543739670616
Labour,2017,E14000563,Birmingham,51.95105113496277,10.48751623136475,60,Male,4,1.0252435516711296
Conservatives,2017,E14000563,Birmingham,51.95105113496277,10.48751623136475,80,Female,8,1.4313716959859744
Labour,2017,E14000563,Birmingham,51.95105113496277,10.48751623136475,42,Male,3,0.8787157122468366
Labour,2017,E14000567,Birmingham,46.01843043423948,13.74499120758742,85,Female,5,0.8331105972911348
Labour,2017,E14000567,Birmingham,46.01843043423948,13.74499120758742,35,Female,3,0.6391794129891107
Labour,2017,E14000567,Birmingham,46.01843043423948,13.74499120758742,62,Male,5,0.34174785055704343
Labour,2017,E14000567,Birmingham,46.01843043423948,13.74499120758742,43,Female,,0.31958970649455537
Labour,2017,E14000567,Birmingham,46.01843043423948,13.74499120758742,27,Female,5,0.6984879847226868
Labour,2017,E14000567,Birmingham,46.01843043423948,13.74499120758742,56,Female,5,0.3709272320901143
Conservatives,2017,E14000567,Birmingham,46.01843043423948,13.74499120758742,70,Female,7,0.871342962574031
Labour,2017,E14000567,Birmingham,46.01843043423948,13.74499120758742,71,Male,5,0.41628106799865827
Conservatives,2017,E14000567,Birmingham,46.01843043423948,13.74499120758742,73,Male,7,0.4768097939181285
Labour,2017,E14000567,Birmingham,46.01843043423948,13.74499120758742,67,Male,5,0.8325621359973165
Labour,2017,E14000568,Birmingham,43.50465626112537,13.90694972736982,48,Male,6,0.4644346873314386
Labour,2017,E14000568,Birmingham,43.50465626112537,13.90694972736982,66,Male,10,0.8325621359973165
Labour,2017,E14000568,Birmingham,43.50465626112537,13.90694972736982,60,Male,8,0.6834957011140869
Conservatives,2017,E14000568,Birmingham,43.50465626112537,13.90694972736982,52,Male,,2.127860472921122
Conservatives,2017,E14000568,Birmingham,43.50465626112537,13.90694972736982,30,Male,7,1.0478258751972005
Conservatives,2017,E14000568,Birmingham,43.50465626112537,13.90694972736982,70,Male,6,0.3378710670825155
Labour,2017,E14000568,Birmingham,43.50465626112537,13.90694972736982,51,Female,0,0.8487281543780664
Conservatives,2017,E14000568,Birmingham,43.50465626112537,13.90694972736982,44,Male,7,
Labour,2017,E14000568,Birmingham,43.50465626112537,13.90694972736982,27,Female,,0.4179406180447758
Conservatives,2017,E14000605,Bromsgrove,31.9852195179256,20.43529801253778,53,Female,2,0.4860681009673297
Labour,2017,E14000605,Bromsgrove,31.9852195179256,20.43529801253778,55,Male,4,0.6834957011140869
Conservatives,2017,E14000605,Bromsgrove,31.9852195179256,20.43529801253778,56,Female,4,0.42486135135042774
Conservatives,2017,E14000605,Bromsgrove,31.9852195179256,20.43529801253778,69,Male,5,0.4768097939181285
Conservatives,2017,E14000605,Bromsgrove,31.9852195179256,20.43529801253778,67,Female,7,0.871342962574031
Conservatives,2017,E14000605,Bromsgrove,31.9852195179256,20.43529801253778,65,Female,7,0.6174402881713436
Conservatives,2017,E14000605,Bromsgrove,31.9852195179256,20.43529801253778,61,Female,5,0.7153329984217323
Labour,2017,E14000618,Cannock Ch,36.32492663807432,16.06472266113973,30,Female,7,0.8358812360895516
Conservatives,2017,E14000618,Cannock Ch,36.32492663807432,16.06472266113973,39,Female,,0.919646376966603
Labour,2017,E14000618,Cannock Ch,36.32492663807432,16.06472266113973,58,Male,5,0.811904128170348
Labour,2017,E14000618,Cannock Ch,36.32492663807432,16.06472266113973,67,Male,4,0.8325621359973165
Labour,2017,E14000618,Cannock Ch,36.32492663807432,16.06472266113973,24,Male,7,0.5789817495868246
Conservatives,2017,E14000618,Cannock Ch,36.32492663807432,16.06472266113973,65,Male,9,0.953619587836257
Labour,2017,E14000618,Cannock Ch,36.32492663807432,16.06472266113973,64,Female,0,0.3709272320901143
Conservatives,2017,E14000618,Cannock Ch,36.32492663807432,16.06472266113973,61,Female,8,0.8497227027008555
Conservatives,2017,E14000618,Cannock Ch,36.32492663807432,16.06472266113973,65,Male,8,0.675742134165031
Labour,2017,E14000618,Cannock Ch,36.32492663807432,16.06472266113973,73,Male,5,0.294979948912514
Conservatives,2017,E14000618,Cannock Ch,36.32492663807432,16.06472266113973,29,Female,,0.9574212967118985
Conservatives,2017,E14000618,Cannock Ch,36.32492663807432,16.06472266113973,69,Male,5,0.4768097939181285
Conservatives,2017,E14000618,Cannock Ch,36.32492663807432,16.06472266113973,61,Male,8,0.3914391854990445
Conservatives,2017,E14000618,Cannock Ch,36.32492663807432,16.06472266113973,63,Male,7,0.782878370998089
Labour,2017,E14000650,Coventry N,40.20243476881592,16.21956538980093,73,Male,4,0.8325621359973165
Labour,2017,E14000650,Coventry N,40.20243476881592,16.21956538980093,51,Female,5,1.3669614701758248
Labour,2017,E14000650,Coventry N,40.20243476881592,16.21956538980093,38,Female,3,1.2043524929685758
Conservatives,2017,E14000650,Coventry N,40.20243476881592,16.21956538980093,68,Male,6,0.675742134165031
Conservatives,2017,E14000650,Coventry N,40.20243476881592,16.21956538980093,32,Male,6,0.5239129375986002
Conservatives,2017,E14000650,Coventry N,40.20243476881592,16.21956538980093,42,Male,2,1.5097260836891548
Labour,2017,E14000650,Coventry N,40.20243476881592,16.21956538980093,23,Male,5,1.5081803563093379
Conservatives,2017,E14000722,Halesowen,36.19372645128781,18.57213206747672,77,Female,10,0.9542477973239829
Labour,2017,E14000722,Halesowen,36.19372645128781,18.57213206747672,24,Male,2,1.0054535708728916
Conservatives,2017,E14000722,Halesowen,36.19372645128781,18.57213206747672,81,Female,9,0.47712389866199145
Labour,2017,E14000722,Halesowen,36.19372645128781,18.57213206747672,45,Female,5,0.3417403675439562
Conservatives,2017,E14000722,Halesowen,36.19372645128781,18.57213206747672,51,Female,7,0.7828612288592685
Conservatives,2017,E14000767,Kenilworth,31.66048068147246,21.01734104046243,48,Female,7,0.7828612288592685
Conservatives,2017,E14000767,Kenilworth,31.66048068147246,21.01734104046243,50,Female,3,0.3914306144296342
Labour,2017,E14000767,Kenilworth,31.66048068147246,21.01734104046243,40,Female,4,0.6391794129891107
Conservatives,2017,E14000767,Kenilworth,31.66048068147246,21.01734104046243,58,Female,6,0.42486135135042774
Labour,2017,E14000767,Kenilworth,31.66048068147246,21.01734104046243,45,Female,5,0.8487281543780664
Conservatives,2017,E14000767,Kenilworth,31.66048068147246,21.01734104046243,77,Female,7,0.47712389866199145
Conservatives,2017,E14000767,Kenilworth,31.66048068147246,21.01734104046243,66,Male,5,0.953619587836257
Conservatives,2017,E14000767,Kenilworth,31.66048068147246,21.01734104046243,54,Female,5,1.1742918432889022
Conservatives,2017,E14000767,Kenilworth,31.66048068147246,21.01734104046243,79,Male,10,1.0443527178891265
Labour,2017,E14000767,Kenilworth,31.66048068147246,21.01734104046243,76,Female,0,0.34207266975694445
Conservatives,2017,E14000791,Lichfield,31.90514599128892,20.06452653653815,80,Male,9,1.0443527178891265
Conservatives,2017,E14000791,Lichfield,31.90514599128892,20.06452653653815,47,Male,7,
Labour,2017,E14000791,Lichfield,31.90514599128892,20.06452653653815,26,Female,,0.8358812360895516
Conservatives,2017,E14000791,Lichfield,31.90514599128892,20.06452653653815,71,Female,10,0.871342962574031
Conservatives,2017,E14000791,Lichfield,31.90514599128892,20.06452653653815,79,Male,5,0.4288080400583523
Labour,2017,E14000791,Lichfield,31.90514599128892,20.06452653653815,62,Female,5,0.3709272320901143
Conservatives,2017,E14000791,Lichfield,31.90514599128892,20.06452653653815,72,Male,8,0.953619587836257
Conservatives,2017,E14000791,Lichfield,31.90514599128892,20.06452653653815,72,Male,5,0.675742134165031
Labour,2017,E14000791,Lichfield,31.90514599128892,20.06452653653815,42,Female,4,0.6391794129891107
Conservatives,2017,E14000791,Lichfield,31.90514599128892,20.06452653653815,59,Female,7,0.8497227027008555
Labour,2017,E14000791,Lichfield,31.90514599128892,20.06452653653815,80,Female,5,0.8331105972911348
Conservatives,2017,E14000849,North Shro,34.11880922238846,19.53331798826102,53,Male,7,0.8567829597112665
Conservatives,2017,E14000849,North Shro,34.11880922238846,19.53331798826102,75,Male,6,1.0443527178891265
Labour,2017,E14000849,North Shro,34.11880922238846,19.53331798826102,89,Female,2,0.4165552986455674
Conservatives,2017,E14000849,North Shro,34.11880922238846,19.53331798826102,72,Male,5,0.675742134165031
Conservatives,2017,E14000849,North Shro,34.11880922238846,19.53331798826102,53,Female,5,0.7828612288592685
Conservatives,2017,E14000849,North Shro,34.11880922238846,19.53331798826102,88,Female,8,0.47712389866199145
Conservatives,2017,E14000849,North Shro,34.11880922238846,19.53331798826102,65,Male,6,0.675742134165031
Conservatives,2017,E14000849,North Shro,34.11880922238846,19.53331798826102,50,Male,5,1.063930236460561
Conservatives,2017,E14000854,North Warw,33.95383966057268,18.13426039051914,90,Male,5,0.5221763589445633
Labour,2017,E14000854,North Warw,33.95383966057268,18.13426039051914,55,Male,10,0.405952064085174
Labour,2017,E14000854,North Warw,33.95383966057268,18.13426039051914,69,Male,5,0.294979948912514
Conservatives,2017,E14000854,North Warw,33.95383966057268,18.13426039051914,48,Male,5,1.063930236460561
Conservatives,2017,E14000854,North Warw,33.95383966057268,18.13426039051914,71,Male,7,0.953619587836257
Conservatives,2017,E14000854,North Warw,33.95383966057268,18.13426039051914,67,Male,5,0.953619587836257
Conservatives,2017,E14000854,North Warw,33.95383966057268,18.13426039051914,32,Male,4,0.8755954223003604
Conservatives,2017,E14000854,North Warw,33.95383966057268,18.13426039051914,40,Female,8,1.3794695654499038
Labour,2017,E14000905,Rugby,35.75179442562844,17.45124237433842,36,Female,5,0.802901661979051
Labour,2017,E14000905,Rugby,35.75179442562844,17.45124237433842,42,Female,4,0.4014508309895255
Labour,2017,E14000905,Rugby,35.75179442562844,17.45124237433842,53,Male,4,0.7480184552855446
Conservatives,2017,E14000905,Rugby,35.75179442562844,17.45124237433842,65,Male,5,
Conservatives,2017,E14000905,Rugby,35.75179442562844,17.45124237433842,78,Male,7,0.8576160801167046
Labour,2017,E14000945,South Staf,31.71213496342961,20.77732101863221,62,Female,3,0.6245248909648282
Conservatives,2017,E14000945,South Staf,31.71213496342961,20.77732101863221,75,Male,6,0.5221763589445633
Labour,2017,E14000945,South Staf,31.71213496342961,20.77732101863221,52,Female,3,0.6834807350879124
Labour,2017,E14000945,South Staf,31.71213496342961,20.77732101863221,32,Female,3,0.6984879847226868
Labour,2017,E14000945,South Staf,31.71213496342961,20.77732101863221,78,Female,5,0.4165552986455674
Labour,2017,E14000945,South Staf,31.71213496342961,20.77732101863221,62,Female,,0.7418544641802286
Conservatives,2017,E14000945,South Staf,31.71213496342961,20.77732101863221,75,Male,7,1.0443527178891265
Conservatives,2017,E14000965,Stafford,35.03963046559235,18.29300299196893,75,Female,8,0.7836224690975301
Conservatives,2017,E14000965,Stafford,35.03963046559235,18.29300299196893,57,Female,5,0.8497227027008555
Labour,2017,E14000965,Stafford,35.03963046559235,18.29300299196893,63,Female,4,0.3122624454824141
Labour,2017,E14000965,Stafford,35.03963046559235,18.29300299196893,49,Female,3,0.8487281543780664
Conservatives,2017,E14000965,Stafford,35.03963046559235,18.29300299196893,68,Female,8,0.871342962574031
Conservatives,2017,E14000965,Stafford,35.03963046559235,18.29300299196893,64,Female,6,0.7153329984217323
Conservatives,2017,E14000965,Stafford,35.03963046559235,18.29300299196893,76,Female,6,0.9542477973239829
Labour,2017,E14000965,Stafford,35.03963046559235,18.29300299196893,42,Female,2,0.31958970649455537
Conservatives,2017,E14000965,Stafford,35.03963046559235,18.29300299196893,62,Female,3,0.7153329984217323
Conservatives,2017,E14000989,Telford,40.06684447592382,13.26043891587999,48,Male,5,0.5319651182302805
Labour,2017,E14000989,Telford,40.06684447592382,13.26043891587999,45,Male,2,0.7480184552855446
Labour,2017,E14000989,Telford,40.06684447592382,13.26043891587999,69,Male,3,0.8325621359973165
Conservatives,2017,E14000989,Telford,40.06684447592382,13.26043891587999,50,Female,5,1.9442724038693189
Labour,2017,E14000989,Telford,40.06684447592382,13.26043891587999,71,Male,6,0.589959897825028
Conservatives,2017,E14001029,West Bromw,39.68874247415654,16.48869703510167,49,Male,,0.5319651182302805
Conservatives,2017,E14001029,West Bromw,39.68874247415654,16.48869703510167,57,Male,7,1.1743175564971335
Labour,2017,E14001029,West Bromw,39.68874247415654,16.48869703510167,39,Male,3,0.8787157122468366
Labour,2017,E14001029,West Bromw,39.68874247415654,16.48869703510167,80,Male,4,0.9117771285646783
Conservatives,2017,E14001029,West Bromw,39.68874247415654,16.48869703510167,26,Female,4,0.9574212967118985
Labour,2017,E14001029,West Bromw,39.68874247415654,16.48869703510167,76,Female,4,0.8331105972911348
Labour,2017,E14001029,West Bromw,39.68874247415654,16.48869703510167,54,Female,4,0.6834807350879124
Conservatives,2017,E14001029,West Bromw,39.68874247415654,16.48869703510167,53,Male,8,1.063930236460561
Labour,2017,E14001029,West Bromw,39.68874247415654,16.48869703510167,71,Male,3,0.8325621359973165
Conservatives,2017,E14001035,West Worce,29.30677082196862,24.37648650417857,68,Female,8,0.4356714812870155
Conservatives,2017,E14001035,West Worce,29.30677082196862,24.37648650417857,73,Female,9,0.871342962574031
Conservatives,2017,E14001035,West Worce,29.30677082196862,24.37648650417857,61,Male,,0.782878370998089
Labour,2017,E14001035,West Worce,29.30677082196862,24.37648650417857,43,Female,2,0.6391794129891107
Conservatives,2017,E14001035,West Worce,29.30677082196862,24.37648650417857,62,Male,6,0.782878370998089
Labour,2017,E14001035,West Worce,29.30677082196862,24.37648650417857,84,Female,5,0.4165552986455674
Conservatives,2017,E14001058,Wyre Fores,32.24291911201837,20.88594029089053,68,Female,5,0.6174402881713436
Conservatives,2017,E14001058,Wyre Fores,32.24291911201837,20.88594029089053,80,Female,,0.47712389866199145
Labour,2017,E14001058,Wyre Fores,32.24291911201837,20.88594029089053,35,Female,5,0.6391794129891107
Labour,2017,E14001058,Wyre Fores,32.24291911201837,20.88594029089053,36,Female,3,0.6391794129891107
Labour,2017,E14001058,Wyre Fores,32.24291911201837,20.88594029089053,23,Male,4,1.4474543739670616
Labour,2017,E14001058,Wyre Fores,32.24291911201837,20.88594029089053,81,Male,2,0.7487458150348011
Conservatives,2017,E14000556,Beverley a,30.41765248426034,20.98187432329471,66,Female,8,0.4022949017773311
Conservatives,2017,E14000556,Beverley a,30.41765248426034,20.98187432329471,,Female,7,
Labour,2017,E14000556,Beverley a,30.41765248426034,20.98187432329471,50,Male,4,1.4621203868375736
Labour,2017,E14000556,Beverley a,30.41765248426034,20.98187432329471,58,Female,4,0.40691089402716846
Conservatives,2017,E14000556,Beverley a,30.41765248426034,20.98187432329471,77,Female,8,1.243485503780909
Labour,2017,E14000556,Beverley a,30.41765248426034,20.98187432329471,39,Female,5,
Labour,2017,E14000556,Beverley a,30.41765248426034,20.98187432329471,52,Male,5,0.9747469245583824
Conservatives,2017,E14000588,Bradford S,41.99812890836575,12.95780195972229,48,Female,5,0.5100753663191836
Labour,2017,E14000588,Bradford S,41.99812890836575,12.95780195972229,45,Female,2,1.1059822821488077
Labour,2017,E14000588,Bradford S,41.99812890836575,12.95780195972229,44,Female,6,0.416459087773665
Conservatives,2017,E14000588,Bradford S,41.99812890836575,12.95780195972229,67,Male,5,1.242666880574741
Conservatives,2017,E14000588,Bradford S,41.99812890836575,12.95780195972229,67,Male,8,0.6213334402873705
Labour,2017,E14000588,Bradford S,41.99812890836575,12.95780195972229,48,Female,5,0.4453237348719727
Labour,2017,E14000596,Brigg and,32.74975203561461,19.0874910617489,67,Male,3,0.38438997858562346
Conservatives,2017,E14000596,Brigg and,32.74975203561461,19.0874910617489,69,Male,8,0.8805632567186346
Conservatives,2017,E14000596,Brigg and,32.74975203561461,19.0874910617489,66,Female,8,0.8045898035546623
Conservatives,2017,E14000596,Brigg and,32.74975203561461,19.0874910617489,48,Female,5,1.0201507326383672
Conservatives,2017,E14000596,Brigg and,32.74975203561461,19.0874910617489,75,Male,8,0.5587820933017343
Labour,2017,E14000596,Brigg and,32.74975203561461,19.0874910617489,55,Female,2,0.8138217880543369
Conservatives,2017,E14000667,Don Valley,35.41985972533774,18.19307558794572,56,Female,5,1.1072782834868935
Labour,2017,E14000667,Don Valley,35.41985972533774,18.19307558794572,67,Female,5,0.49565579204029203
Labour,2017,E14000667,Don Valley,35.41985972533774,18.19307558794572,41,Male,3,0.9115665373831346
Conservatives,2017,E14000667,Don Valley,35.41985972533774,18.19307558794572,90,Male,7,1.360901716693629
Conservatives,2017,E14000667,Don Valley,35.41985972533774,18.19307558794572,89,Male,8,0.5587820933017343
Labour,2017,E14000667,Don Valley,35.41985972533774,18.19307558794572,31,Female,,0.9102034985079578
Labour,2017,E14000689,Elmet and,31.7657569035263,20.55750178171708,72,Female,,0.9913115840805841
Labour,2017,E14000689,Elmet and,31.7657569035263,20.55750178171708,32,Female,,0.4551017492539789
Conservatives,2017,E14000689,Elmet and,31.7657569035263,20.55750178171708,50,Male,8,1.1164785428640005
Conservatives,2017,E14000689,Elmet and,31.7657569035263,20.55750178171708,52,Male,4,0.5582392714320003
Labour,2017,E14000689,Elmet and,31.7657569035263,20.55750178171708,57,Male,0,1.586995039450322
Labour,2017,E14000689,Elmet and,31.7657569035263,20.55750178171708,60,Female,2,0.9667145941653862
Labour,2017,E14000716,Great Grim,39.86945140124429,15.47204877440704,35,Female,5,0.83291817554733
Conservatives,2017,E14000716,Great Grim,39.86945140124429,15.47204877440704,85,Male,4,0.6804508583468145
Conservatives,2017,E14000723,Halifax,39.2851831656174,15.12021018192634,73,Male,7,0.6213334402873705
Labour,2017,E14000723,Halifax,39.2851831656174,15.12021018192634,52,Female,,0.8906474697439454
Labour,2017,E14000773,Kingston u,38.02565677565677,15.66693441693442,45,Male,3,0.6052073714701864
Conservatives,2017,E14000773,Kingston u,38.02565677565677,15.66693441693442,89,Female,8,0.6217427518904545
Conservatives,2017,E14000773,Kingston u,38.02565677565677,15.66693441693442,70,Female,7,1.1354517619226443
Conservatives,2017,E14000779,Leeds Nort,37.76844172850284,15.20296813618507,53,Female,5,0.5100753663191836
Conservatives,2017,E14000779,Leeds Nort,37.76844172850284,15.20296813618507,54,Female,5,1.0201507326383672
Labour,2017,E14000779,Leeds Nort,37.76844172850284,15.20296813618507,31,Male,6,0.9961495328201859
Labour,2017,E14000779,Leeds Nort,37.76844172850284,15.20296813618507,42,Male,4,1.145059232190691
Labour,2017,E14000779,Leeds Nort,37.76844172850284,15.20296813618507,64,Female,1,0.9667145941653862
Conservatives,2017,E14000779,Leeds Nort,37.76844172850284,15.20296813618507,37,Female,6,0.4770136983921952
Conservatives,2017,E14000779,Leeds Nort,37.76844172850284,15.20296813618507,62,Female,5,0.4660771638184637
Labour,2017,E14000779,Leeds Nort,37.76844172850284,15.20296813618507,74,Female,4,0.35122548550468347
Labour,2017,E14000779,Leeds Nort,37.76844172850284,15.20296813618507,54,Female,2,0.8906474697439454
Labour,2017,E14000779,Leeds Nort,37.76844172850284,15.20296813618507,19,Female,2,1.7957538464096654
Labour,2017,E14000779,Leeds Nort,37.76844172850284,15.20296813618507,64,Female,3,0.8138217880543369
Conservatives,2017,E14000779,Leeds Nort,37.76844172850284,15.20296813618507,58,Female,7,0.4660771638184637
Labour,2017,E14000876,Penistone,30.90884076082595,20.00894280047236,80,Male,2,1.782212615887583
Conservatives,2017,E14000876,Penistone,30.90884076082595,20.00894280047236,47,Female,5,1.266795981291597
Conservatives,2017,E14000876,Penistone,30.90884076082595,20.00894280047236,73,Female,,0.5677258809613221
Conservatives,2017,E14000876,Penistone,30.90884076082595,20.00894280047236,71,Female,7,1.1354517619226443
Labour,2017,E14000876,Penistone,30.90884076082595,20.00894280047236,39,Female,3,0.416459087773665
Conservatives,2017,E14000876,Penistone,30.90884076082595,20.00894280047236,69,Female,7,1.1354517619226443
Labour,2017,E14000904,Rotherham,39.00687871389233,15.70286631659922,63,Female,5,0.9667145941653862
Labour,2017,E14000904,Rotherham,39.00687871389233,15.70286631659922,37,Female,4,0.83291817554733
Labour,2017,E14000904,Rotherham,39.00687871389233,15.70286631659922,37,Female,5,0.5231327651121511
Conservatives,2017,E14000904,Rotherham,39.00687871389233,15.70286631659922,81,Male,5,1.1175641866034687
Labour,2017,E14000904,Rotherham,39.00687871389233,15.70286631659922,75,Female,3,1.0856309584187123
Conservatives,2017,E14000913,Scarboroug,32.14714730130699,22.35443895727882,66,Female,5,0.4022949017773311
Labour,2017,E14000913,Scarboroug,32.14714730130699,22.35443895727882,67,Male,5,1.0849162555185219
Conservatives,2017,E14000913,Scarboroug,32.14714730130699,22.35443895727882,62,Female,7,1.1072782834868935
Labour,2017,E14000913,Scarboroug,32.14714730130699,22.35443895727882,59,Male,4,0.890666972054194
Labour,2017,E14000913,Scarboroug,32.14714730130699,22.35443895727882,52,Female,1,1.1059822821488077
Conservatives,2017,E14000913,Scarboroug,32.14714730130699,22.35443895727882,58,Male,,
Labour,2017,E14000913,Scarboroug,32.14714730130699,22.35443895727882,22,Female,3,0.5985846154698887
Labour,2017,E14000913,Scarboroug,32.14714730130699,22.35443895727882,24,Female,4,0.6893795556161504
Labour,2017,E14000913,Scarboroug,32.14714730130699,22.35443895727882,52,Male,3,0.9747469245583824
Conservatives,2017,E14000913,Scarboroug,32.14714730130699,22.35443895727882,74,Male,10,1.242666880574741
Labour,2017,E14000917,Selby and,33.4755063613761,17.09197207860434,,Female,3,
Conservatives,2017,E14000917,Selby and,33.4755063613761,17.09197207860434,80,Female,7,0.5105713544701795
Labour,2017,E14000917,Selby and,33.4755063613761,17.09197207860434,53,Male,3,1.2104147429403729
Conservatives,2017,E14000917,Selby and,33.4755063613761,17.09197207860434,34,Male,5,1.1409931653609666
Conservatives,2017,E14000917,Selby and,33.4755063613761,17.09197207860434,72,Male,5,0.6213334402873705
Conservatives,2017,E14000917,Selby and,33.4755063613761,17.09197207860434,65,Male,7,1.320844885077952
Conservatives,2017,E14000917,Selby and,33.4755063613761,17.09197207860434,58,Female,7,0.4660771638184637
Labour,2017,E14000917,Selby and,33.4755063613761,17.09197207860434,63,Female,5,1.450071891248079
Conservatives,2017,E14000917,Selby and,33.4755063613761,17.09197207860434,35,Male,7,1.311554856793664
Conservatives,2017,E14000917,Selby and,33.4755063613761,17.09197207860434,,Female,,
Labour,2017,E14000917,Selby and,33.4755063613761,17.09197207860434,31,Female,3,0.9102034985079578
Labour,2017,E14000919,Sheffield,58.16852295201416,8.761840324763194,26,Male,5,0.5960465469956149
Labour,2017,E14000919,Sheffield,58.16852295201416,8.761840324763194,54,Female,3,1.1059822821488077
Conservatives,2017,E14000919,Sheffield,58.16852295201416,8.761840324763194,30,Male,8,1.1409931653609666
Labour,2017,E14000919,Sheffield,58.16852295201416,8.761840324763194,25,Male,1,0.9961495328201859
Labour,2017,E14000919,Sheffield,58.16852295201416,8.761840324763194,62,Female,1,0.8138217880543369
Labour,2017,E14000919,Sheffield,58.16852295201416,8.761840324763194,38,Female,3,0.83291817554733
Labour,2017,E14000920,Sheffield,36.67319572095826,17.46486149077681,63,Male,3,0.890666972054194
Conservatives,2017,E14000920,Sheffield,36.67319572095826,17.46486149077681,46,Female,2,1.266795981291597
Labour,2017,E14000922,"Sheffield,",37.26890192040825,18.86722771834012,53,Female,1,0.4453237348719727
Labour,2017,E14000922,"Sheffield,",37.26890192040825,18.86722771834012,44,Male,3,0.9115665373831346
Labour,2017,E14000922,"Sheffield,",37.26890192040825,18.86722771834012,37,Female,3,0.416459087773665
Labour,2017,E14000922,"Sheffield,",37.26890192040825,18.86722771834012,76,Female,8,0.4457567596962208
Labour,2017,E14000922,"Sheffield,",37.26890192040825,18.86722771834012,22,Male,4,0.754474272389112
Labour,2017,E14000922,"Sheffield,",37.26890192040825,18.86722771834012,42,Male,2,0.9115665373831346
Labour,2017,E14000922,"Sheffield,",37.26890192040825,18.86722771834012,39,Female,2,0.83291817554733
Conservatives,2017,E14000922,"Sheffield,",37.26890192040825,18.86722771834012,75,Male,8,1.1175641866034687
Labour,2017,E14000922,"Sheffield,",37.26890192040825,18.86722771834012,48,Male,7,0.4873734622791912
Conservatives,2017,E14000922,"Sheffield,",37.26890192040825,18.86722771834012,89,Male,9,1.360901716693629
Labour,2017,E14000923,"Sheffield,",36.44212868850705,17.80112554297819,29,Female,5,1.0892413929323739
Labour,2017,E14000923,"Sheffield,",36.44212868850705,17.80112554297819,51,Male,6,1.2104147429403729
Labour,2017,E14000923,"Sheffield,",36.44212868850705,17.80112554297819,35,Female,3,0.83291817554733
Labour,2017,E14000923,"Sheffield,",36.44212868850705,17.80112554297819,66,Female,2,0.35122548550468347
Labour,2017,E14000923,"Sheffield,",36.44212868850705,17.80112554297819,39,Male,2,0.4557832686915673
Conservatives,2017,E14000928,Skipton an,30.87461970866158,21.70128744988213,73,Male,5,0.8805632567186346
Conservatives,2017,E14000928,Skipton an,30.87461970866158,21.70128744988213,84,Male,8,0.5587820933017343
Conservatives,2017,E14000928,Skipton an,30.87461970866158,21.70128744988213,54,Female,8,1.0201507326383672
Labour,2017,E14000928,Skipton an,30.87461970866158,21.70128744988213,22,Female,5,1.7957538464096654
Conservatives,2017,E14000928,Skipton an,30.87461970866158,21.70128744988213,65,Male,7,0.8805632567186346
Labour,2017,E14001061,York Centr,44.63438706771817,13.17183951551855,19,Female,4,1.1971692309397775
Labour,2017,E14001061,York Centr,44.63438706771817,13.17183951551855,31,Female,,0.5446206964661869
Labour,2017,E14001061,York Centr,44.63438706771817,13.17183951551855,44,Female,3,0.83291817554733
Labour,2017,E14001061,York Centr,44.63438706771817,13.17183951551855,77,Male,5,0.5940708719625277
Conservatives,2017,E14001061,York Centr,44.63438706771817,13.17183951551855,75,Male,6,1.360901716693629
Labour,2017,E14001061,York Centr,44.63438706771817,13.17183951551855,44,Male,3,0.9115665373831346
Labour,2017,E14001062,York Outer,33.25684156598216,20.99325449344661,55,Male,3,0.890666972054194
Conservatives,2017,E14001062,York Outer,33.25684156598216,20.99325449344661,75,Female,7,0.6217427518904545
Conservatives,2017,E14001062,York Outer,33.25684156598216,20.99325449344661,53,Female,7,1.0201507326383672
Conservatives,2017,E14001062,York Outer,33.25684156598216,20.99325449344661,53,Male,5,0.5582392714320003
Labour,2017,E14001062,York Outer,33.25684156598216,20.99325449344661,46,Female,4,0.4453237348719727
Conservatives,2017,E14001062,York Outer,33.25684156598216,20.99325449344661,50,Female,5,0.5100753663191836
Conservatives,2017,E14001062,York Outer,33.25684156598216,20.99325449344661,82,Female,5,0.6217427518904545
Conservatives,2017,E14001062,York Outer,33.25684156598216,20.99325449344661,86,Male,8,0.5587820933017343
Labour,2019,E14000577,Bolsover,34.19177966191398,18.51851851851852,33,Female,2,0.9208355199167643
Conservatives,2019,E14000577,Bolsover,34.19177966191398,18.51851851851852,53,Male,7,0.8951295259239431
Conservatives,2019,E14000577,Bolsover,34.19177966191398,18.51851851851852,27,Female,10,1.2286945119840547
Conservatives,2019,E14000577,Bolsover,34.19177966191398,18.51851851851852,62,Male,7,0.9083282515410466
Conservatives,2019,E14000577,Bolsover,34.19177966191398,18.51851851851852,63,Male,8,0.7640969583738374
Conservatives,2019,E14000583,Bosworth,32.78423312508903,18.36043222563644,54,Male,,0.8951295259239431
Labour,2019,E14000583,Bosworth,32.78423312508903,18.36043222563644,60,Female,0,0.46444391195755974
Conservatives,2019,E14000583,Bosworth,32.78423312508903,18.36043222563644,80,Female,7,0.9724132192986185
Labour,2019,E14000583,Bosworth,32.78423312508903,18.36043222563644,42,Female,3,0.4916717936879167
Conservatives,2019,E14000583,Bosworth,32.78423312508903,18.36043222563644,66,Male,5,0.8283929655330985
Labour,2019,E14000607,Broxtowe,34.15147781954492,18.18555137884196,47,Female,3,1.5365357571011913
Labour,2019,E14000607,Broxtowe,34.15147781954492,18.18555137884196,74,Male,5,0.9312489715775112
Conservatives,2019,E14000607,Broxtowe,34.15147781954492,18.18555137884196,64,Male,5,0.4541641257705233
Conservatives,2019,E14000607,Broxtowe,34.15147781954492,18.18555137884196,48,Female,,0.34170652836172083
Conservatives,2019,E14000607,Broxtowe,34.15147781954492,18.18555137884196,69,Female,5,0.7535766730945953
Conservatives,2019,E14000607,Broxtowe,34.15147781954492,18.18555137884196,67,Male,5,0.8283929655330985
Conservatives,2019,E14000607,Broxtowe,34.15147781954492,18.18555137884196,72,Male,7,0.8283929655330985
Labour,2019,E14000607,Broxtowe,34.15147781954492,18.18555137884196,40,Female,4,0.4280831433809054
Conservatives,2019,E14000607,Broxtowe,34.15147781954492,18.18555137884196,41,Female,5,0.7616031275488464
Labour,2019,E14000607,Broxtowe,34.15147781954492,18.18555137884196,70,Male,5,0.4656244857887556
Labour,2019,E14000607,Broxtowe,34.15147781954492,18.18555137884196,33,Female,3,0.9208355199167643
Labour,2019,E14000607,Broxtowe,34.15147781954492,18.18555137884196,30,Female,1,0.9208355199167643
Labour,2019,E14000625,Charnwood,33.38434584371174,19.32494617300629,29,Female,,0.9208355199167643
Conservatives,2019,E14000625,Charnwood,33.38434584371174,19.32494617300629,24,Male,,0.7280439577876376
Conservatives,2019,E14000625,Charnwood,33.38434584371174,19.32494617300629,20,Male,5,0.5817536986139561
Conservatives,2019,E14000625,Charnwood,33.38434584371174,19.32494617300629,55,Male,6,1.146145437560742
Conservatives,2019,E14000625,Charnwood,33.38434584371174,19.32494617300629,71,Male,5,0.8283929655330985
Labour,2019,E14000625,Charnwood,33.38434584371174,19.32494617300629,68,Male,4,0.9312489715775112
Conservatives,2019,E14000625,Charnwood,33.38434584371174,19.32494617300629,71,Male,6,0.8283929655330985
Conservatives,2019,E14000625,Charnwood,33.38434584371174,19.32494617300629,36,Female,5,0.8747337557906939
Conservatives,2019,E14000625,Charnwood,33.38434584371174,19.32494617300629,71,Male,,0.8283929655330985
Labour,2019,E14000632,Chesterfield,33.71546842827728,18.74142072752231,61,Male,3,1.0211092866512204
Labour,2019,E14000632,Chesterfield,33.71546842827728,18.74142072752231,28,Female,6,0.9208355199167643
Labour,2019,E14000648,Corby,37.02758426507052,15.20540604365162,,Female,5,
Labour,2019,E14000648,Corby,37.02758426507052,15.20540604365162,48,Male,5,1.0062717636778662
Labour,2019,E14000648,Corby,37.02758426507052,15.20540604365162,36,Female,,0.9833435873758334
Conservatives,2019,E14000648,Corby,37.02758426507052,15.20540604365162,70,Male,6,0.41419648276654925
Labour,2019,E14000648,Corby,37.02758426507052,15.20540604365162,51,Female,7,0.9153903515023377
Conservatives,2019,E14000648,Corby,37.02758426507052,15.20540604365162,72,Female,7,0.7535766730945953
Labour,2019,E14000648,Corby,37.02758426507052,15.20540604365162,50,Male,2,0.8445427372676346
Conservatives,2019,E14000648,Corby,37.02758426507052,15.20540604365162,79,Female,9,0.48620660964930923
Conservatives,2019,E14000648,Corby,37.02758426507052,15.20540604365162,71,Male,8,0.8283929655330985
Conservatives,2019,E14000648,Corby,37.02758426507052,15.20540604365162,56,Female,,1.239438908260713
Conservatives,2019,E14000648,Corby,37.02758426507052,15.20540604365162,84,Female,8,0.48620660964930923
Conservatives,2019,E14000660,Daventry,33.01651571656899,17.48108684070325,51,Female,5,0.8142859225034762
Conservatives,2019,E14000660,Daventry,33.01651571656899,17.48108684070325,69,Male,,0.8283929655330985
Labour,2019,E14000660,Daventry,33.01651571656899,17.48108684070325,26,Male,4,1.0122575370858056
Conservatives,2019,E14000660,Daventry,33.01651571656899,17.48108684070325,74,Male,5,0.41419648276654925
Labour,2019,E14000707,Gainsborough,31.32066420261887,20.99674004295729,25,Female,5,0.9208355199167643
Conservatives,2019,E14000707,Gainsborough,31.32066420261887,20.99674004295729,38,Male,8,0.9615787163841761
Conservatives,2019,E14000707,Gainsborough,31.32066420261887,20.99674004295729,67,Female,10,0.7535766730945953
Labour,2019,E14000707,Gainsborough,31.32066420261887,20.99674004295729,45,Female,3,0.7682678785505956
Conservatives,2019,E14000707,Gainsborough,31.32066420261887,20.99674004295729,74,Male,7,0.8283929655330985
Conservatives,2019,E14000707,Gainsborough,31.32066420261887,20.99674004295729,23,Female,7,0.3311453418868464
Labour,2019,E14000710,Gedling,34.47418758713108,17.61857931764884,33,Male,3,1.0529288389487013
Conservatives,2019,E14000710,Gedling,34.47418758713108,17.61857931764884,48,Female,8,1.3668261134468833
Labour,2019,E14000710,Gedling,34.47418758713108,17.61857931764884,30,Female,2,0.9208355199167643
Conservatives,2019,E14000710,Gedling,34.47418758713108,17.61857931764884,52,Female,4,0.8142859225034762
Conservatives,2019,E14000710,Gedling,34.47418758713108,17.61857931764884,77,Male,7,0.5344779763088824
Conservatives,2019,E14000710,Gedling,34.47418758713108,17.61857931764884,61,Male,5,0.9083282515410466
Conservatives,2019,E14000710,Gedling,34.47418758713108,17.61857931764884,36,Male,9,0.8372162991704922
Conservatives,2019,E14000710,Gedling,34.47418758713108,17.61857931764884,37,Female,7,0.7616031275488464
Conservatives,2019,E14000714,Grantham and Stamford,33.81517563774655,18.60505215966894,75,Female,9,0.48620660964930923
Conservatives,2019,E14000714,Grantham and Stamford,33.81517563774655,18.60505215966894,32,Female,,0.4095648373280207
Conservatives,2019,E14000714,Grantham and Stamford,33.81517563774655,18.60505215966894,40,Female,5,0.43736687789534695
Conservatives,2019,E14000714,Grantham and Stamford,33.81517563774655,18.60505215966894,54,Male,8,0.8951295259239431
Labour,2019,E14000714,Grantham and Stamford,33.81517563774655,18.60505215966894,23,Female,0,0.7445228820270271
Conservatives,2019,E14000714,Grantham and Stamford,33.81517563774655,18.60505215966894,18,Female,,
Conservatives,2019,E14000714,Grantham and Stamford,33.81517563774655,18.60505215966894,78,Male,5,2.1379119052355295
Conservatives,2019,E14000714,Grantham and Stamford,33.81517563774655,18.60505215966894,,Female,,
Conservatives,2019,E14000728,Harborough,34.91784387355705,18.93862629393416,67,Male,6,0.41419648276654925
Conservatives,2019,E14000728,Harborough,34.91784387355705,18.93862629393416,61,Male,7,0.9083282515410466
Labour,2019,E14000728,Harborough,34.91784387355705,18.93862629393416,38,Male,5,0.9411678394549371
Labour,2019,E14000782,Leicester East,42.64190932546995,12.91190563951345,51,Male,5,0.8445427372676346
Labour,2019,E14000782,Leicester East,42.64190932546995,12.91190563951345,65,Female,5,0.8471432412182929
Conservatives,2019,E14000782,Leicester East,42.64190932546995,12.91190563951345,40,Female,3,0.8747337557906939
Labour,2019,E14000782,Leicester East,42.64190932546995,12.91190563951345,20,Female,0,2.379685653257128
Labour,2019,E14000782,Leicester East,42.64190932546995,12.91190563951345,44,Female,2,0.8561662867618108
Labour,2019,E14000782,Leicester East,42.64190932546995,12.91190563951345,77,Female,0,1.093151255621118
Conservatives,2019,E14000782,Leicester East,42.64190932546995,12.91190563951345,82,Male,7,1.0689559526177648
Labour,2019,E14000783,Leicester South,50.84879324653986,10.37497799424916,48,Male,3,0.8445427372676346
Labour,2019,E14000783,Leicester South,50.84879324653986,10.37497799424916,57,Male,,2.0422185733024407
Labour,2019,E14000783,Leicester South,50.84879324653986,10.37497799424916,26,Female,4,1.8416710398335285
Conservatives,2019,E14000797,Loughborough,42.97871482299323,14.83811770874295,75,Female,,0.9724132192986185
Labour,2019,E14000797,Loughborough,42.97871482299323,14.83811770874295,34,Female,,0.47891679702380724
Labour,2019,E14000797,Loughborough,42.97871482299323,14.83811770874295,89,Male,5,2.4033621070076197
Conservatives,2019,E14000797,Loughborough,42.97871482299323,14.83811770874295,42,Female,6,0.7616031275488464
Conservatives,2019,E14000797,Loughborough,42.97871482299323,14.83811770874295,73,Female,7,0.7535766730945953
Conservatives,2019,E14000797,Loughborough,42.97871482299323,14.83811770874295,23,Male,6,1.4560879155752753
Conservatives,2019,E14000797,Loughborough,42.97871482299323,14.83811770874295,45,Male,,0.7512633935685883
Labour,2019,E14000797,Loughborough,42.97871482299323,14.83811770874295,30,Male,4,1.0122575370858056
Conservatives,2019,E14000797,Loughborough,42.97871482299323,14.83811770874295,75,Female,5,0.48620660964930923
Conservatives,2019,E14000810,Mansfield,35.96864051461719,17.17879501464591,28,Female,,0.8191296746560414
Conservatives,2019,E14000810,Mansfield,35.96864051461719,17.17879501464591,53,Female,,0.4071429612517381
Conservatives,2019,E14000810,Mansfield,35.96864051461719,17.17879501464591,50,Male,6,0.44756476296197156
Conservatives,2019,E14000866,Nottingham North,43.15919501775696,13.50352565752226,64,Male,8,0.7640969583738374
Labour,2019,E14000866,Nottingham North,43.15919501775696,13.50352565752226,24,Male,7,0.8184402996670256
Labour,2019,E14000866,Nottingham North,43.15919501775696,13.50352565752226,28,Male,4,0.5264644194743506
Labour,2019,E14000867,Nottingham South,53.06546556443566,11.90116539873481,27,Female,3,0.9578335940476145
Conservatives,2019,E14000867,Nottingham South,53.06546556443566,11.90116539873481,39,Female,5,0.7616031275488464
Labour,2019,E14000867,Nottingham South,53.06546556443566,11.90116539873481,31,Female,3,0.9208355199167643
Conservatives,2019,E14000909,Rutland and Melton,32.82305847848919,19.76200384440084,68,Male,,0.8283929655330985
Labour,2019,E14000909,Rutland and Melton,32.82305847848919,19.76200384440084,74,Male,4,0.9312489715775112
Conservatives,2019,E14000909,Rutland and Melton,32.82305847848919,19.76200384440084,73,Female,,0.7535766730945953
Conservatives,2019,E14000909,Rutland and Melton,32.82305847848919,19.76200384440084,51,Male,5,0.44756476296197156
Conservatives,2019,E14000909,Rutland and Melton,32.82305847848919,19.76200384440084,42,Female,6,1.3121006336860437
Conservatives,2019,E14000909,Rutland and Melton,32.82305847848919,19.76200384440084,63,Female,5,0.34754377920296853
Conservatives,2019,E14000924,Sherwood,33.9210274917737,18.50015921876658,51,Female,10,0.4071429612517381
Conservatives,2019,E14000924,Sherwood,33.9210274917737,18.50015921876658,39,Female,7,1.5232062550976928
Labour,2019,E14000924,Sherwood,33.9210274917737,18.50015921876658,60,Female,4,1.857775647830239
Conservatives,2019,E14000924,Sherwood,33.9210274917737,18.50015921876658,75,Female,6,1.944826438597237
Conservatives,2019,E14000924,Sherwood,33.9210274917737,18.50015921876658,27,Female,,1.7040826581880044
Conservatives,2019,E14000924,Sherwood,33.9210274917737,18.50015921876658,65,Male,6,1.656785931066197
Conservatives,2019,E14000935,South Derbyshire,35.47367642240332,15.46014734016129,35,Female,,0.7616031275488464
Conservatives,2019,E14000935,South Derbyshire,35.47367642240332,15.46014734016129,44,Male,5,0.4186081495852461
Conservatives,2019,E14000935,South Derbyshire,35.47367642240332,15.46014734016129,87,Male,5,0.5344779763088824
Conservatives,2019,E14000935,South Derbyshire,35.47367642240332,15.46014734016129,54,Male,7,0.7512633935685883
Conservatives,2019,E14000935,South Derbyshire,35.47367642240332,15.46014734016129,66,Male,4,1.656785931066197
Conservatives,2019,E14000935,South Derbyshire,35.47367642240332,15.46014734016129,64,Female,,1.239438908260713
Conservatives,2019,E14000935,South Derbyshire,35.47367642240332,15.46014734016129,57,Male,6,1.8166565030820931
Conservatives,2019,E14000935,South Derbyshire,35.47367642240332,15.46014734016129,54,Female,,1.0251195850851553
Labour,2019,E14000935,South Derbyshire,35.47367642240332,15.46014734016129,41,Male,5,1.8823356789098742
Conservatives,2019,E14000935,South Derbyshire,35.47367642240332,15.46014734016129,47,Female,5,0.4071429612517381
Conservatives,2019,E14000935,South Derbyshire,35.47367642240332,15.46014734016129,80,Female,10,1.944826438597237
Conservatives,2019,E14000939,South Holland and the Deepings,31.6939675539455,21.64218774610175,47,Male,6,0.37563169678429414
Conservatives,2019,E14000939,South Holland and the Deepings,31.6939675539455,21.64218774610175,66,Female,5,0.37678833654729765
Conservatives,2019,E14000939,South Holland and the Deepings,31.6939675539455,21.64218774610175,57,Female,,0.8262926055071468
Conservatives,2019,E14000939,South Holland and the Deepings,31.6939675539455,21.64218774610175,56,Female,7,0.6950875584059371
Conservatives,2019,E14000939,South Holland and the Deepings,31.6939675539455,21.64218774610175,77,Male,8,1.0689559526177648
Conservatives,2019,E14000939,South Holland and the Deepings,31.6939675539455,21.64218774610175,,Female,,
Labour,2019,E14001025,Wellingborough,36.25222543543176,16.14747689786076,19,Female,4,1.7847642399428605
Conservatives,2019,E14001025,Wellingborough,36.25222543543176,16.14747689786076,57,Male,6,0.9083282515410466
Conservatives,2019,E14001025,Wellingborough,36.25222543543176,16.14747689786076,29,Female,5,1.7040826581880044
Labour,2019,E14001025,Wellingborough,36.25222543543176,16.14747689786076,42,Female,3,0.4280831433809054
Conservatives,2019,E14001025,Wellingborough,36.25222543543176,16.14747689786076,76,Female,7,0.48620660964930923
Labour,2019,E14000552,Bedford,40.36866997803416,14.75372528842539,,Male,6,
Labour,2019,E14000552,Bedford,40.36866997803416,14.75372528842539,71,Male,5,1.0264049552552215
Labour,2019,E14000552,Bedford,40.36866997803416,14.75372528842539,38,Male,3,0.5186686716587655
Labour,2019,E14000552,Bedford,40.36866997803416,14.75372528842539,61,Female,2,0.430617680236452
Conservatives,2019,E14000594,Brentwood and Ongar,33.00128016179524,19.35303419860796,43,Female,8,1.9282299124619502
Labour,2019,E14000594,Brentwood and Ongar,33.00128016179524,19.35303419860796,65,Male,5,1.0264049552552215
Labour,2019,E14000594,Brentwood and Ongar,33.00128016179524,19.35303419860796,34,Male,3,1.6735365897360273
Labour,2019,E14000594,Brentwood and Ongar,33.00128016179524,19.35303419860796,29,Female,6,1.0149274463267604
Labour,2019,E14000594,Brentwood and Ongar,33.00128016179524,19.35303419860796,67,Female,5,0.4668526071628881
Conservatives,2019,E14000603,Broadland,30.2538135059041,22.08891877127369,81,Male,8,0.5890914890664865
Conservatives,2019,E14000603,Broadland,30.2538135059041,22.08891877127369,46,Male,6,0.8280282646158933
Conservatives,2019,E14000603,Broadland,30.2538135059041,22.08891877127369,71,Female,6,0.8305779174379126
Conservatives,2019,E14000603,Broadland,30.2538135059041,22.08891877127369,78,Female,,0.5358877042049508
Conservatives,2019,E14000603,Broadland,30.2538135059041,22.08891877127369,,Female,6,
Conservatives,2019,E14000603,Broadland,30.2538135059041,22.08891877127369,63,Male,8,0.4210865881772834
Conservatives,2019,E14000603,Broadland,30.2538135059041,22.08891877127369,68,Male,8,0.9130390160661516
Conservatives,2019,E14000603,Broadland,30.2538135059041,22.08891877127369,81,Male,6,1.178182978132973
Conservatives,2019,E14000603,Broadland,30.2538135059041,22.08891877127369,61,Female,7,1.5322246489584104
Conservatives,2019,E14000606,Broxbourne,36.73853628909809,16.74967101933394,,,,
Labour,2019,E14000613,Bury St Edmunds,34.78949312971727,19.32915779658333,76,Male,5,0.6622350335932601
Conservatives,2019,E14000613,Bury St Edmunds,34.78949312971727,19.32915779658333,55,Male,5,0.4210865881772834
Conservatives,2019,E14000613,Bury St Edmunds,34.78949312971727,19.32915779658333,51,Female,7,0.3766224550663478
Conservatives,2019,E14000613,Bury St Edmunds,34.78949312971727,19.32915779658333,50,Male,5,0.41401413230794665
Conservatives,2019,E14000613,Bury St Edmunds,34.78949312971727,19.32915779658333,47,Female,7,0.4487452503901004
Conservatives,2019,E14000717,Great Yarmouth,34.90650410682895,20.94122968430359,77,Female,7,0.5358877042049508
Conservatives,2019,E14000717,Great Yarmouth,34.90650410682895,20.94122968430359,71,Male,5,0.4565195080330758
Conservatives,2019,E14000717,Great Yarmouth,34.90650410682895,20.94122968430359,66,Female,6,0.8305779174379126
Conservatives,2019,E14000717,Great Yarmouth,34.90650410682895,20.94122968430359,67,Female,8,0.8305779174379126
Conservatives,2019,E14000717,Great Yarmouth,34.90650410682895,20.94122968430359,72,Female,,0.8305779174379126
Labour,2019,E14000717,Great Yarmouth,34.90650410682895,20.94122968430359,,Male,5,
Labour,2019,E14000717,Great Yarmouth,34.90650410682895,20.94122968430359,73,Female,2,0.9337052143257762
Conservatives,2019,E14000739,Hemel Hempstead,37.51463404787857,15.12050381494489,72,Male,8,0.4565195080330758
Labour,2019,E14000739,Hemel Hempstead,37.51463404787857,15.12050381494489,27,Male,,0.5802590987012634
Conservatives,2019,E14000739,Hemel Hempstead,37.51463404787857,15.12050381494489,35,Male,3,0.9227639270660063
Conservatives,2019,E14000739,Hemel Hempstead,37.51463404787857,15.12050381494489,46,Male,5,0.9865947872642913
Labour,2019,E14000739,Hemel Hempstead,37.51463404787857,15.12050381494489,32,Male,4,1.6735365897360273
Conservatives,2019,E14000744,Hertford and Stortford,35.64862104187947,14.83820786985409,64,Male,8,2.002284344648953
Labour,2019,E14000744,Hertford and Stortford,35.64862104187947,14.83820786985409,73,Female,1,0.9337052143257762
Labour,2019,E14000744,Hertford and Stortford,35.64862104187947,14.83820786985409,48,Female,5,1.0089258849684724
Labour,2019,E14000744,Hertford and Stortford,35.64862104187947,14.83820786985409,40,Male,1,0.5186686716587655
Conservatives,2019,E14000744,Hertford and Stortford,35.64862104187947,14.83820786985409,20,Male,5,1.923593680808903
Conservatives,2019,E14000744,Hertford and Stortford,35.64862104187947,14.83820786985409,,Male,6,
Conservatives,2019,E14000744,Hertford and Stortford,35.64862104187947,14.83820786985409,30,Female,4,0.4514145962702882
Conservatives,2019,E14000744,Hertford and Stortford,35.64862104187947,14.83820786985409,50,Male,5,0.49329739363214564
Labour,2019,E14000744,Hertford and Stortford,35.64862104187947,14.83820786985409,73,Female,3,0.4668526071628881
Conservatives,2019,E14000745,Hertsmere,36.96154192200418,16.32293988863452,26,Female,4,0.4514145962702882
Conservatives,2019,E14000745,Hertsmere,36.96154192200418,16.32293988863452,34,Female,,0.9391037938897214
Conservatives,2019,E14000745,Hertsmere,36.96154192200418,16.32293988863452,45,Male,5,0.9865947872642913
Conservatives,2019,E14000745,Hertsmere,36.96154192200418,16.32293988863452,62,Female,8,0.45536201953953
Conservatives,2019,E14000745,Hertsmere,36.96154192200418,16.32293988863452,73,Female,3,0.8305779174379126
Conservatives,2019,E14000745,Hertsmere,36.96154192200418,16.32293988863452,49,Male,6,0.8280282646158933
Conservatives,2019,E14000745,Hertsmere,36.96154192200418,16.32293988863452,73,Male,7,0.9130390160661516
Labour,2019,E14000761,Ipswich,40.57961707475941,14.29410199719274,24,Female,5,1.6411980012583496
Conservatives,2019,E14000761,Ipswich,40.57961707475941,14.29410199719274,55,Female,7,0.3830561622396026
Conservatives,2019,E14000761,Ipswich,40.57961707475941,14.29410199719274,59,Male,,0.5005710861622382
Conservatives,2019,E14000761,Ipswich,40.57961707475941,14.29410199719274,67,Male,7,0.9130390160661516
Labour,2019,E14000761,Ipswich,40.57961707475941,14.29410199719274,52,Male,5,0.9308389881901431
Conservatives,2019,E14000761,Ipswich,40.57961707475941,14.29410199719274,73,Male,5,0.9130390160661516
Conservatives,2019,E14000841,North East Bedfordshire,34.14657891662448,16.34701507068032,74,Female,5,0.8305779174379126
Conservatives,2019,E14000841,North East Bedfordshire,34.14657891662448,16.34701507068032,29,Female,,0.9391037938897214
Conservatives,2019,E14000841,North East Bedfordshire,34.14657891662448,16.34701507068032,30,Female,7,0.4695518969448607
Labour,2019,E14000841,North East Bedfordshire,34.14657891662448,16.34701507068032,27,Male,2,1.7407772961038053
Conservatives,2019,E14000841,North East Bedfordshire,34.14657891662448,16.34701507068032,72,Male,7,0.9130390160661516
Conservatives,2019,E14000841,North East Bedfordshire,34.14657891662448,16.34701507068032,44,Male,7,0.46138196353300315
Conservatives,2019,E14000841,North East Bedfordshire,34.14657891662448,16.34701507068032,89,Female,5,0.5358877042049508
Conservatives,2019,E14000841,North East Bedfordshire,34.14657891662448,16.34701507068032,76,Female,9,0.5358877042049508
Conservatives,2019,E14000842,North East Cambridgeshire,33.98501459386345,19.74887876414893,59,Male,8,0.8421731763545668
Conservatives,2019,E14000842,North East Cambridgeshire,33.98501459386345,19.74887876414893,70,Male,8,1.369558524099226
Labour,2019,E14000842,North East Cambridgeshire,33.98501459386345,19.74887876414893,62,Female,3,1.0238025430811062
Conservatives,2019,E14000842,North East Cambridgeshire,33.98501459386345,19.74887876414893,69,Female,4,0.8305779174379126
Conservatives,2019,E14000842,North East Cambridgeshire,33.98501459386345,19.74887876414893,29,Female,7,0.4695518969448607
Conservatives,2019,E14000842,North East Cambridgeshire,33.98501459386345,19.74887876414893,28,Male,7,1.0323395143973966
Conservatives,2019,E14000842,North East Cambridgeshire,33.98501459386345,19.74887876414893,29,Female,5,0.9391037938897214
Conservatives,2019,E14000845,North East Hertfordshire,33.94727452091598,17.72348508700124,73,Female,,0.4152889587189563
Conservatives,2019,E14000845,North East Hertfordshire,33.94727452091598,17.72348508700124,63,Male,,1.0011421723244764
Conservatives,2019,E14000845,North East Hertfordshire,33.94727452091598,17.72348508700124,38,Male,6,0.5299169123874446
Conservatives,2019,E14000848,North Norfolk,26.60050800401678,29.55520113414851,70,Male,8,0.9130390160661516
Conservatives,2019,E14000848,North Norfolk,26.60050800401678,29.55520113414851,71,Female,5,0.8305779174379126
Conservatives,2019,E14000848,North Norfolk,26.60050800401678,29.55520113414851,65,Male,5,0.4565195080330758
Conservatives,2019,E14000848,North Norfolk,26.60050800401678,29.55520113414851,53,Female,6,0.4487452503901004
Conservatives,2019,E14000848,North Norfolk,26.60050800401678,29.55520113414851,51,Female,5,0.8974905007802008
Conservatives,2019,E14000848,North Norfolk,26.60050800401678,29.55520113414851,50,Male,5,0.9865947872642913
Conservatives,2019,E14000848,North Norfolk,26.60050800401678,29.55520113414851,56,Male,7,1.6843463527091336
Conservatives,2019,E14000848,North Norfolk,26.60050800401678,29.55520113414851,59,Male,6,0.5005710861622382
Labour,2019,E14000848,North Norfolk,26.60050800401678,29.55520113414851,23,Female,7,1.311422198037626
Labour,2019,E14000855,North West Cambridgeshire,37.47771087709198,14.36019222619362,30,Female,,2.0298548926535207
Conservatives,2019,E14000855,North West Cambridgeshire,37.47771087709198,14.36019222619362,48,Male,7,0.41401413230794665
Labour,2019,E14000855,North West Cambridgeshire,37.47771087709198,14.36019222619362,29,Male,,
Conservatives,2019,E14000855,North West Cambridgeshire,37.47771087709198,14.36019222619362,52,Female,6,0.8974905007802008
Conservatives,2019,E14000855,North West Cambridgeshire,37.47771087709198,14.36019222619362,31,Male,,0.5161697571986983
Conservatives,2019,E14000855,North West Cambridgeshire,37.47771087709198,14.36019222619362,53,Male,6,0.9865947872642913
Conservatives,2019,E14000855,North West Cambridgeshire,37.47771087709198,14.36019222619362,69,Male,8,0.9130390160661516
Conservatives,2019,E14000855,North West Cambridgeshire,37.47771087709198,14.36019222619362,71,Male,6,0.9130390160661516
Conservatives,2019,E14000878,Peterborough,41.77136222641968,13.89692758244234,72,Male,6,0.9130390160661516
Conservatives,2019,E14000878,Peterborough,41.77136222641968,13.89692758244234,42,Female,,0.9641149562309751
Conservatives,2019,E14000878,Peterborough,41.77136222641968,13.89692758244234,66,Male,4,0.4565195080330758
Labour,2019,E14000888,Rayleigh and Wickford,32.41844029912072,19.71505464705399,75,Male,3,1.3244700671865202
Labour,2019,E14000888,Rayleigh and Wickford,32.41844029912072,19.71505464705399,28,Female,6,1.0149274463267604
Conservatives,2019,E14000888,Rayleigh and Wickford,32.41844029912072,19.71505464705399,51,Male,5,0.9865947872642913
Conservatives,2019,E14000888,Rayleigh and Wickford,32.41844029912072,19.71505464705399,74,Female,7,0.4152889587189563
Conservatives,2019,E14000888,Rayleigh and Wickford,32.41844029912072,19.71505464705399,60,Male,6,1.0011421723244764
Conservatives,2019,E14000888,Rayleigh and Wickford,32.41844029912072,19.71505464705399,72,Male,7,0.9130390160661516
Conservatives,2019,E14000888,Rayleigh and Wickford,32.41844029912072,19.71505464705399,85,Female,5,1.0717754084099016
Conservatives,2019,E14000888,Rayleigh and Wickford,32.41844029912072,19.71505464705399,78,Male,5,1.178182978132973
Conservatives,2019,E14000888,Rayleigh and Wickford,32.41844029912072,19.71505464705399,73,Male,6,0.4565195080330758
Labour,2019,E14000888,Rayleigh and Wickford,32.41844029912072,19.71505464705399,53,Female,7,0.8467702854715277
Conservatives,2019,E14000899,Rochford and Southend East,37.61078305006845,16.48631635742334,93,Male,10,1.178182978132973
Conservatives,2019,E14000899,Rochford and Southend East,37.61078305006845,16.48631635742334,67,Male,7,0.4565195080330758
Conservatives,2019,E14000899,Rochford and Southend East,37.61078305006845,16.48631635742334,56,Male,5,0.8421731763545668
Conservatives,2019,E14000899,Rochford and Southend East,37.61078305006845,16.48631635742334,58,Female,6,0.91072403907906
Labour,2019,E14000933,South Basildon and East Thurrock,37.55960613504531,15.03416386268398,71,Male,5,0.5132024776276107
Conservatives,2019,E14000933,South Basildon and East Thurrock,37.55960613504531,15.03416386268398,66,Male,,0.9130390160661516
Labour,2019,E14000933,South Basildon and East Thurrock,37.55960613504531,15.03416386268398,,,,
Labour,2019,E14000933,South Basildon and East Thurrock,37.55960613504531,15.03416386268398,,Male,4,
Conservatives,2019,E14000933,South Basildon and East Thurrock,37.55960613504531,15.03416386268398,49,Male,6,0.9865947872642913
Conservatives,2019,E14000933,South Basildon and East Thurrock,37.55960613504531,15.03416386268398,39,Male,5,1.0598338247748893
Labour,2019,E14000933,South Basildon and East Thurrock,37.55960613504531,15.03416386268398,33,Female,7,1.0149274463267604
Labour,2019,E14000934,South Cambridgeshire,34.67447430491681,16.77306546941452,91,Male,10,0.6622350335932601
Conservatives,2019,E14000934,South Cambridgeshire,34.67447430491681,16.77306546941452,57,Male,2,0.5005710861622382
Conservatives,2019,E14000934,South Cambridgeshire,34.67447430491681,16.77306546941452,27,Male,6,0.4962317564231837
Conservatives,2019,E14000934,South Cambridgeshire,34.67447430491681,16.77306546941452,54,Female,,0.4487452503901004
Conservatives,2019,E14000937,South East Cambridgeshire,34.88617255769783,16.67552426837662,80,Male,6,2.356365956265946
Labour,2019,E14000937,South East Cambridgeshire,34.88617255769783,16.67552426837662,,Female,,
Conservatives,2019,E14000937,South East Cambridgeshire,34.88617255769783,16.67552426837662,65,Male,8,1.8260780321323031
Conservatives,2019,E14000937,South East Cambridgeshire,34.88617255769783,16.67552426837662,57,Male,5,1.0011421723244764
Conservatives,2019,E14000937,South East Cambridgeshire,34.88617255769783,16.67552426837662,,Female,7,
Conservatives,2019,E14000937,South East Cambridgeshire,34.88617255769783,16.67552426837662,57,Male,,1.501713258486737
Conservatives,2019,E14000949,South West Bedfordshire,36.5457557016985,15.58447922690163,60,Male,5,0.5005710861622382
Conservatives,2019,E14000949,South West Bedfordshire,36.5457557016985,15.58447922690163,43,Male,7,0.46138196353300315
Conservatives,2019,E14000949,South West Bedfordshire,36.5457557016985,15.58447922690163,58,Female,6,1.82144807815812
Conservatives,2019,E14000949,South West Bedfordshire,36.5457557016985,15.58447922690163,52,Female,6,1.7949810015604015
Labour,2019,E14000952,South West Norfolk,34.12098572380042,20.90560719698067,51,Female,5,0.42338514273576383
Conservatives,2019,E14000952,South West Norfolk,34.12098572380042,20.90560719698067,54,Female,,0.8974905007802008
Conservatives,2019,E14000957,Southend West,33.64835065928626,19.08554970523379,35,Female,6,0.839424523314981
Conservatives,2019,E14000957,Southend West,33.64835065928626,19.08554970523379,74,Male,5,0.4565195080330758
Conservatives,2019,E14000957,Southend West,33.64835065928626,19.08554970523379,38,Male,,0.46138196353300315
Conservatives,2019,E14000957,Southend West,33.64835065928626,19.08554970523379,45,Female,5,0.4487452503901004
Conservatives,2019,E14000957,Southend West,33.64835065928626,19.08554970523379,91,Female,7,0.5358877042049508
Labour,2019,E14000957,Southend West,33.64835065928626,19.08554970523379,58,Female,6,1.722470720945808
Conservatives,2019,E14000957,Southend West,33.64835065928626,19.08554970523379,33,Female,5,0.9028291925405764
Labour,2019,E14000957,Southend West,33.64835065928626,19.08554970523379,35,Female,4,0.9436502440010011
Labour,2019,E14000960,St Albans,36.5061486950022,14.64218793197014,41,Male,7,0.5186686716587655
Conservatives,2019,E14000960,St Albans,36.5061486950022,14.64218793197014,43,Female,8,0.839424523314981
Conservatives,2019,E14000960,St Albans,36.5061486950022,14.64218793197014,46,Male,8,0.9865947872642913
Conservatives,2019,E14000960,St Albans,36.5061486950022,14.64218793197014,49,Female,7,0.7532449101326956
Labour,2019,E14001021,Watford,39.23356864120665,13.30644100495462,35,Female,,0.9436502440010011
Labour,2019,E14001021,Watford,39.23356864120665,13.30644100495462,42,Male,4,0.5186686716587655
Labour,2019,E14001021,Watford,39.23356864120665,13.30644100495462,72,Female,5,0.4668526071628881
Labour,2019,E14001021,Watford,39.23356864120665,13.30644100495462,30,Male,2,1.115691059824008
Conservatives,2019,E14001027,Welwyn Hatfield,42.50052204947131,14.89074928336845,61,Male,5,1.0011421723244764
Labour,2019,E14001027,Welwyn Hatfield,42.50052204947131,14.89074928336845,39,Female,4,0.47182512200050053
Labour,2019,E14001027,Welwyn Hatfield,42.50052204947131,14.89074928336845,75,Female,3,1.8072758733558778
Conservatives,2019,E14001027,Welwyn Hatfield,42.50052204947131,14.89074928336845,81,Female,10,1.0717754084099016
Conservatives,2019,E14001027,Welwyn Hatfield,42.50052204947131,14.89074928336845,60,Male,8,1.0011421723244764
Conservatives,2019,E14001027,Welwyn Hatfield,42.50052204947131,14.89074928336845,20,Female,,1.7498643598897652
Labour,2019,E14001027,Welwyn Hatfield,42.50052204947131,14.89074928336845,61,Female,3,1.2918530407093543
Conservatives,2019,E14001034,West Suffolk,37.67395100269856,16.87655431504312,52,Female,5,0.7532449101326956
Conservatives,2019,E14001034,West Suffolk,37.67395100269856,16.87655431504312,60,Male,7,0.8421731763545668
Labour,2019,E14001034,West Suffolk,37.67395100269856,16.87655431504312,73,Male,3,1.0264049552552215
Labour,2019,E14001034,West Suffolk,37.67395100269856,16.87655431504312,22,Female,2,1.6411980012583496
Labour,2019,E14001034,West Suffolk,37.67395100269856,16.87655431504312,29,Female,,0.5278530109810499
Conservatives,2019,E14001034,West Suffolk,37.67395100269856,16.87655431504312,36,Female,5,0.4197122616574905
Labour,2019,E14001034,West Suffolk,37.67395100269856,16.87655431504312,32,Male,5,1.115691059824008
Conservatives,2019,E14001034,West Suffolk,37.67395100269856,16.87655431504312,18,Male,7,2.564791574411858
Conservatives,2019,E14001045,Witham,33.43360209885897,18.20895859955445,26,Male,5,1.0323395143973966
Conservatives,2019,E14001045,Witham,33.43360209885897,18.20895859955445,45,Female,4,0.3766224550663478
Conservatives,2019,E14001045,Witham,33.43360209885897,18.20895859955445,69,Male,3,1.369558524099226
Conservatives,2019,E14001045,Witham,33.43360209885897,18.20895859955445,31,Male,5,0.9924635128463674
Conservatives,2019,E14001045,Witham,33.43360209885897,18.20895859955445,39,Male,5,1.0598338247748893
Conservatives,2019,E14001045,Witham,33.43360209885897,18.20895859955445,36,Male,6,1.0598338247748893
Labour,2019,E14001045,Witham,33.43360209885897,18.20895859955445,34,Female,3,2.0298548926535207
Conservatives,2019,E14001045,Witham,33.43360209885897,18.20895859955445,79,Male,5,1.178182978132973
Conservatives,2019,E14001045,Witham,33.43360209885897,18.20895859955445,41,Male,5,0.9227639270660063
Labour,2019,E14000549,Battersea,43.52772493416676,7.886869898509029,25,Female,3,0.9339752349351208
Labour,2019,E14000549,Battersea,43.52772493416676,7.886869898509029,50,,3,
Labour,2019,E14000549,Battersea,43.52772493416676,7.886869898509029,67,Male,3,0.944537279677065
Conservatives,2019,E14000549,Battersea,43.52772493416676,7.886869898509029,24,Female,6,1.3434822692955841
Conservatives,2019,E14000553,Bermondsey and Old Southwark,47.23684418520099,6.930810451937212,72,Female,5,0.38216485738884765
Conservatives,2019,E14000553,Bermondsey and Old Southwark,47.23684418520099,6.930810451937212,70,Male,7,0.42010679316123184
Labour,2019,E14000553,Bermondsey and Old Southwark,47.23684418520099,6.930810451937212,25,Female,2,1.8679504698702416
Labour,2019,E14000553,Bermondsey and Old Southwark,47.23684418520099,6.930810451937212,52,Female,4,1.1688458310566514
Labour,2019,E14000555,Bethnal Green and Bow,53.5368684733269,6.797712024634825,42,Male,5,0.9545976832515781
Labour,2019,E14000555,Bethnal Green and Bow,53.5368684733269,6.797712024634825,46,Male,7,2.0412611949951036
Labour,2019,E14000555,Bethnal Green and Bow,53.5368684733269,6.797712024634825,52,Female,1,0.7792305540377717
Labour,2019,E14000555,Bethnal Green and Bow,53.5368684733269,6.797712024634825,32,Female,0,0.4669876174675604
Labour,2019,E14000555,Bethnal Green and Bow,53.5368684733269,6.797712024634825,31,Male,3,0.5339767192168975
Labour,2019,E14000555,Bethnal Green and Bow,53.5368684733269,6.797712024634825,54,Female,4,0.7792305540377717
Labour,2019,E14000592,Brent North,43.03648703340494,11.99293297219887,35,Male,6,
Labour,2019,E14000592,Brent North,43.03648703340494,11.99293297219887,24,Male,3,1.6602378049686364
Labour,2019,E14000593,Brentford and Isleworth,40.77055913376272,10.56348984100314,43,Female,2,0.43419160725586187
Conservatives,2019,E14000593,Brentford and Isleworth,40.77055913376272,10.56348984100314,34,Female,6,0.8308181143993655
Labour,2019,E14000593,Brentford and Isleworth,40.77055913376272,10.56348984100314,50,Female,,1.856904735123643
Labour,2019,E14000593,Brentford and Isleworth,40.77055913376272,10.56348984100314,62,Male,3,1.7424533826346351
Conservatives,2019,E14000593,Brentford and Isleworth,40.77055913376272,10.56348984100314,81,Female,6,0.4931444570201528
Labour,2019,E14000593,Brentford and Isleworth,40.77055913376272,10.56348984100314,22,Male,5,1.6602378049686364
Labour,2019,E14000621,Carshalton and Wallington,38.90497471727408,13.10820167432492,42,Male,2,1.0963962548672526
Conservatives,2019,E14000621,Carshalton and Wallington,38.90497471727408,13.10820167432492,71,Female,6,0.38216485738884765
Labour,2019,E14000621,Carshalton and Wallington,38.90497471727408,13.10820167432492,40,Female,4,0.49868762562737884
Conservatives,2019,E14000621,Carshalton and Wallington,38.90497471727408,13.10820167432492,70,Male,8,
Conservatives,2019,E14000621,Carshalton and Wallington,38.90497471727408,13.10820167432492,76,Female,8,0.4931444570201528
Conservatives,2019,E14000634,Chingford and Woodford Green,37.30955541185946,15.80505734608447,48,,10,
Labour,2019,E14000634,Chingford and Woodford Green,37.30955541185946,15.80505734608447,23,Female,6,0.7551467320880759
Labour,2019,E14000634,Chingford and Woodford Green,37.30955541185946,15.80505734608447,60,Female,8,1.4132136599942111
Labour,2019,E14000634,Chingford and Woodford Green,37.30955541185946,15.80505734608447,50,Male,3,0.4282969023195312
Conservatives,2019,E14000634,Chingford and Woodford Green,37.30955541185946,15.80505734608447,88,Female,6,0.4931444570201528
Labour,2019,E14000634,Chingford and Woodford Green,37.30955541185946,15.80505734608447,80,Female,,0.554374901220495
Labour,2019,E14000634,Chingford and Woodford Green,37.30955541185946,15.80505734608447,26,Male,4,2.053403567881526
Labour,2019,E14000634,Chingford and Woodford Green,37.30955541185946,15.80505734608447,31,Male,3,1.026701783940763
Conservatives,2019,E14000634,Chingford and Woodford Green,37.30955541185946,15.80505734608447,67,Female,8,0.7643297147776953
Labour,2019,E14000634,Chingford and Woodford Green,37.30955541185946,15.80505734608447,80,Male,0,0.6094141244490412
Labour,2019,E14000634,Chingford and Woodford Green,37.30955541185946,15.80505734608447,54,Female,4,1.5584611080755435
Conservatives,2019,E14000634,Chingford and Woodford Green,37.30955541185946,15.80505734608447,72,Female,7,0.7643297147776953
Conservatives,2019,E14000636,Chipping Barnet,37.26791280040725,14.83125396300894,35,Male,8,0.8491628231065143
Labour,2019,E14000636,Chipping Barnet,37.26791280040725,14.83125396300894,29,Female,3,0.9339752349351208
Labour,2019,E14000636,Chipping Barnet,37.26791280040725,14.83125396300894,82,Male,5,0.6094141244490412
Conservatives,2019,E14000636,Chipping Barnet,37.26791280040725,14.83125396300894,82,Male,10,0.5421046242176462
Labour,2019,E14000636,Chipping Barnet,37.26791280040725,14.83125396300894,39,Female,5,0.49868762562737884
Conservatives,2019,E14000636,Chipping Barnet,37.26791280040725,14.83125396300894,73,Female,8,0.7643297147776953
Conservatives,2019,E14000636,Chipping Barnet,37.26791280040725,14.83125396300894,58,Female,6,1.4100119980631196
Labour,2019,E14000636,Chipping Barnet,37.26791280040725,14.83125396300894,54,Female,1,1.1688458310566514
Conservatives,2019,E14000639,Cities of London and Westminster,37.6809090909091,11.94181818181818,59,Male,8,0.7750001175833483
Conservatives,2019,E14000639,Cities of London and Westminster,37.6809090909091,11.94181818181818,52,Male,8,0.38099171313993374
Labour,2019,E14000654,Croydon Central,41.68780785493221,12.09450329105096,49,Female,,1.1688458310566514
Labour,2019,E14000654,Croydon Central,41.68780785493221,12.09450329105096,39,Female,3,0.8683832145117237
Labour,2019,E14000654,Croydon Central,41.68780785493221,12.09450329105096,38,Female,2,0.8683832145117237
Labour,2019,E14000656,Croydon South,36.82444130730097,15.32553782773531,49,Female,5,0.46422618378091074
Conservatives,2019,E14000656,Croydon South,36.82444130730097,15.32553782773531,65,Female,7,0.7643297147776953
Conservatives,2019,E14000656,Croydon South,36.82444130730097,15.32553782773531,44,Female,5,0.38623535071934123
Conservatives,2019,E14000656,Croydon South,36.82444130730097,15.32553782773531,29,Male,5,0.9133030601645373
Conservatives,2019,E14000657,Dagenham and Rainham,41.56332647663826,14.58614947595259,53,Female,10,0.34658245495824375
Labour,2019,E14000657,Dagenham and Rainham,41.56332647663826,14.58614947595259,,Male,3,
Labour,2019,E14000657,Dagenham and Rainham,41.56332647663826,14.58614947595259,80,Male,2,1.2188282488980824
Labour,2019,E14000673,Dulwich and West Norwood,41.3507987914096,8.67091241338134,28,Female,3,1.9430024943221929
Conservatives,2019,E14000673,Dulwich and West Norwood,41.3507987914096,8.67091241338134,56,Female,7,0.7050059990315598
Labour,2019,E14000673,Dulwich and West Norwood,41.3507987914096,8.67091241338134,58,Male,4,0.8712266913173176
Labour,2019,E14000673,Dulwich and West Norwood,41.3507987914096,8.67091241338134,32,Female,,0.4669876174675604
Labour,2019,E14000673,Dulwich and West Norwood,41.3507987914096,8.67091241338134,29,Male,3,1.026701783940763
Labour,2019,E14000673,Dulwich and West Norwood,41.3507987914096,8.67091241338134,35,Female,,0.43419160725586187
Labour,2019,E14000673,Dulwich and West Norwood,41.3507987914096,8.67091241338134,49,Female,4,0.3896152770188859
Labour,2019,E14000679,East Ham,52.3951895997117,6.540222367560497,21,Male,5,1.6602378049686364
Labour,2019,E14000679,East Ham,52.3951895997117,6.540222367560497,45,Male,1,1.0206305974975518
Labour,2019,E14000679,East Ham,52.3951895997117,6.540222367560497,57,Female,,0.47107121999807217
Labour,2019,E14000687,Edmonton,46.2827617594303,10.41861876333003,70,Male,1,1.416805919515591
Conservatives,2019,E14000687,Edmonton,46.2827617594303,10.41861876333003,68,Male,10,0.8402135863224637
Labour,2019,E14000687,Edmonton,46.2827617594303,10.41861876333003,,Female,0,
Labour,2019,E14000687,Edmonton,46.2827617594303,10.41861876333003,67,Female,1,0.429615708032242
Labour,2019,E14000687,Edmonton,46.2827617594303,10.41861876333003,82,Female,2,1.10874980244099
Labour,2019,E14000687,Edmonton,46.2827617594303,10.41861876333003,,Male,5,
Labour,2019,E14000687,Edmonton,46.2827617594303,10.41861876333003,81,Female,5,0.554374901220495
Conservatives,2019,E14000687,Edmonton,46.2827617594303,10.41861876333003,68,Male,5,0.8402135863224637
Conservatives,2019,E14000692,"Enfield, Southgate",38.1514883826037,15.0605008525587,50,Male,7,0.38099171313993374
Labour,2019,E14000692,"Enfield, Southgate",38.1514883826037,15.0605008525587,45,Male,2,0.8565938046390624
Conservatives,2019,E14000692,"Enfield, Southgate",38.1514883826037,15.0605008525587,65,Male,6,1.2603203794836921
Conservatives,2019,E14000692,"Enfield, Southgate",38.1514883826037,15.0605008525587,47,Male,6,0.7619834262798675
Conservatives,2019,E14000696,Erith and Thamesmead,44.50980926183149,9.977213098383128,25,Female,,0.8308181143993655
Labour,2019,E14000696,Erith and Thamesmead,44.50980926183149,9.977213098383128,32,Male,3,2.053403567881526
Labour,2019,E14000696,Erith and Thamesmead,44.50980926183149,9.977213098383128,40,Male,3,0.47729884162578906
Conservatives,2019,E14000696,Erith and Thamesmead,44.50980926183149,9.977213098383128,41,Male,5,0.4245814115532571
Labour,2019,E14000696,Erith and Thamesmead,44.50980926183149,9.977213098383128,50,Female,3,0.7792305540377717
Labour,2019,E14000696,Erith and Thamesmead,44.50980926183149,9.977213098383128,59,Female,1,0.39627093593896917
Labour,2019,E14000726,Hammersmith,43.42332284583375,8.693629689772997,47,Male,3,0.4282969023195312
Labour,2019,E14000726,Hammersmith,43.42332284583375,8.693629689772997,28,Male,2,0.5133508919703815
Labour,2019,E14000726,Hammersmith,43.42332284583375,8.693629689772997,,Female,4,
Conservatives,2019,E14000726,Hammersmith,43.42332284583375,8.693629689772997,81,Female,5,0.9862889140403056
Conservatives,2019,E14000726,Hammersmith,43.42332284583375,8.693629689772997,,Male,,
Conservatives,2019,E14000731,Harrow East,40.21935023756517,14.7714459189869,70,Female,8,0.7643297147776953
Conservatives,2019,E14000731,Harrow East,40.21935023756517,14.7714459189869,87,Female,8,1.479433371060454
Conservatives,2019,E14000731,Harrow East,40.21935023756517,14.7714459189869,52,Male,8,1.1429751394197867
Conservatives,2019,E14000737,Hayes and Harlington,45.93173708152869,9.737317606893482,62,Female,3,0.8380832555454069
Labour,2019,E14000737,Hayes and Harlington,45.93173708152869,9.737317606893482,25,Female,7,1.4009628524026774
Labour,2019,E14000737,Hayes and Harlington,45.93173708152869,9.737317606893482,22,Female,6,1.5102934641761518
Labour,2019,E14000737,Hayes and Harlington,45.93173708152869,9.737317606893482,25,Male,2,2.053403567881526
Labour,2019,E14000737,Hayes and Harlington,45.93173708152869,9.737317606893482,43,Female,,0.8683832145117237
Conservatives,2019,E14000737,Hayes and Harlington,45.93173708152869,9.737317606893482,77,Female,5,1.9725778280806112
Conservatives,2019,E14000737,Hayes and Harlington,45.93173708152869,9.737317606893482,57,Female,,1.4100119980631196
Labour,2019,E14000737,Hayes and Harlington,45.93173708152869,9.737317606893482,61,Female,5,1.1888128078169
Labour,2019,E14000752,Hornsey and Wood Green,39.73458297862184,9.417689694404444,49,Female,3,0.3896152770188859
Labour,2019,E14000752,Hornsey and Wood Green,39.73458297862184,9.417689694404444,37,Female,3,0.43419160725586187
Labour,2019,E14000752,Hornsey and Wood Green,39.73458297862184,9.417689694404444,59,Male,3,1.0356798421293667
Labour,2019,E14000752,Hornsey and Wood Green,39.73458297862184,9.417689694404444,24,Male,4,0.6633181096332548
Labour,2019,E14000760,Ilford South,48.01923150303355,9.334147365207768,27,Male,8,0.5133508919703815
Labour,2019,E14000760,Ilford South,48.01923150303355,9.334147365207768,27,Male,,0.5133508919703815
Conservatives,2019,E14000760,Ilford South,48.01923150303355,9.334147365207768,52,Male,3,0.4539512166883769
Conservatives,2019,E14000763,Islington North,43.63045936464061,8.59484483275184,29,Female,7,0.8308181143993655
Labour,2019,E14000763,Islington North,43.63045936464061,8.59484483275184,33,Male,2,0.5133508919703815
Conservatives,2019,E14000763,Islington North,43.63045936464061,8.59484483275184,28,Female,9,0.41540905719968274
Conservatives,2019,E14000763,Islington North,43.63045936464061,8.59484483275184,35,Female,5,0.7724707014386825
Labour,2019,E14000763,Islington North,43.63045936464061,8.59484483275184,31,Female,4,0.9339752349351208
Conservatives,2019,E14000764,Islington South and Finsbury,45.63103958852868,8.90644482543641,,Female,8,
Labour,2019,E14000764,Islington South and Finsbury,45.63103958852868,8.90644482543641,32,Female,5,1.8679504698702416
Labour,2019,E14000764,Islington South and Finsbury,45.63103958852868,8.90644482543641,48,Female,5,0.9284523675618215
Labour,2019,E14000764,Islington South and Finsbury,45.63103958852868,8.90644482543641,36,Female,4,0.43419160725586187
Labour,2019,E14000764,Islington South and Finsbury,45.63103958852868,8.90644482543641,69,Female,,0.859231416064484
Conservatives,2019,E14000764,Islington South and Finsbury,45.63103958852868,8.90644482543641,32,Female,7,0.41540905719968274
Conservatives,2019,E14000764,Islington South and Finsbury,45.63103958852868,8.90644482543641,64,Female,5,0.3525029995157799
Labour,2019,E14000764,Islington South and Finsbury,45.63103958852868,8.90644482543641,64,Male,2,1.306840036975974
Conservatives,2019,E14000787,Lewisham East,40.97998160577657,11.24689352875565,28,Female,4,1.246227171599042
Conservatives,2019,E14000787,Lewisham East,40.97998160577657,11.24689352875565,47,Female,6,0.825905245100982
Conservatives,2019,E14000787,Lewisham East,40.97998160577657,11.24689352875565,50,Male,6,0.7619834262798675
Conservatives,2019,E14000787,Lewisham East,40.97998160577657,11.24689352875565,61,Male,8,0.9212894960958325
Labour,2019,E14000787,Lewisham East,40.97998160577657,11.24689352875565,70,Male,3,0.944537279677065
Labour,2019,E14000788,Lewisham West and Penge,39.25542252790278,10.16104837111885,38,Female,2,0.43419160725586187
Labour,2019,E14000788,Lewisham West and Penge,39.25542252790278,10.16104837111885,91,Male,8,1.2188282488980824
Conservatives,2019,E14000788,Lewisham West and Penge,39.25542252790278,10.16104837111885,51,Female,5,0.412952622550491
Labour,2019,E14000788,Lewisham West and Penge,39.25542252790278,10.16104837111885,57,Female,3,1.4132136599942111
Labour,2019,E14000788,Lewisham West and Penge,39.25542252790278,10.16104837111885,43,Female,3,1.7367664290234475
Conservatives,2019,E14000788,Lewisham West and Penge,39.25542252790278,10.16104837111885,71,Male,7,1.6804271726449274
Labour,2019,E14000788,Lewisham West and Penge,39.25542252790278,10.16104837111885,45,Female,4,0.7792305540377717
Conservatives,2019,E14000788,Lewisham West and Penge,39.25542252790278,10.16104837111885,46,Male,5,0.9079024333767538
Labour,2019,E14000788,Lewisham West and Penge,39.25542252790278,10.16104837111885,30,Male,4,1.026701783940763
Conservatives,2019,E14000872,Orpington,33.89461329240353,19.59213154716896,74,Male,6,0.8402135863224637
Conservatives,2019,E14000872,Orpington,33.89461329240353,19.59213154716896,51,Female,,1.238857867651467
Conservatives,2019,E14000872,Orpington,33.89461329240353,19.59213154716896,42,Female,10,0.8872156290671163
Conservatives,2019,E14000872,Orpington,33.89461329240353,19.59213154716896,66,Male,5,0.42010679316123184
Conservatives,2019,E14000872,Orpington,33.89461329240353,19.59213154716896,70,Male,7,0.8402135863224637
Conservatives,2019,E14000872,Orpington,33.89461329240353,19.59213154716896,56,Female,5,0.7050059990315598
Conservatives,2019,E14000872,Orpington,33.89461329240353,19.59213154716896,86,Male,8,0.5421046242176462
Conservatives,2019,E14000872,Orpington,33.89461329240353,19.59213154716896,66,Male,5,0.42010679316123184
Conservatives,2019,E14000882,Poplar and Limehouse,51.24237834479009,5.475164084042099,23,Male,5,0.3692163322388286
Labour,2019,E14000882,Poplar and Limehouse,51.24237834479009,5.475164084042099,45,Male,2,1.530945896246345
Labour,2019,E14000882,Poplar and Limehouse,51.24237834479009,5.475164084042099,72,Male,0,0.4722686398385325
Conservatives,2019,E14000882,Poplar and Limehouse,51.24237834479009,5.475164084042099,54,Female,6,0.34658245495824375
Conservatives,2019,E14000882,Poplar and Limehouse,51.24237834479009,5.475164084042099,32,Male,5,0.9133030601645373
Labour,2019,E14000882,Poplar and Limehouse,51.24237834479009,5.475164084042099,42,Female,2,0.43419160725586187
Conservatives,2019,E14000882,Poplar and Limehouse,51.24237834479009,5.475164084042099,63,Female,7,1.4100119980631196
Labour,2019,E14000896,Richmond Park,36.30676274754806,13.31667322800952,,Male,0,
Conservatives,2019,E14000896,Richmond Park,36.30676274754806,13.31667322800952,67,Male,6,0.42010679316123184
Conservatives,2019,E14000896,Richmond Park,36.30676274754806,13.31667322800952,47,Female,8,0.6931649099164875
Conservatives,2019,E14000896,Richmond Park,36.30676274754806,13.31667322800952,46,Male,7,0.7619834262798675
Conservatives,2019,E14000896,Richmond Park,36.30676274754806,13.31667322800952,54,Female,5,0.6931649099164875
Conservatives,2019,E14000900,Romford,37.51225311281206,16.27839072309008,29,Male,7,0.47499924451826026
Conservatives,2019,E14000900,Romford,37.51225311281206,16.27839072309008,52,Male,3,0.9079024333767538
Labour,2019,E14000900,Romford,37.51225311281206,16.27839072309008,37,Male,2,0.9545976832515781
Labour,2019,E14000900,Romford,37.51225311281206,16.27839072309008,49,Male,3,1.2848907069585938
Labour,2019,E14000900,Romford,37.51225311281206,16.27839072309008,23,Female,4,1.132720098132103
Conservatives,2019,E14000900,Romford,37.51225311281206,16.27839072309008,35,Female,7,0.8872156290671163
Labour,2019,E14000998,Tooting,43.11628777247638,8.491907568528394,,Female,3,
Labour,2019,E14000998,Tooting,43.11628777247638,8.491907568528394,55,Male,2,1.7424533826346351
Labour,2019,E14000998,Tooting,43.11628777247638,8.491907568528394,42,Male,7,0.9545976832515781
Labour,2019,E14001002,Tottenham,46.68090407545827,8.14936898875709,64,Female,,0.7925418718779383
Labour,2019,E14001002,Tottenham,46.68090407545827,8.14936898875709,53,Female,4,0.7792305540377717
Labour,2019,E14001002,Tottenham,46.68090407545827,8.14936898875709,25,Female,0,0.9339752349351208
Conservatives,2019,E14001002,Tottenham,46.68090407545827,8.14936898875709,32,Female,6,0.41540905719968274
Labour,2019,E14001002,Tottenham,46.68090407545827,8.14936898875709,75,Male,,1.2188282488980824
Conservatives,2019,E14001005,Twickenham,35.9494483164293,13.1967344610613,56,Male,7,0.7750001175833483
Conservatives,2019,E14001005,Twickenham,35.9494483164293,13.1967344610613,78,Female,7,0.4931444570201528
Labour,2019,E14001013,Walthamstow,45.24235370248869,8.168034297115842,42,Male,3,1.4318965248773605
Conservatives,2019,E14001013,Walthamstow,45.24235370248869,8.168034297115842,60,Male,10,0.7750001175833483
Labour,2019,E14001013,Walthamstow,45.24235370248869,8.168034297115842,54,Female,5,1.5584611080755435
Labour,2019,E14001013,Walthamstow,45.24235370248869,8.168034297115842,63,Female,1,0.7925418718779383
Labour,2019,E14001013,Walthamstow,45.24235370248869,8.168034297115842,62,Male,3,1.0356798421293667
Labour,2019,E14001013,Walthamstow,45.24235370248869,8.168034297115842,34,Female,5,1.8679504698702416
Labour,2019,E14001032,West Ham,51.0484248333776,6.824878906299403,47,Female,5,0.3896152770188859
Labour,2019,E14001032,West Ham,51.0484248333776,6.824878906299403,35,Female,10,1.4960628768821336
Labour,2019,E14001032,West Ham,51.0484248333776,6.824878906299403,49,Female,7,0.3896152770188859
Labour,2019,E14001032,West Ham,51.0484248333776,6.824878906299403,26,Male,,2.13590687686759
Labour,2019,E14001032,West Ham,51.0484248333776,6.824878906299403,53,Female,5,1.856904735123643
Labour,2019,E14001032,West Ham,51.0484248333776,6.824878906299403,40,Female,,
Labour,2019,E14001040,Wimbledon,37.14819233362726,12.31910368795062,62,Male,5,0.8712266913173176
Conservatives,2019,E14001040,Wimbledon,37.14819233362726,12.31910368795062,36,Male,4,0.8491628231065143
Conservatives,2019,E14001040,Wimbledon,37.14819233362726,12.31910368795062,49,Male,5,0.38099171313993374
Labour,2019,E14001040,Wimbledon,37.14819233362726,12.31910368795062,55,Male,5,0.8712266913173176
Conservatives,2019,E14001040,Wimbledon,37.14819233362726,12.31910368795062,60,Female,6,0.7050059990315598
Conservatives,2019,E14001040,Wimbledon,37.14819233362726,12.31910368795062,88,Male,8,0.5421046242176462
Conservatives,2019,E14001040,Wimbledon,37.14819233362726,12.31910368795062,30,Male,6,0.9133030601645373
Labour,2019,E14000575,Blyth Valley,34.54133910969406,17.12098717355855,47,Female,2,0.37849837154423893
Conservatives,2019,E14000575,Blyth Valley,34.54133910969406,17.12098717355855,77,Female,5,0.4020763594116577
Labour,2019,E14000575,Blyth Valley,34.54133910969406,17.12098717355855,71,Female,5,0.35027934994026755
Labour,2019,E14000575,Blyth Valley,34.54133910969406,17.12098717355855,61,Female,5,0.7681586945331631
Conservatives,2019,E14000709,Gateshead,38.66738619770173,15.53552155418704,67,Male,5,0.3425264292314063
Labour,2019,E14000709,Gateshead,38.66738619770173,15.53552155418704,39,Female,,
Labour,2019,E14000709,Gateshead,38.66738619770173,15.53552155418704,41,Female,3,0.4065958810679813
Labour,2019,E14000709,Gateshead,38.66738619770173,15.53552155418704,61,Female,,1.5363173890663262
Conservatives,2019,E14000709,Gateshead,38.66738619770173,15.53552155418704,75,Male,9,0.8839902816417557
Conservatives,2019,E14000709,Gateshead,38.66738619770173,15.53552155418704,78,Female,8,0.8041527188233154
Conservatives,2019,E14000709,Gateshead,38.66738619770173,15.53552155418704,49,Male,5,0.740241728192415
Conservatives,2019,E14000709,Gateshead,38.66738619770173,15.53552155418704,55,Male,,0.7511566261795696
Labour,2019,E14000746,Hexham,29.71299648460045,21.9948580723018,39,Male,1,0.7783138504767032
Conservatives,2019,E14000746,Hexham,29.71299648460045,21.9948580723018,55,Female,5,0.6833159320288069
Labour,2019,E14000746,Hexham,29.71299648460045,21.9948580723018,33,Male,1,0.8371026169143194
Conservatives,2019,E14000746,Hexham,29.71299648460045,21.9948580723018,62,Male,8,0.7511566261795696
Labour,2019,E14000746,Hexham,29.71299648460045,21.9948580723018,53,Male,4,0.6984081714007364
Labour,2019,E14000746,Hexham,29.71299648460045,21.9948580723018,49,Female,3,0.31766572639082863
Labour,2019,E14000746,Hexham,29.71299648460045,21.9948580723018,52,Female,2,0.6353314527816573
Labour,2019,E14000746,Hexham,29.71299648460045,21.9948580723018,88,Male,3,0.9937494340426164
Conservatives,2019,E14000746,Hexham,29.71299648460045,21.9948580723018,51,Male,6,0.6212693210056862
Labour,2019,E14000765,Jarrow,34.63007446552967,17.82969012731204,56,Male,2,1.6888454265740798
Conservatives,2019,E14000765,Jarrow,34.63007446552967,17.82969012731204,76,Male,6,1.7679805632835115
Labour,2019,E14000765,Jarrow,34.63007446552967,17.82969012731204,65,Female,4,1.4011173997610702
Labour,2019,E14000765,Jarrow,34.63007446552967,17.82969012731204,28,Female,1,0.7614997125031364
Conservatives,2019,E14000819,Middlesbrough,44.23693602514249,13.93703723432589,76,Male,6,0.8839902816417557
Labour,2019,E14000819,Middlesbrough,44.23693602514249,13.93703723432589,23,Male,5,1.0816487009292728
Labour,2019,E14000819,Middlesbrough,44.23693602514249,13.93703723432589,32,Female,4,0.3960479318603151
Conservatives,2019,E14000819,Middlesbrough,44.23693602514249,13.93703723432589,58,Male,10,1.126734939269342
Labour,2019,E14000819,Middlesbrough,44.23693602514249,13.93703723432589,37,Male,3,0.7783138504767032
Labour,2019,E14000819,Middlesbrough,44.23693602514249,13.93703723432589,32,Female,4,0.7920958637206302
Conservatives,2019,E14000819,Middlesbrough,44.23693602514249,13.93703723432589,60,Female,3,1.0249738980432073
Conservatives,2019,E14000819,Middlesbrough,44.23693602514249,13.93703723432589,66,Male,8,0.6850528584628126
Conservatives,2019,E14000820,Middlesbrough South and East Cleveland,34.62284273802598,18.57022816883201,58,Male,5,0.7511566261795696
Conservatives,2019,E14000820,Middlesbrough South and East Cleveland,34.62284273802598,18.57022816883201,46,Male,6,0.6212693210056862
Conservatives,2019,E14000820,Middlesbrough South and East Cleveland,34.62284273802598,18.57022816883201,55,Female,8,0.8622207187530185
Conservatives,2019,E14000820,Middlesbrough South and East Cleveland,34.62284273802598,18.57022816883201,47,Female,5,0.6733868128129921
Conservatives,2019,E14000820,Middlesbrough South and East Cleveland,34.62284273802598,18.57022816883201,68,Male,5,0.3425264292314063
Labour,2019,E14000820,Middlesbrough South and East Cleveland,34.62284273802598,18.57022816883201,62,Female,3,0.6461845935600937
Conservatives,2019,E14000820,Middlesbrough South and East Cleveland,34.62284273802598,18.57022816883201,85,Female,7,0.4020763594116577
Conservatives,2019,E14000820,Middlesbrough South and East Cleveland,34.62284273802598,18.57022816883201,55,Female,5,1.149627625004019
Labour,2019,E14000832,Newcastle Upon Tyne East,52.66296331167812,11.39357038989842,76,Male,5,1.9874988680852328
Labour,2019,E14000832,Newcastle Upon Tyne East,52.66296331167812,11.39357038989842,32,Female,,0.7920958637206302
Conservatives,2019,E14000832,Newcastle Upon Tyne East,52.66296331167812,11.39357038989842,58,Female,2,1.3666318640576138
Conservatives,2019,E14000832,Newcastle Upon Tyne East,52.66296331167812,11.39357038989842,53,Female,7,1.3467736256259841
Labour,2019,E14000832,Newcastle Upon Tyne East,52.66296331167812,11.39357038989842,67,Male,3,0.38505564174436824
Labour,2019,E14000832,Newcastle Upon Tyne East,52.66296331167812,11.39357038989842,86,Female,,0.4519994878961536
Conservatives,2019,E14000832,Newcastle Upon Tyne East,52.66296331167812,11.39357038989842,76,Male,7,1.7679805632835115
Labour,2019,E14000832,Newcastle Upon Tyne East,52.66296331167812,11.39357038989842,71,Male,3,1.540222566977473
Labour,2019,E14000832,Newcastle Upon Tyne East,52.66296331167812,11.39357038989842,87,Female,3,0.4519994878961536
Labour,2019,E14000832,Newcastle Upon Tyne East,52.66296331167812,11.39357038989842,60,Female,4,0.38407934726658155
Labour,2019,E14000832,Newcastle Upon Tyne East,52.66296331167812,11.39357038989842,76,Male,4,0.4968747170213082
Labour,2019,E14000833,Newcastle Upon Tyne North,35.67963034270312,18.05159799768964,72,Male,1,0.7701112834887365
Conservatives,2019,E14000833,Newcastle Upon Tyne North,35.67963034270312,18.05159799768964,80,Male,6,0.8839902816417557
Labour,2019,E14000833,Newcastle Upon Tyne North,35.67963034270312,18.05159799768964,34,Female,4,0.7614997125031364
Conservatives,2019,E14000833,Newcastle Upon Tyne North,35.67963034270312,18.05159799768964,80,Male,4,1.3259854224626264
Conservatives,2019,E14000833,Newcastle Upon Tyne North,35.67963034270312,18.05159799768964,54,Male,7,0.6212693210056862
Conservatives,2019,E14000833,Newcastle Upon Tyne North,35.67963034270312,18.05159799768964,56,Female,,0.6833159320288069
Conservatives,2019,E14000833,Newcastle Upon Tyne North,35.67963034270312,18.05159799768964,75,Female,5,0.8041527188233154
Conservatives,2019,E14000856,North West Durham,32.94108707215666,18.6237366884139,55,Female,7,0.5748138125020095
Labour,2019,E14000856,North West Durham,32.94108707215666,18.6237366884139,47,Male,6,0.4160762927618139
Conservatives,2019,E14000856,North West Durham,32.94108707215666,18.6237366884139,61,Male,5,0.3159411216993387
Labour,2019,E14000856,North West Durham,32.94108707215666,18.6237366884139,69,Female,3,0.35027934994026755
Conservatives,2019,E14000856,North West Durham,32.94108707215666,18.6237366884139,71,Female,5,0.6231823246375996
Labour,2019,E14000856,North West Durham,32.94108707215666,18.6237366884139,55,Male,5,1.0655082439245984
Labour,2019,E14000856,North West Durham,32.94108707215666,18.6237366884139,50,Male,2,1.2482288782854303
Conservatives,2019,E14000856,North West Durham,32.94108707215666,18.6237366884139,60,Female,7,0.5748138125020095
Labour,2019,E14000891,Redcar,35.74075352712376,19.12932403507561,39,Female,0,0.8131917621359626
Conservatives,2019,E14000891,Redcar,35.74075352712376,19.12932403507561,59,Male,5,0.3755783130897848
Conservatives,2019,E14000891,Redcar,35.74075352712376,19.12932403507561,55,Female,8,0.6833159320288069
Conservatives,2019,E14000891,Redcar,35.74075352712376,19.12932403507561,61,Male,10,0.6318822433986774
Conservatives,2019,E14000891,Redcar,35.74075352712376,19.12932403507561,48,Male,5,1.1103625922886204
Labour,2019,E14000891,Redcar,35.74075352712376,19.12932403507561,28,Female,4,0.7920958637206302
Conservatives,2019,E14000891,Redcar,35.74075352712376,19.12932403507561,52,Male,5,1.1103625922886204
Conservatives,2019,E14000915,Sedgefield,33.80142687277051,18.40071343638526,67,Male,5,0.3425264292314063
Conservatives,2019,E14000915,Sedgefield,33.80142687277051,18.40071343638526,,Male,5,
Labour,2019,E14000915,Sedgefield,33.80142687277051,18.40071343638526,78,Female,,0.4519994878961536
Labour,2019,E14000944,South Shields,35.29661943762607,18.3245437091404,62,Male,10,0.42221135664351994
Labour,2019,E14000944,South Shields,35.29661943762607,18.3245437091404,32,Female,,0.3960479318603151
Conservatives,2019,E14000944,South Shields,35.29661943762607,18.3245437091404,47,Male,8,1.1103625922886204
Conservatives,2019,E14000944,South Shields,35.29661943762607,18.3245437091404,81,Female,,0.4020763594116577
Labour,2019,E14000944,South Shields,35.29661943762607,18.3245437091404,19,Female,3,0.9839596223259034
Labour,2019,E14000982,Sunderland Central,37.40101116283726,17.19877859538469,39,Male,6,0.7783138504767032
Labour,2019,E14000982,Sunderland Central,37.40101116283726,17.19877859538469,37,Female,3,0.7080204522116267
Labour,2019,E14000982,Sunderland Central,37.40101116283726,17.19877859538469,41,Male,2,0.8939267355723115
Labour,2019,E14000982,Sunderland Central,37.40101116283726,17.19877859538469,88,Male,5,0.9937494340426164
Labour,2019,E14000982,Sunderland Central,37.40101116283726,17.19877859538469,64,Female,2,0.32309229678004686
Labour,2019,E14000982,Sunderland Central,37.40101116283726,17.19877859538469,49,Female,1,0.31766572639082863
Labour,2019,E14000982,Sunderland Central,37.40101116283726,17.19877859538469,29,Female,1,0.7920958637206302
Labour,2019,E14001006,Tynemouth,32.65221397543515,18.75575896880284,38,Male,3,0.3891569252383516
Labour,2019,E14001006,Tynemouth,32.65221397543515,18.75575896880284,34,Male,,1.7414728055194548
Labour,2019,E14001006,Tynemouth,32.65221397543515,18.75575896880284,40,Male,6,0.8939267355723115
Conservatives,2019,E14001006,Tynemouth,32.65221397543515,18.75575896880284,59,Female,,0.6833159320288069
Labour,2019,E14001006,Tynemouth,32.65221397543515,18.75575896880284,,Female,3,
Labour,2019,E14001006,Tynemouth,32.65221397543515,18.75575896880284,30,Female,0,1.5229994250062728
Conservatives,2019,E14001006,Tynemouth,32.65221397543515,18.75575896880284,48,Female,5,0.6733868128129921
Labour,2019,E14001006,Tynemouth,32.65221397543515,18.75575896880284,24,Female,3,0.4919798111629517
Conservatives,2019,E14001006,Tynemouth,32.65221397543515,18.75575896880284,22,Female,7,0.5476919106386738
Labour,2019,E14000532,Altrincham and Sale West,34.68128500584941,17.18897205743806,45,Female,4,0.8449401617372058
Labour,2019,E14000532,Altrincham and Sale West,34.68128500584941,17.18897205743806,47,Female,1,0.7091405152945638
Conservatives,2019,E14000532,Altrincham and Sale West,34.68128500584941,17.18897205743806,63,Male,3,1.2576323617153689
Labour,2019,E14000532,Altrincham and Sale West,34.68128500584941,17.18897205743806,23,Male,2,1.5109031421140957
Labour,2019,E14000532,Altrincham and Sale West,34.68128500584941,17.18897205743806,80,Male,3,1.1091973845230656
Labour,2019,E14000532,Altrincham and Sale West,34.68128500584941,17.18897205743806,50,Male,6,1.559090230413206
Labour,2019,E14000532,Altrincham and Sale West,34.68128500584941,17.18897205743806,19,Female,3,0.5491351250990467
Conservatives,2019,E14000532,Altrincham and Sale West,34.68128500584941,17.18897205743806,44,Male,7,1.5455650675565094
Conservatives,2019,E14000543,Barrow and Furness,32.99371805552428,19.71269673293855,29,Female,8,0.7864666010843733
Conservatives,2019,E14000543,Barrow and Furness,32.99371805552428,19.71269673293855,85,Male,5,0.9866870608942708
Conservatives,2019,E14000543,Barrow and Furness,32.99371805552428,19.71269673293855,72,Male,5,0.7646382607493681
Conservatives,2019,E14000543,Barrow and Furness,32.99371805552428,19.71269673293855,83,Female,6,0.4487872203596606
Labour,2019,E14000543,Barrow and Furness,32.99371805552428,19.71269673293855,66,Female,4,0.39097273970324353
Conservatives,2019,E14000543,Barrow and Furness,32.99371805552428,19.71269673293855,69,Female,7,0.34778998653467225
Labour,2019,E14000543,Barrow and Furness,32.99371805552428,19.71269673293855,33,Female,5,1.6999325191813457
Conservatives,2019,E14000543,Barrow and Furness,32.99371805552428,19.71269673293855,69,Female,7,0.6955799730693445
Labour,2019,E14000543,Barrow and Furness,32.99371805552428,19.71269673293855,65,Male,3,0.4297891360614255
Conservatives,2019,E14000543,Barrow and Furness,32.99371805552428,19.71269673293855,,Female,5,
Conservatives,2019,E14000572,Blackpool North and Cleveleys,32.37999304481299,22.16306316029308,59,Female,8,0.7626995484425125
Labour,2019,E14000572,Blackpool North and Cleveleys,32.37999304481299,22.16306316029308,63,Female,5,0.8573988428941379
Conservatives,2019,E14000572,Blackpool North and Cleveleys,32.37999304481299,22.16306316029308,49,Male,6,0.4131193239958438
Labour,2019,E14000572,Blackpool North and Cleveleys,32.37999304481299,22.16306316029308,38,Female,4,0.7902740941317683
Labour,2019,E14000572,Blackpool North and Cleveleys,32.37999304481299,22.16306316029308,75,Female,,1.009020247167614
Conservatives,2019,E14000572,Blackpool North and Cleveleys,32.37999304481299,22.16306316029308,71,Male,5,0.7646382607493681
Conservatives,2019,E14000578,Bolton North East,38.97342792376794,15.86663588279741,71,Female,7,0.34778998653467225
Conservatives,2019,E14000578,Bolton North East,38.97342792376794,15.86663588279741,67,Male,5,0.7646382607493681
Conservatives,2019,E14000578,Bolton North East,38.97342792376794,15.86663588279741,68,Female,6,0.34778998653467225
Labour,2019,E14000578,Bolton North East,38.97342792376794,15.86663588279741,21,Female,5,0.6872229790542667
Conservatives,2019,E14000578,Bolton North East,38.97342792376794,15.86663588279741,48,Female,9,0.9462244239304992
Conservatives,2019,E14000578,Bolton North East,38.97342792376794,15.86663588279741,83,Female,8,0.4487872203596606
Conservatives,2019,E14000579,Bolton South East,42.24399736601571,13.80876094626869,24,Female,3,1.4654502350384417
Labour,2019,E14000579,Bolton South East,42.24399736601571,13.80876094626869,33,Female,4,0.44205844563670627
Conservatives,2019,E14000579,Bolton South East,42.24399736601571,13.80876094626869,52,Male,6,1.6524772959833751
Labour,2019,E14000579,Bolton South East,42.24399736601571,13.80876094626869,50,Female,6,1.2674102426058105
Labour,2019,E14000579,Bolton South East,42.24399736601571,13.80876094626869,39,Female,3,0.39513704706588415
Labour,2019,E14000579,Bolton South East,42.24399736601571,13.80876094626869,62,Female,3,0.8573988428941379
Labour,2019,E14000579,Bolton South East,42.24399736601571,13.80876094626869,18,Male,2,1.810962405024265
Labour,2019,E14000580,Bolton West,35.01581625636089,16.61394581213038,18,Female,6,1.0982702501980934
Conservatives,2019,E14000580,Bolton West,35.01581625636089,16.61394581213038,29,Female,7,0.39323330054218664
Conservatives,2019,E14000580,Bolton West,35.01581625636089,16.61394581213038,47,Female,7,0.751616922694492
Conservatives,2019,E14000580,Bolton West,35.01581625636089,16.61394581213038,75,Female,7,0.4487872203596606
Conservatives,2019,E14000580,Bolton West,35.01581625636089,16.61394581213038,88,Male,7,0.4933435304471354
Conservatives,2019,E14000580,Bolton West,35.01581625636089,16.61394581213038,41,Male,7,1.7751475636842051
Conservatives,2019,E14000580,Bolton West,35.01581625636089,16.61394581213038,75,Male,7,0.9866870608942708
Conservatives,2019,E14000580,Bolton West,35.01581625636089,16.61394581213038,68,Female,0,0.6955799730693445
Conservatives,2019,E14000580,Bolton West,35.01581625636089,16.61394581213038,65,Male,5,0.7646382607493681
Labour,2019,E14000580,Bolton West,35.01581625636089,16.61394581213038,49,Female,3,1.6898803234744115
Labour,2019,E14000609,Burnley,37.81228821833469,16.23496709128293,31,Male,2,0.4671761318552706
Labour,2019,E14000609,Burnley,37.81228821833469,16.23496709128293,62,Male,,0.9425227657233547
Conservatives,2019,E14000609,Burnley,37.81228821833469,16.23496709128293,84,Female,,0.4487872203596606
Conservatives,2019,E14000609,Burnley,37.81228821833469,16.23496709128293,35,Male,5,0.8875737818421026
Labour,2019,E14000609,Burnley,37.81228821833469,16.23496709128293,29,Female,5,0.8841168912734125
Conservatives,2019,E14000609,Burnley,37.81228821833469,16.23496709128293,61,Female,,0.7626995484425125
Conservatives,2019,E14000609,Burnley,37.81228821833469,16.23496709128293,73,Female,,0.6955799730693445
Labour,2019,E14000611,Bury North,36.44545850627163,16.31199981655163,46,Female,,0.3545702576472819
Labour,2019,E14000611,Bury North,36.44545850627163,16.31199981655163,72,Female,5,0.7819454794064871
Conservatives,2019,E14000611,Bury North,36.44545850627163,16.31199981655163,59,Female,7,0.38134977422125627
Conservatives,2019,E14000611,Bury North,36.44545850627163,16.31199981655163,44,Female,5,0.35149434812949315
Labour,2019,E14000611,Bury North,36.44545850627163,16.31199981655163,51,Female,3,0.3545702576472819
Conservatives,2019,E14000611,Bury North,36.44545850627163,16.31199981655163,19,Male,6,2.1479232914848514
Labour,2019,E14000611,Bury North,36.44545850627163,16.31199981655163,55,Female,,1.2860982643412047
Labour,2019,E14000611,Bury North,36.44545850627163,16.31199981655163,45,Female,5,0.7091405152945638
Labour,2019,E14000611,Bury North,36.44545850627163,16.31199981655163,67,Male,2,0.859578272122851
Labour,2019,E14000612,Bury South,37.58304204738251,15.65074303468858,63,Female,5,0.8573988428941379
Labour,2019,E14000612,Bury South,37.58304204738251,15.65074303468858,32,Female,5,1.6999325191813457
Conservatives,2019,E14000612,Bury South,37.58304204738251,15.65074303468858,72,Male,7,0.38231913037468407
Labour,2019,E14000612,Bury South,37.58304204738251,15.65074303468858,57,Male,3,0.7928618065831082
Labour,2019,E14000612,Bury South,37.58304204738251,15.65074303468858,48,Male,7,1.857654333712736
Labour,2019,E14000612,Bury South,37.58304204738251,15.65074303468858,45,Female,4,0.7091405152945638
Labour,2019,E14000612,Bury South,37.58304204738251,15.65074303468858,62,Male,,
Labour,2019,E14000612,Bury South,37.58304204738251,15.65074303468858,22,Female,2,1.030834468581391
Conservatives,2019,E14000612,Bury South,37.58304204738251,15.65074303468858,63,Female,7,1.1440493226637618
Conservatives,2019,E14000612,Bury South,37.58304204738251,15.65074303468858,76,Male,6,0.9866870608942708
Labour,2019,E14000620,Carlisle,35.78199327742821,17.82877214203468,70,Male,4,0.4297891360614255
Conservatives,2019,E14000620,Carlisle,35.78199327742821,17.82877214203468,34,Female,5,0.7560878904302633
Labour,2019,E14000620,Carlisle,35.78199327742821,17.82877214203468,69,Female,8,0.7819454794064871
Labour,2019,E14000620,Carlisle,35.78199327742821,17.82877214203468,40,Male,3,0.9977778734609465
Conservatives,2019,E14000620,Carlisle,35.78199327742821,17.82877214203468,57,Male,5,0.8384215744769168
Conservatives,2019,E14000620,Carlisle,35.78199327742821,17.82877214203468,71,Female,5,0.6955799730693445
Conservatives,2019,E14000620,Carlisle,35.78199327742821,17.82877214203468,63,Female,6,0.7626995484425125
Conservatives,2019,E14000620,Carlisle,35.78199327742821,17.82877214203468,66,Male,6,0.7646382607493681
Conservatives,2019,E14000620,Carlisle,35.78199327742821,17.82877214203468,56,Male,7,0.4192107872384584
Conservatives,2019,E14000640,City of Chester,36.85359427926232,17.8848325178773,20,Male,7,2.1479232914848514
Conservatives,2019,E14000640,City of Chester,36.85359427926232,17.8848325178773,39,Male,5,0.4437868909210513
Labour,2019,E14000640,City of Chester,36.85359427926232,17.8848325178773,26,Female,4,0.4249831297953364
Labour,2019,E14000640,City of Chester,36.85359427926232,17.8848325178773,51,Female,3,1.4182810305891276
Conservatives,2019,E14000640,City of Chester,36.85359427926232,17.8848325178773,42,Female,8,1.4059773925179726
Labour,2019,E14000640,City of Chester,36.85359427926232,17.8848325178773,23,Male,0,1.5109031421140957
Labour,2019,E14000640,City of Chester,36.85359427926232,17.8848325178773,54,Male,4,1.559090230413206
Labour,2019,E14000640,City of Chester,36.85359427926232,17.8848325178773,,Male,6,
Labour,2019,E14000653,Crewe and Nantwich,37.12932665864959,16.70162485667142,83,Female,4,0.504510123583807
Conservatives,2019,E14000686,Eddisbury,32.18852545163664,19.78676444828513,66,Male,5,0.7646382607493681
Conservatives,2019,E14000686,Eddisbury,32.18852545163664,19.78676444828513,78,Male,8,0.4933435304471354
Conservatives,2019,E14000686,Eddisbury,32.18852545163664,19.78676444828513,74,Male,9,0.7646382607493681
Conservatives,2019,E14000686,Eddisbury,32.18852545163664,19.78676444828513,50,Female,,1.503233845388984
Labour,2019,E14000686,Eddisbury,32.18852545163664,19.78676444828513,52,Male,4,0.779545115206603
Conservatives,2019,E14000686,Eddisbury,32.18852545163664,19.78676444828513,,Male,10,
Conservatives,2019,E14000686,Eddisbury,32.18852545163664,19.78676444828513,72,Male,6,0.38231913037468407
Labour,2019,E14000686,Eddisbury,32.18852545163664,19.78676444828513,59,Male,2,1.1892927098746517
Labour,2019,E14000686,Eddisbury,32.18852545163664,19.78676444828513,26,Male,3,0.4671761318552706
Conservatives,2019,E14000686,Eddisbury,32.18852545163664,19.78676444828513,54,Male,8,0.4131193239958438
Conservatives,2019,E14000686,Eddisbury,32.18852545163664,19.78676444828513,45,Male,4,0.6934447279538123
Conservatives,2019,E14000708,Garston and Halewood,36.19660787946405,17.60443002343982,42,Female,2,1.0544830443884738
Labour,2019,E14000708,Garston and Halewood,36.19660787946405,17.60443002343982,44,Female,,1.8153271735865748
Conservatives,2019,E14000708,Garston and Halewood,36.19660787946405,17.60443002343982,92,Female,10,0.8975744407193212
Labour,2019,E14000708,Garston and Halewood,36.19660787946405,17.60443002343982,67,Male,2,0.4297891360614255
Conservatives,2019,E14000708,Garston and Halewood,36.19660787946405,17.60443002343982,60,Male,5,0.4192107872384584
Conservatives,2019,E14000725,Halton,37.65987683562292,15.65450813200695,40,Female,5,1.0544830443884738
Labour,2019,E14000725,Halton,37.65987683562292,15.65450813200695,19,Male,2,1.2073082700161692
Labour,2019,E14000725,Halton,37.65987683562292,15.65450813200695,49,Female,5,
Labour,2019,E14000725,Halton,37.65987683562292,15.65450813200695,66,Female,4,0.7819454794064871
Labour,2019,E14000725,Halton,37.65987683562292,15.65450813200695,19,Female,,2.196540500396187
Labour,2019,E14000725,Halton,37.65987683562292,15.65450813200695,68,Male,3,0.4297891360614255
Labour,2019,E14000725,Halton,37.65987683562292,15.65450813200695,64,Male,4,1.1892927098746517
Labour,2019,E14000747,Heywood and Middleton,37.11956417117447,16.00573661616648,23,Female,2,1.030834468581391
Conservatives,2019,E14000747,Heywood and Middleton,37.11956417117447,16.00573661616648,,Male,5,
Conservatives,2019,E14000747,Heywood and Middleton,37.11956417117447,16.00573661616648,71,Male,7,0.7646382607493681
Labour,2019,E14000747,Heywood and Middleton,37.11956417117447,16.00573661616648,31,Female,,0.8841168912734125
Conservatives,2019,E14000747,Heywood and Middleton,37.11956417117447,16.00573661616648,48,Female,7,0.3154081413101664
Labour,2019,E14000747,Heywood and Middleton,37.11956417117447,16.00573661616648,53,Female,0,1.4182810305891276
Conservatives,2019,E14000747,Heywood and Middleton,37.11956417117447,16.00573661616648,44,Female,,1.4059773925179726
Conservatives,2019,E14000775,Knowsley,38.63439514964873,15.77903955345972,72,Female,5,0.6955799730693445
Labour,2019,E14000775,Knowsley,38.63439514964873,15.77903955345972,39,Female,5,0.39513704706588415
Labour,2019,E14000775,Knowsley,38.63439514964873,15.77903955345972,62,Female,5,1.2860982643412047
Conservatives,2019,E14000775,Knowsley,38.63439514964873,15.77903955345972,68,Male,5,1.5292765214987363
Conservatives,2019,E14000776,Lancaster and Fleetwood,42.69013271783035,17.12175418349683,62,Female,4,1.525399096885025
Conservatives,2019,E14000776,Lancaster and Fleetwood,42.69013271783035,17.12175418349683,54,Male,7,0.8262386479916876
Conservatives,2019,E14000776,Lancaster and Fleetwood,42.69013271783035,17.12175418349683,55,Female,5,0.7626995484425125
Conservatives,2019,E14000776,Lancaster and Fleetwood,42.69013271783035,17.12175418349683,,Male,5,
Conservatives,2019,E14000776,Lancaster and Fleetwood,42.69013271783035,17.12175418349683,64,Female,7,0.7626995484425125
Labour,2019,E14000793,"Liverpool, Riverside",52.19021928297946,10.25408980160111,54,Male,,0.464413583428184
Labour,2019,E14000793,"Liverpool, Riverside",52.19021928297946,10.25408980160111,36,Male,0,0.49888893673047324
Conservatives,2019,E14000793,"Liverpool, Riverside",52.19021928297946,10.25408980160111,71,Male,7,0.7646382607493681
Labour,2019,E14000793,"Liverpool, Riverside",52.19021928297946,10.25408980160111,25,Female,3,0.8499662595906728
Labour,2019,E14000793,"Liverpool, Riverside",52.19021928297946,10.25408980160111,24,Female,4,0.6872229790542667
Conservatives,2019,E14000805,Makerfield,35.65609661717684,16.45485835319036,80,Female,5,0.4487872203596606
Labour,2019,E14000805,Makerfield,35.65609661717684,16.45485835319036,69,Male,6,0.859578272122851
Conservatives,2019,E14000805,Makerfield,35.65609661717684,16.45485835319036,50,Male,6,1.3868894559076246
Conservatives,2019,E14000805,Makerfield,35.65609661717684,16.45485835319036,68,Male,6,
Labour,2019,E14000805,Makerfield,35.65609661717684,16.45485835319036,71,Male,3,0.859578272122851
Labour,2019,E14000805,Makerfield,35.65609661717684,16.45485835319036,50,Female,8,0.3545702576472819
Labour,2019,E14000805,Makerfield,35.65609661717684,16.45485835319036,43,Female,5,0.4538317933966437
Labour,2019,E14000807,Manchester Central,56.35990054047615,7.60984470616262,49,Male,8,0.464413583428184
Conservatives,2019,E14000825,Morecambe and Lunesdale,33.06000022809439,21.39069146812951,65,Female,5,0.6955799730693445
Labour,2019,E14000825,Morecambe and Lunesdale,33.06000022809439,21.39069146812951,42,Female,5,0.9076635867932874
Labour,2019,E14000825,Morecambe and Lunesdale,33.06000022809439,21.39069146812951,74,Female,4,0.7819454794064871
Labour,2019,E14000825,Morecambe and Lunesdale,33.06000022809439,21.39069146812951,92,Male,3,0.5545986922615328
Conservatives,2019,E14000825,Morecambe and Lunesdale,33.06000022809439,21.39069146812951,66,Male,6,0.38231913037468407
Conservatives,2019,E14000825,Morecambe and Lunesdale,33.06000022809439,21.39069146812951,77,Male,8,0.4933435304471354
Labour,2019,E14000825,Morecambe and Lunesdale,33.06000022809439,21.39069146812951,41,Male,2,0.9977778734609465
Conservatives,2019,E14000825,Morecambe and Lunesdale,33.06000022809439,21.39069146812951,71,Male,8,0.7646382607493681
Labour,2019,E14000870,Oldham East and Saddleworth,39.96122085412546,14.59336030157183,33,Male,,0.48594671225176506
Labour,2019,E14000870,Oldham East and Saddleworth,39.96122085412546,14.59336030157183,46,Female,3,0.7091405152945638
Labour,2019,E14000870,Oldham East and Saddleworth,39.96122085412546,14.59336030157183,50,Female,4,0.7091405152945638
Conservatives,2019,E14000870,Oldham East and Saddleworth,39.96122085412546,14.59336030157183,33,Male,7,0.415576750262921
Conservatives,2019,E14000870,Oldham East and Saddleworth,39.96122085412546,14.59336030157183,87,Male,5,0.4933435304471354
Labour,2019,E14000870,Oldham East and Saddleworth,39.96122085412546,14.59336030157183,34,Female,3,0.44205844563670627
Labour,2019,E14000870,Oldham East and Saddleworth,39.96122085412546,14.59336030157183,33,Female,,0.8499662595906728
Labour,2019,E14000870,Oldham East and Saddleworth,39.96122085412546,14.59336030157183,69,Male,3,0.859578272122851
Labour,2019,E14000871,Oldham West and Royton,42.89681920948001,13.97150541825836,57,Male,0,1.5857236131662165
Labour,2019,E14000871,Oldham West and Royton,42.89681920948001,13.97150541825836,29,Male,5,0.48594671225176506
Conservatives,2019,E14000871,Oldham West and Royton,42.89681920948001,13.97150541825836,49,Female,,1.503233845388984
Conservatives,2019,E14000871,Oldham West and Royton,42.89681920948001,13.97150541825836,64,Female,5,0.7626995484425125
Conservatives,2019,E14000871,Oldham West and Royton,42.89681920948001,13.97150541825836,55,Female,7,0.6415922923560912
Labour,2019,E14000871,Oldham West and Royton,42.89681920948001,13.97150541825836,69,Male,0,0.4297891360614255
Conservatives,2019,E14000902,Rossendale and Darwen,35.86585808324263,15.10185041206655,72,Female,5,0.34778998653467225
Conservatives,2019,E14000902,Rossendale and Darwen,35.86585808324263,15.10185041206655,60,Male,8,0.35264529855034465
Conservatives,2019,E14000902,Rossendale and Darwen,35.86585808324263,15.10185041206655,28,Male,,0.4322741289811899
Labour,2019,E14000902,Rossendale and Darwen,35.86585808324263,15.10185041206655,60,Female,0,0.36062725499133647
Conservatives,2019,E14000902,Rossendale and Darwen,35.86585808324263,15.10185041206655,61,Female,5,0.7626995484425125
Conservatives,2019,E14000902,Rossendale and Darwen,35.86585808324263,15.10185041206655,87,Female,3,0.4487872203596606
Labour,2019,E14000902,Rossendale and Darwen,35.86585808324263,15.10185041206655,24,Female,,0.34361148952713333
Conservatives,2019,E14000902,Rossendale and Darwen,35.86585808324263,15.10185041206655,81,Male,6,0.4933435304471354
Conservatives,2019,E14000958,Southport,31.7445038227061,23.16969274515661,70,Female,7,0.6955799730693445
Labour,2019,E14000958,Southport,31.7445038227061,23.16969274515661,36,Male,,0.868733764984281
Conservatives,2019,E14000958,Southport,31.7445038227061,23.16969274515661,91,Male,5,1.9733741217885417
Labour,2019,E14000958,Southport,31.7445038227061,23.16969274515661,57,Male,0,0.47126138286167735
Conservatives,2019,E14000958,Southport,31.7445038227061,23.16969274515661,77,Male,10,0.4933435304471354
Conservatives,2019,E14000958,Southport,31.7445038227061,23.16969274515661,72,Female,5,0.6955799730693445
Labour,2019,E14000962,St Helens North,35.23487846826499,17.54802213058704,25,Female,5,
Conservatives,2019,E14000962,St Helens North,35.23487846826499,17.54802213058704,52,Male,6,0.8262386479916876
Labour,2019,E14000962,St Helens North,35.23487846826499,17.54802213058704,28,Female,,0.44205844563670627
Conservatives,2019,E14000962,St Helens North,35.23487846826499,17.54802213058704,68,Male,7,0.7646382607493681
Labour,2019,E14000962,St Helens North,35.23487846826499,17.54802213058704,46,Female,1,0.8449401617372058
Labour,2019,E14000963,St Helens South and Whiston,35.74912822754503,17.91628997486514,56,Male,0,0.9425227657233547
Conservatives,2019,E14000963,St Helens South and Whiston,35.74912822754503,17.91628997486514,45,Female,,0.375808461347246
Conservatives,2019,E14000963,St Helens South and Whiston,35.74912822754503,17.91628997486514,73,Male,,0.38231913037468407
Labour,2019,E14000963,St Helens South and Whiston,35.74912822754503,17.91628997486514,32,Male,5,0.4671761318552706
Conservatives,2019,E14000963,St Helens South and Whiston,35.74912822754503,17.91628997486514,68,Male,7,0.38231913037468407
Labour,2019,E14000963,St Helens South and Whiston,35.74912822754503,17.91628997486514,63,Female,5,0.7212545099826729
Labour,2019,E14000963,St Helens South and Whiston,35.74912822754503,17.91628997486514,48,Female,7,0.7091405152945638
Conservatives,2019,E14000963,St Helens South and Whiston,35.74912822754503,17.91628997486514,81,Male,8,0.4933435304471354
Conservatives,2019,E14000963,St Helens South and Whiston,35.74912822754503,17.91628997486514,69,Male,8,0.7646382607493681
Labour,2019,E14001010,Wallasey,36.68552390322436,16.91561200304101,33,Male,5,1.4578401367552891
Labour,2019,E14001010,Wallasey,36.68552390322436,16.91561200304101,37,Female,,0.9076635867932874
Labour,2019,E14001010,Wallasey,36.68552390322436,16.91561200304101,51,Female,0,0.7091405152945638
Conservatives,2019,E14001010,Wallasey,36.68552390322436,16.91561200304101,55,Female,,1.525399096885025
Conservatives,2019,E14001010,Wallasey,36.68552390322436,16.91561200304101,65,Female,8,
Conservatives,2019,E14001018,Warrington South,35.75573517731159,16.05756202401533,83,Male,,0.4933435304471354
Conservatives,2019,E14001018,Warrington South,35.75573517731159,16.05756202401533,55,Female,5,0.7626995484425125
Conservatives,2019,E14001018,Warrington South,35.75573517731159,16.05756202401533,32,Female,6,0.7560878904302633
Labour,2019,E14001018,Warrington South,35.75573517731159,16.05756202401533,57,Male,3,0.7928618065831082
Conservatives,2019,E14001018,Warrington South,35.75573517731159,16.05756202401533,84,Female,,0.4487872203596606
Conservatives,2019,E14001018,Warrington South,35.75573517731159,16.05756202401533,52,Female,8,0.9462244239304992
Conservatives,2019,E14001018,Warrington South,35.75573517731159,16.05756202401533,82,Male,10,0.9866870608942708
Conservatives,2019,E14001018,Warrington South,35.75573517731159,16.05756202401533,74,Male,8,0.38231913037468407
Conservatives,2019,E14001018,Warrington South,35.75573517731159,16.05756202401533,72,Male,7,0.7646382607493681
Conservatives,2019,E14001018,Warrington South,35.75573517731159,16.05756202401533,79,Female,7,0.4487872203596606
Labour,2019,E14001018,Warrington South,35.75573517731159,16.05756202401533,46,Female,3,0.7091405152945638
Labour,2019,E14001033,West Lancashire,36.06232264734115,18.49742080445584,66,Female,2,0.7819454794064871
Labour,2019,E14001033,West Lancashire,36.06232264734115,18.49742080445584,28,Female,3,0.8499662595906728
Labour,2019,E14001033,West Lancashire,36.06232264734115,18.49742080445584,28,Female,2,0.8499662595906728
Conservatives,2019,E14001033,West Lancashire,36.06232264734115,18.49742080445584,40,Female,5,0.8074125752819861
Conservatives,2019,E14001033,West Lancashire,36.06232264734115,18.49742080445584,69,Male,6,0.7646382607493681
Labour,2019,E14001033,West Lancashire,36.06232264734115,18.49742080445584,45,Female,3,0.7091405152945638
Conservatives,2019,E14001033,West Lancashire,36.06232264734115,18.49742080445584,78,Female,7,0.8975744407193212
Labour,2019,E14001033,West Lancashire,36.06232264734115,18.49742080445584,38,Female,3,0.7902740941317683
Conservatives,2019,E14001037,Westmorland and Lonsdale,28.30348312062822,24.50696504963119,64,Male,,0.8384215744769168
Conservatives,2019,E14001037,Westmorland and Lonsdale,28.30348312062822,24.50696504963119,82,Female,5,0.4487872203596606
Conservatives,2019,E14001043,Wirral South,31.51205885606815,22.14570195818122,26,Male,6,0.8645482579623798
Labour,2019,E14001043,Wirral South,31.51205885606815,22.14570195818122,22,Female,4,1.030834468581391
Conservatives,2019,E14001043,Wirral South,31.51205885606815,22.14570195818122,46,Male,6,0.6934447279538123
Conservatives,2019,E14001043,Wirral South,31.51205885606815,22.14570195818122,64,Female,9,0.38134977422125627
Conservatives,2019,E14001043,Wirral South,31.51205885606815,22.14570195818122,58,Male,8,1.2576323617153689
Labour,2019,E14001043,Wirral South,31.51205885606815,22.14570195818122,31,Female,2,0.8499662595906728
Conservatives,2019,E14001057,Wyre and Preston North,30.3332429010671,22.82058238379454,72,Female,6,
Conservatives,2019,E14001057,Wyre and Preston North,30.3332429010671,22.82058238379454,34,Female,4,0.39323330054218664
Conservatives,2019,E14001057,Wyre and Preston North,30.3332429010671,22.82058238379454,85,Female,8,0.4487872203596606
Labour,2019,E14001057,Wyre and Preston North,30.3332429010671,22.82058238379454,65,Male,3,0.4297891360614255
Labour,2019,E14001057,Wyre and Preston North,30.3332429010671,22.82058238379454,19,Male,3,2.4146165400323385
Conservatives,2019,E14001057,Wyre and Preston North,30.3332429010671,22.82058238379454,29,Female,,0.3780439452151316
Labour,2019,E14001059,Wythenshawe and Sale East,39.55879284508431,13.73603444678389,79,Male,0,1.1091973845230656
Labour,2019,E14001059,Wythenshawe and Sale East,39.55879284508431,13.73603444678389,66,Female,5,0.39097273970324353
Labour,2019,E14001059,Wythenshawe and Sale East,39.55879284508431,13.73603444678389,69,Male,3,0.859578272122851
Labour,2019,E14001059,Wythenshawe and Sale East,39.55879284508431,13.73603444678389,26,Male,,0.9718934245035301
Labour,2019,E14001059,Wythenshawe and Sale East,39.55879284508431,13.73603444678389,53,Male,5,1.3932407502845479
Labour,2019,E14001059,Wythenshawe and Sale East,39.55879284508431,13.73603444678389,36,Female,,0.4538317933966437
Labour,2019,E14001059,Wythenshawe and Sale East,39.55879284508431,13.73603444678389,45,Female,5,0.3545702576472819
Labour,2019,S14000002,Aberdeen South,37.61172569932509,15.04447568054766,62,Male,,0.39109761712497154
Labour,2019,S14000002,Aberdeen South,37.61172569932509,15.04447568054766,21,Female,2,2.166989880180064
Labour,2019,S14000002,Aberdeen South,37.61172569932509,15.04447568054766,47,Male,0,0.7690576957228079
Conservatives,2019,S14000003,Airdrie and Shotts,37.11689673248296,14.90593511561535,70,Female,6,0.6862221580823635
Conservatives,2019,S14000003,Airdrie and Shotts,37.11689673248296,14.90593511561535,61,Female,6,0.6329607874229518
Conservatives,2019,S14000003,Airdrie and Shotts,37.11689673248296,14.90593511561535,74,Male,6,0.7543513869849002
Conservatives,2019,S14000003,Airdrie and Shotts,37.11689673248296,14.90593511561535,65,Male,,0.3771756934924501
Conservatives,2019,S14000007,Banff and Buchan,33.97098275390091,17.73446482343279,64,Female,,1.5048775133394783
Conservatives,2019,S14000007,Banff and Buchan,33.97098275390091,17.73446482343279,90,Male,6,0.48670645396177437
Conservatives,2019,S14000007,Banff and Buchan,33.97098275390091,17.73446482343279,66,Male,6,0.3771756934924501
Conservatives,2019,S14000007,Banff and Buchan,33.97098275390091,17.73446482343279,80,Male,10,0.9734129079235487
Conservatives,2019,S14000007,Banff and Buchan,33.97098275390091,17.73446482343279,50,Female,3,1.4830104566314783
Conservatives,2019,S14000008,"Berwickshire, Roxburgh and Selkirk",30.46587032519037,21.15796922361987,57,Female,5,0.7524387566697391
Conservatives,2019,S14000008,"Berwickshire, Roxburgh and Selkirk",30.46587032519037,21.15796922361987,,Female,5,
Conservatives,2019,S14000008,"Berwickshire, Roxburgh and Selkirk",30.46587032519037,21.15796922361987,30,Female,,0.7758860650837337
Conservatives,2019,S14000008,"Berwickshire, Roxburgh and Selkirk",30.46587032519037,21.15796922361987,76,Female,,0.44274957129090703
Conservatives,2019,S14000008,"Berwickshire, Roxburgh and Selkirk",30.46587032519037,21.15796922361987,65,Female,6,1.0293332371235409
Conservatives,2019,S14000008,"Berwickshire, Roxburgh and Selkirk",30.46587032519037,21.15796922361987,54,Male,5,0.8151230484886156
Conservatives,2019,S14000008,"Berwickshire, Roxburgh and Selkirk",30.46587032519037,21.15796922361987,65,Female,6,0.34311107904118177
Conservatives,2019,S14000008,"Berwickshire, Roxburgh and Selkirk",30.46587032519037,21.15796922361987,68,Male,7,0.7543513869849002
Conservatives,2019,S14000009,"Caithness, Sutherland and Easter Ross",32.19399315431712,20.16905301386813,50,Female,7,1.4830104566314783
Conservatives,2019,S14000009,"Caithness, Sutherland and Easter Ross",32.19399315431712,20.16905301386813,68,Female,5,0.6862221580823635
Conservatives,2019,S14000009,"Caithness, Sutherland and Easter Ross",32.19399315431712,20.16905301386813,75,Male,7,0.48670645396177437
Conservatives,2019,S14000009,"Caithness, Sutherland and Easter Ross",32.19399315431712,20.16905301386813,79,Female,5,0.44274957129090703
Conservatives,2019,S14000013,Dumfries and Galloway,31.4411110195335,21.79901920382428,51,Male,5,0.8151230484886156
Labour,2019,S14000017,Dunfermline and West Fife,34.84000895054822,15.17931609674729,62,Female,5,0.35577564444743354
Labour,2019,S14000018,East Dunbartonshire,31.94178895451501,20.5053887840224,60,Male,3,0.7821952342499431
Conservatives,2019,S14000018,East Dunbartonshire,31.94178895451501,20.5053887840224,56,Male,6,0.6958021426091082
Conservatives,2019,S14000018,East Dunbartonshire,31.94178895451501,20.5053887840224,65,Female,7,0.34311107904118177
Conservatives,2019,S14000019,"East Kilbride, Strathaven and Lesmahagow",34.49844242961075,17.08749266001174,70,Female,5,0.34311107904118177
Conservatives,2019,S14000019,"East Kilbride, Strathaven and Lesmahagow",34.49844242961075,17.08749266001174,68,Male,7,0.3771756934924501
Conservatives,2019,S14000019,"East Kilbride, Strathaven and Lesmahagow",34.49844242961075,17.08749266001174,41,Male,7,0.7623860930291723
Labour,2019,S14000019,"East Kilbride, Strathaven and Lesmahagow",34.49844242961075,17.08749266001174,21,Male,5,1.1910660435857445
Labour,2019,S14000020,East Lothian,34.01125184271488,17.81341195583501,38,Female,5,0.7796423349549572
Labour,2019,S14000020,East Lothian,34.01125184271488,17.81341195583501,78,Male,6,1.0942750688867988
Conservatives,2019,S14000020,East Lothian,34.01125184271488,17.81341195583501,61,Female,5,0.7524387566697391
Labour,2019,S14000020,East Lothian,34.01125184271488,17.81341195583501,24,Male,3,0.37264414408736557
Conservatives,2019,S14000020,East Lothian,34.01125184271488,17.81341195583501,59,Male,7,1.043703213913658
Labour,2019,S14000023,Edinburgh North and Leith,39.26805609184144,11.74858499006432,36,Male,4,0.8570464678216116
Conservatives,2019,S14000023,Edinburgh North and Leith,39.26805609184144,11.74858499006432,83,Male,7,0.9734129079235487
Conservatives,2019,S14000028,Falkirk,34.32426231012803,16.06810150979762,51,Male,5,1.6302460969772312
Conservatives,2019,S14000028,Falkirk,34.32426231012803,16.06810150979762,64,Female,7,0.6329607874229518
Labour,2019,S14000028,Falkirk,34.32426231012803,16.06810150979762,27,Male,1,0.4608910920647456
Conservatives,2019,S14000028,Falkirk,34.32426231012803,16.06810150979762,66,Male,6,0.7543513869849002
Conservatives,2019,S14000028,Falkirk,34.32426231012803,16.06810150979762,78,Male,3,0.48670645396177437
Conservatives,2019,S14000032,Glasgow North East,39.08262864863605,15.34581964730822,65,Female,6,0.34311107904118177
Labour,2019,S14000032,Glasgow North East,39.08262864863605,15.34581964730822,51,Female,5,0.41678648299723686
Conservatives,2019,S14000032,Glasgow North East,39.08262864863605,15.34581964730822,65,Male,4,0.3771756934924501
Labour,2019,S14000032,Glasgow North East,39.08262864863605,15.34581964730822,78,Female,7,0.49772282006970753
Labour,2019,S14000032,Glasgow North East,39.08262864863605,15.34581964730822,33,Male,3,0.9588182941005776
Labour,2019,S14000032,Glasgow North East,39.08262864863605,15.34581964730822,60,Female,5,0.35577564444743354
Conservatives,2019,S14000032,Glasgow North East,39.08262864863605,15.34581964730822,78,Male,10,0.48670645396177437
Labour,2019,S14000033,Glasgow North West,38.21522554202277,14.96937658647912,48,Female,,0.41678648299723686
Labour,2019,S14000033,Glasgow North West,38.21522554202277,14.96937658647912,66,Male,0,0.8480141461434074
Conservatives,2019,S14000033,Glasgow North West,38.21522554202277,14.96937658647912,66,Male,7,0.3771756934924501
Labour,2019,S14000034,Glasgow South,36.51595865774257,14.46296043345627,21,Female,2,1.3559551856832912
Conservatives,2019,S14000034,Glasgow South,36.51595865774257,14.46296043345627,54,Male,5,0.4075615242443078
Labour,2019,S14000036,Glenrothes,35.04786430050943,17.0374517158372,36,Male,3,0.8570464678216116
Conservatives,2019,S14000036,Glenrothes,35.04786430050943,17.0374517158372,68,Male,4,0.7543513869849002
Conservatives,2019,S14000036,Glenrothes,35.04786430050943,17.0374517158372,57,Male,6,1.240713112429569
Labour,2019,S14000037,Gordon,33.49919903884661,15.38045654785743,34,Female,1,0.8722226409848457
Labour,2019,S14000037,Gordon,33.49919903884661,15.38045654785743,30,Female,6,0.8385314464701548
Conservatives,2019,S14000037,Gordon,33.49919903884661,15.38045654785743,54,Female,7,0.6223297500977123
Conservatives,2019,S14000039,"Inverness, Nairn, Badenoch and Strathspey",34.51381258829069,16.89785747920264,21,Male,5,1.325943102352762
Labour,2019,S14000042,Lanark and Hamilton East,32.93201932050086,18.04067150021023,27,Female,1,0.4192657232350774
Labour,2019,S14000042,Lanark and Hamilton East,32.93201932050086,18.04067150021023,48,Female,5,1.3992005337409668
Labour,2019,S14000042,Lanark and Hamilton East,32.93201932050086,18.04067150021023,69,Male,2,0.8480141461434074
Labour,2019,S14000042,Lanark and Hamilton East,32.93201932050086,18.04067150021023,75,Female,5,0.49772282006970753
Conservatives,2019,S14000042,Lanark and Hamilton East,32.93201932050086,18.04067150021023,66,Female,5,0.34311107904118177
Conservatives,2019,S14000043,Linlithgow and East Falkirk,35.88841484595584,15.67429390859779,78,Female,6,0.44274957129090703
Conservatives,2019,S14000043,Linlithgow and East Falkirk,35.88841484595584,15.67429390859779,71,Male,7,0.7543513869849002
Labour,2019,S14000044,Livingston,37.96596286858392,12.81215871860211,69,Male,0,0.4240070730717037
Conservatives,2019,S14000044,Livingston,37.96596286858392,12.81215871860211,69,Male,7,0.3771756934924501
Labour,2019,S14000044,Livingston,37.96596286858392,12.81215871860211,,Female,,
Conservatives,2019,S14000044,Livingston,37.96596286858392,12.81215871860211,27,Male,7,0.4264586347472012
Labour,2019,S14000047,Motherwell and Wishaw,37.06127240513483,15.643648300525,42,Female,5,0.3898211674774786
Conservatives,2019,S14000047,Motherwell and Wishaw,37.06127240513483,15.643648300525,75,Female,5,0.44274957129090703
Conservatives,2019,S14000047,Motherwell and Wishaw,37.06127240513483,15.643648300525,83,Female,,0.44274957129090703
Labour,2019,S14000047,Motherwell and Wishaw,37.06127240513483,15.643648300525,75,Female,6,0.49772282006970753
Labour,2019,S14000047,Motherwell and Wishaw,37.06127240513483,15.643648300525,77,Male,7,1.0942750688867988
Conservatives,2019,S14000047,Motherwell and Wishaw,37.06127240513483,15.643648300525,44,Male,7,1.7512660502440753
Labour,2019,S14000047,Motherwell and Wishaw,37.06127240513483,15.643648300525,33,Male,4,1.8435643682589824
Conservatives,2019,S14000048,North Ayrshire and Arran,32.90582631000366,19.79270271685075,21,Male,9,0.9944573267645767
Conservatives,2019,S14000048,North Ayrshire and Arran,32.90582631000366,19.79270271685075,47,Male,,0.3420578194822926
Conservatives,2019,S14000048,North Ayrshire and Arran,32.90582631000366,19.79270271685075,28,Male,8,0.8199717802566706
Conservatives,2019,S14000048,North Ayrshire and Arran,32.90582631000366,19.79270271685075,82,Male,5,0.9734129079235487
Conservatives,2019,S14000049,North East Fife,35.99732029873707,20.27640622286182,74,Female,6,0.6862221580823635
Conservatives,2019,S14000050,Ochil and South Perthshire,33.12504974926371,18.14853140173525,66,Male,5,1.5087027739698005
Labour,2019,S14000050,Ochil and South Perthshire,33.12504974926371,18.14853140173525,51,Male,2,0.7690576957228079
Conservatives,2019,S14000050,Ochil and South Perthshire,33.12504974926371,18.14853140173525,61,Male,6,0.6958021426091082
Conservatives,2019,S14000052,Paisley and Renfrewshire North,34.81178543992047,16.79583352162321,73,Male,7,0.7543513869849002
Labour,2019,S14000052,Paisley and Renfrewshire North,34.81178543992047,16.79583352162321,54,Female,4,1.049400400305717
Labour,2019,E14000534,Arundel and South Downs,29.02834465954537,23.88271458973753,66,Male,3,0.9540655537162074
Conservatives,2019,E14000534,Arundel and South Downs,29.02834465954537,23.88271458973753,57,Male,5,0.9305832518607563
Conservatives,2019,E14000534,Arundel and South Downs,29.02834465954537,23.88271458973753,67,Female,5,0.3860200482507433
Conservatives,2019,E14000534,Arundel and South Downs,29.02834465954537,23.88271458973753,77,Male,10,1.0951465010532073
Conservatives,2019,E14000536,Ashford,37.03470869488224,16.75048698423942,30,Female,,1.6783984315005367
Conservatives,2019,E14000536,Ashford,37.03470869488224,16.75048698423942,43,Male,7,0.9851384092641983
Labour,2019,E14000536,Ashford,37.03470869488224,16.75048698423942,24,Male,3,1.3400190192040062
Conservatives,2019,E14000536,Ashford,37.03470869488224,16.75048698423942,57,Female,5,0.7121179368052699
Conservatives,2019,E14000536,Ashford,37.03470869488224,16.75048698423942,49,Female,,0.7001573975166163
Labour,2019,E14000536,Ashford,37.03470869488224,16.75048698423942,51,Female,,0.9378183807206081
Labour,2019,E14000539,Banbury,37.66874703208737,14.46730208262669,72,Male,5,0.9540655537162074
Conservatives,2019,E14000539,Banbury,37.66874703208737,14.46730208262669,71,Male,7,0.8486894670252655
Conservatives,2019,E14000539,Banbury,37.66874703208737,14.46730208262669,49,Female,6,1.2513551798407445
Labour,2019,E14000539,Banbury,37.66874703208737,14.46730208262669,51,Male,1,0.5154632416806926
Conservatives,2019,E14000539,Banbury,37.66874703208737,14.46730208262669,67,Male,5,0.42434473351263274
Labour,2019,E14000539,Banbury,37.66874703208737,14.46730208262669,29,Male,5,0.5185294572659788
Conservatives,2019,E14000539,Banbury,37.66874703208737,14.46730208262669,27,Female,,0.8391992157502683
Conservatives,2019,E14000539,Banbury,37.66874703208737,14.46730208262669,71,Male,8,0.8486894670252655
Labour,2019,E14000539,Banbury,37.66874703208737,14.46730208262669,64,Female,3,0.8005368513300248
Labour,2019,E14000545,Basingstoke,39.22460091114485,12.39582947516575,38,Female,3,0.8771432639209871
Labour,2019,E14000545,Basingstoke,39.22460091114485,12.39582947516575,42,Male,5,0.9642274443196234
Conservatives,2019,E14000545,Basingstoke,39.22460091114485,12.39582947516575,48,Male,7,1.8341222870865124
Conservatives,2019,E14000545,Basingstoke,39.22460091114485,12.39582947516575,57,Female,,0.8465376459630983
Conservatives,2019,E14000545,Basingstoke,39.22460091114485,12.39582947516575,54,Female,5,0.8342367865604972
Conservatives,2019,E14000545,Basingstoke,39.22460091114485,12.39582947516575,46,Male,7,0.7696701391869126
Conservatives,2019,E14000550,Beaconsfield,32.73566965498506,19.65347580669504,83,Male,8,1.0951465010532073
Conservatives,2019,E14000550,Beaconsfield,32.73566965498506,19.65347580669504,23,Female,5,1.3570350082970088
Labour,2019,E14000550,Beaconsfield,32.73566965498506,19.65347580669504,27,Female,0,0.9433969615050638
Conservatives,2019,E14000550,Beaconsfield,32.73566965498506,19.65347580669504,85,Female,5,0.4981191844644507
Conservatives,2019,E14000550,Beaconsfield,32.73566965498506,19.65347580669504,58,Male,5,0.46529162593037815
Conservatives,2019,E14000550,Beaconsfield,32.73566965498506,19.65347580669504,49,Female,7,0.7001573975166163
Conservatives,2019,E14000550,Beaconsfield,32.73566965498506,19.65347580669504,79,Male,9,0.5475732505266037
Conservatives,2019,E14000557,Bexhill and Battle,28.87408539914819,26.90639054076862,25,Male,5,1.383774375911078
Conservatives,2019,E14000557,Bexhill and Battle,28.87408539914819,26.90639054076862,37,Male,7,0.8577289816441399
Conservatives,2019,E14000557,Bexhill and Battle,28.87408539914819,26.90639054076862,86,Female,10,0.4981191844644507
Conservatives,2019,E14000557,Bexhill and Battle,28.87408539914819,26.90639054076862,67,Female,5,0.3860200482507433
Conservatives,2019,E14000557,Bexhill and Battle,28.87408539914819,26.90639054076862,80,Male,5,0.5475732505266037
Conservatives,2019,E14000557,Bexhill and Battle,28.87408539914819,26.90639054076862,51,Male,9,0.7696701391869126
Conservatives,2019,E14000557,Bexhill and Battle,28.87408539914819,26.90639054076862,60,Male,7,0.39140906993373653
Labour,2019,E14000557,Bexhill and Battle,28.87408539914819,26.90639054076862,21,Female,2,1.5255289560046141
Conservatives,2019,E14000557,Bexhill and Battle,28.87408539914819,26.90639054076862,76,Male,6,1.0951465010532073
Labour,2019,E14000619,Canterbury,43.51299414348463,17.64275256222547,70,Male,3,0.9540655537162074
Conservatives,2019,E14000619,Canterbury,43.51299414348463,17.64275256222547,82,Female,,0.9962383689289014
Conservatives,2019,E14000619,Canterbury,43.51299414348463,17.64275256222547,60,Male,6,0.7828181398674731
Conservatives,2019,E14000619,Canterbury,43.51299414348463,17.64275256222547,85,Male,7,1.0951465010532073
Conservatives,2019,E14000619,Canterbury,43.51299414348463,17.64275256222547,62,Male,7,1.3958748777911272
Conservatives,2019,E14000619,Canterbury,43.51299414348463,17.64275256222547,64,Female,7,0.42326882298154916
Conservatives,2019,E14000619,Canterbury,43.51299414348463,17.64275256222547,52,Male,6,0.7696701391869126
Labour,2019,E14000619,Canterbury,43.51299414348463,17.64275256222547,62,Female,4,0.8005368513300248
Conservatives,2019,E14000652,Crawley,40.22627278441232,12.63450190905935,57,Female,8,0.8465376459630983
Labour,2019,E14000652,Crawley,40.22627278441232,12.63450190905935,,Female,3,
Conservatives,2019,E14000652,Crawley,40.22627278441232,12.63450190905935,72,Female,5,0.7720400965014866
Conservatives,2019,E14000652,Crawley,40.22627278441232,12.63450190905935,96,Male,8,0.5475732505266037
Labour,2019,E14000652,Crawley,40.22627278441232,12.63450190905935,,,,
Conservatives,2019,E14000652,Crawley,40.22627278441232,12.63450190905935,69,Male,7,0.42434473351263274
Conservatives,2019,E14000652,Crawley,40.22627278441232,12.63450190905935,42,Male,8,0.42886449082206995
Conservatives,2019,E14000652,Crawley,40.22627278441232,12.63450190905935,52,Male,8,0.4585305717716281
Labour,2019,E14000652,Crawley,40.22627278441232,12.63450190905935,31,Female,2,0.4906507637399099
Conservatives,2019,E14000659,Dartford,38.37209302325581,15.04941860465116,30,Male,5,
Conservatives,2019,E14000659,Dartford,38.37209302325581,15.04941860465116,60,Male,9,0.7828181398674731
Conservatives,2019,E14000659,Dartford,38.37209302325581,15.04941860465116,77,Female,7,0.4981191844644507
Conservatives,2019,E14000659,Dartford,38.37209302325581,15.04941860465116,38,Female,3,0.8961656555271111
Conservatives,2019,E14000659,Dartford,38.37209302325581,15.04941860465116,31,Female,5,0.43645862021953524
Labour,2019,E14000659,Dartford,38.37209302325581,15.04941860465116,41,Female,6,1.7542865278419741
Conservatives,2019,E14000684,Eastbourne,33.45655673267697,23.16007187511699,72,Female,5,0.7720400965014866
Conservatives,2019,E14000684,Eastbourne,33.45655673267697,23.16007187511699,71,Female,,0.7720400965014866
Conservatives,2019,E14000694,Epsom and Ewell,34.46260448957263,17.76250755779917,67,Male,8,0.42434473351263274
Conservatives,2019,E14000697,Esher and Walton,34.42341896327264,16.41179382804335,83,Female,8,0.4981191844644507
Conservatives,2019,E14000699,Fareham,32.89506071545783,19.36843616672137,77,Female,9,0.9962383689289014
Labour,2019,E14000699,Fareham,32.89506071545783,19.36843616672137,41,Male,4,0.9642274443196234
Conservatives,2019,E14000699,Fareham,32.89506071545783,19.36843616672137,24,Female,,0.5421788937198218
Conservatives,2019,E14000704,Folkestone and Hythe,33.41948046200823,20.76824357215559,73,Female,,1.158060144752227
Labour,2019,E14000704,Folkestone and Hythe,33.41948046200823,20.76824357215559,,Male,3,
Conservatives,2019,E14000704,Folkestone and Hythe,33.41948046200823,20.76824357215559,54,Female,,0.7001573975166163
Conservatives,2019,E14000711,Gillingham and Rainham,39.47687949003338,14.81432763330972,59,Female,5,0.7121179368052699
Labour,2019,E14000711,Gillingham and Rainham,39.47687949003338,14.81432763330972,23,Female,3,0.7627644780023071
Conservatives,2019,E14000711,Gillingham and Rainham,39.47687949003338,14.81432763330972,65,Female,8,0.7720400965014866
Conservatives,2019,E14000711,Gillingham and Rainham,39.47687949003338,14.81432763330972,55,Male,7,1.1742272098012034
Conservatives,2019,E14000711,Gillingham and Rainham,39.47687949003338,14.81432763330972,75,Male,8,1.0951465010532073
Conservatives,2019,E14000711,Gillingham and Rainham,39.47687949003338,14.81432763330972,53,Female,6,1.4003147950332326
Conservatives,2019,E14000713,Gosport,35.60326373592282,18.61136102751838,52,Male,5,0.4585305717716281
Labour,2019,E14000713,Gosport,35.60326373592282,18.61136102751838,34,Male,3,1.078726706192928
Conservatives,2019,E14000713,Gosport,35.60326373592282,18.61136102751838,60,Male,5,0.9305832518607563
Conservatives,2019,E14000713,Gosport,35.60326373592282,18.61136102751838,50,Male,6,0.7696701391869126
Conservatives,2019,E14000715,Gravesham,38.62957137239481,16.01454974439638,67,Male,5,0.42434473351263274
Conservatives,2019,E14000715,Gravesham,38.62957137239481,16.01454974439638,74,Male,8,0.8486894670252655
Labour,2019,E14000715,Gravesham,38.62957137239481,16.01454974439638,69,Female,5,0.8678991442436214
Labour,2019,E14000719,Guildford,39.95854117958863,15.66916239931091,32,Female,0,0.4906507637399099
Conservatives,2019,E14000719,Guildford,39.95854117958863,15.66916239931091,53,Male,9,0.7696701391869126
Conservatives,2019,E14000719,Guildford,39.95854117958863,15.66916239931091,47,Female,8,0.7001573975166163
Conservatives,2019,E14000719,Guildford,39.95854117958863,15.66916239931091,73,Male,4,0.8486894670252655
Labour,2019,E14000735,Hastings and Rye,34.61253519039857,18.95836420210401,56,Male,3,0.8800154250642029
Conservatives,2019,E14000735,Hastings and Rye,34.61253519039857,18.95836420210401,74,Female,7,
Labour,2019,E14000735,Hastings and Rye,34.61253519039857,18.95836420210401,73,Male,4,0.9540655537162074
Conservatives,2019,E14000735,Hastings and Rye,34.61253519039857,18.95836420210401,76,Male,6,0.5475732505266037
Labour,2019,E14000735,Hastings and Rye,34.61253519039857,18.95836420210401,42,Male,3,0.9642274443196234
Labour,2019,E14000735,Hastings and Rye,34.61253519039857,18.95836420210401,43,Female,4,0.43857163196049354
Labour,2019,E14000735,Hastings and Rye,34.61253519039857,18.95836420210401,37,Female,3,1.007436542553981
Conservatives,2019,E14000735,Hastings and Rye,34.61253519039857,18.95836420210401,64,Female,5,0.7121179368052699
Labour,2019,E14000735,Hastings and Rye,34.61253519039857,18.95836420210401,36,Female,3,1.007436542553981
Conservatives,2019,E14000736,Havant,34.43265306122449,20.86204081632653,56,Female,,0.8465376459630983
Conservatives,2019,E14000736,Havant,34.43265306122449,20.86204081632653,81,Female,10,0.4981191844644507
Labour,2019,E14000736,Havant,34.43265306122449,20.86204081632653,43,Female,3,0.8771432639209871
Conservatives,2019,E14000736,Havant,34.43265306122449,20.86204081632653,83,Female,5,0.4981191844644507
Conservatives,2019,E14000736,Havant,34.43265306122449,20.86204081632653,60,Female,5,0.8465376459630983
Conservatives,2019,E14000742,Henley,32.261890156627,19.70923813029076,66,Female,8,0.3860200482507433
Conservatives,2019,E14000742,Henley,32.261890156627,19.70923813029076,23,Male,5,1.7880218336919265
Conservatives,2019,E14000753,Horsham,34.25625892064961,16.93380395787525,70,Female,6,0.3860200482507433
Conservatives,2019,E14000753,Horsham,34.25625892064961,16.93380395787525,52,Female,5,0.8342367865604972
Conservatives,2019,E14000753,Horsham,34.25625892064961,16.93380395787525,83,Male,8,0.5475732505266037
Conservatives,2019,E14000753,Horsham,34.25625892064961,16.93380395787525,35,Male,5,1.4777076138962904
Conservatives,2019,E14000753,Horsham,34.25625892064961,16.93380395787525,78,Male,7,1.0951465010532073
Labour,2019,E14000753,Horsham,34.25625892064961,16.93380395787525,45,Male,6,1.0309264833613851
Conservatives,2019,E14000753,Horsham,34.25625892064961,16.93380395787525,41,Male,5,0.9851384092641983
Conservatives,2019,E14000753,Horsham,34.25625892064961,16.93380395787525,58,Male,6,0.7828181398674731
Labour,2019,E14000786,Lewes,30.28279208998549,24.24482946298984,50,Female,3,0.39354562599414433
Conservatives,2019,E14000786,Lewes,30.28279208998549,24.24482946298984,82,Female,,
Conservatives,2019,E14000786,Lewes,30.28279208998549,24.24482946298984,72,Female,6,0.3860200482507433
Conservatives,2019,E14000786,Lewes,30.28279208998549,24.24482946298984,56,Female,6,1.269806468944644
Conservatives,2019,E14000803,Maidenhead,34.07585732534145,17.32141102485998,70,Male,7,0.8486894670252655
Labour,2019,E14000803,Maidenhead,34.07585732534145,17.32141102485998,18,Female,3,2.437990461991409
Conservatives,2019,E14000803,Maidenhead,34.07585732534145,17.32141102485998,47,Female,9,0.8342367865604972
Conservatives,2019,E14000803,Maidenhead,34.07585732534145,17.32141102485998,,Female,8,
Labour,2019,E14000822,Milton Keynes South,40.53832770443149,10.89409004668446,50,Female,5,0.39354562599414433
Conservatives,2019,E14000822,Milton Keynes South,40.53832770443149,10.89409004668446,34,Female,5,1.309375860658609
Conservatives,2019,E14000822,Milton Keynes South,40.53832770443149,10.89409004668446,65,Female,5,0.7720400965014866
Conservatives,2019,E14000822,Milton Keynes South,40.53832770443149,10.89409004668446,78,Female,5,0.9962383689289014
Conservatives,2019,E14000822,Milton Keynes South,40.53832770443149,10.89409004668446,64,Male,7,0.39140906993373653
Labour,2019,E14000822,Milton Keynes South,40.53832770443149,10.89409004668446,56,Male,4,2.092255082598122
Labour,2019,E14000822,Milton Keynes South,40.53832770443149,10.89409004668446,74,Female,4,0.4339495721218107
Conservatives,2019,E14000822,Milton Keynes South,40.53832770443149,10.89409004668446,76,Female,8,0.4981191844644507
Labour,2019,E14000822,Milton Keynes South,40.53832770443149,10.89409004668446,66,Male,1,0.9540655537162074
Conservatives,2019,E14000830,Newbury,35.77880938869301,15.20034235424361,24,Male,5,1.1188227041041936
Conservatives,2019,E14000830,Newbury,35.77880938869301,15.20034235424361,44,Female,6,0.8961656555271111
Conservatives,2019,E14000830,Newbury,35.77880938869301,15.20034235424361,50,Female,8,1.4003147950332326
Conservatives,2019,E14000830,Newbury,35.77880938869301,15.20034235424361,56,Female,3,1.4242358736105398
Conservatives,2019,E14000852,North Thanet,34.07518314528635,21.87583551681728,88,Male,8,1.0951465010532073
Conservatives,2019,E14000852,North Thanet,34.07518314528635,21.87583551681728,70,Female,5,0.7720400965014866
Conservatives,2019,E14000852,North Thanet,34.07518314528635,21.87583551681728,58,Female,3,1.0681769052078987
Conservatives,2019,E14000857,North West Hampshire,33.83043194106114,17.23704275840215,81,Male,6,1.0951465010532073
Labour,2019,E14000857,North West Hampshire,33.83043194106114,17.23704275840215,62,Male,4,0.8800154250642029
Conservatives,2019,E14000857,North West Hampshire,33.83043194106114,17.23704275840215,63,Male,7,0.9305832518607563
Labour,2019,E14000857,North West Hampshire,33.83043194106114,17.23704275840215,44,Female,3,0.8771432639209871
Conservatives,2019,E14000857,North West Hampshire,33.83043194106114,17.23704275840215,60,Female,7,0.8465376459630983
Conservatives,2019,E14000857,North West Hampshire,33.83043194106114,17.23704275840215,60,Female,7,0.42326882298154916
Labour,2019,E14000857,North West Hampshire,33.83043194106114,17.23704275840215,35,Female,2,0.8771432639209871
Conservatives,2019,E14000857,North West Hampshire,33.83043194106114,17.23704275840215,59,Female,6,0.35605896840263496
Labour,2019,E14000883,Portsmouth North,39.24044136515268,14.84218629715166,34,Female,,0.9813015274798198
Conservatives,2019,E14000883,Portsmouth North,39.24044136515268,14.84218629715166,49,Male,5,0.9170611435432562
Conservatives,2019,E14000883,Portsmouth North,39.24044136515268,14.84218629715166,64,Female,,
Conservatives,2019,E14000883,Portsmouth North,39.24044136515268,14.84218629715166,74,Female,5,1.5440801930029733
Conservatives,2019,E14000883,Portsmouth North,39.24044136515268,14.84218629715166,57,Female,7,0.8465376459630983
Labour,2019,E14000884,Portsmouth South,49.22745305720471,12.03370776077524,41,Female,5,0.8771432639209871
Conservatives,2019,E14000884,Portsmouth South,49.22745305720471,12.03370776077524,73,Male,5,0.8486894670252655
Labour,2019,E14000884,Portsmouth South,49.22745305720471,12.03370776077524,,Female,4,
Conservatives,2019,E14000884,Portsmouth South,49.22745305720471,12.03370776077524,24,Male,,0.7458818027361312
Conservatives,2019,E14000884,Portsmouth South,49.22745305720471,12.03370776077524,55,Female,7,1.0681769052078987
Conservatives,2019,E14000884,Portsmouth South,49.22745305720471,12.03370776077524,45,Female,7,0.35007869875830816
Conservatives,2019,E14000884,Portsmouth South,49.22745305720471,12.03370776077524,63,Female,6,0.7121179368052699
Conservatives,2019,E14000889,Reading East,44.02356747614758,11.69090207180543,30,Male,5,0.9595818544950098
Labour,2019,E14000889,Reading East,44.02356747614758,11.69090207180543,33,Female,4,0.4716984807525319
Conservatives,2019,E14000889,Reading East,44.02356747614758,11.69090207180543,45,Male,5,0.3848350695934563
Labour,2019,E14000889,Reading East,44.02356747614758,11.69090207180543,56,Male,3,1.3200231375962994
Labour,2019,E14000889,Reading East,44.02356747614758,11.69090207180543,74,Male,3,0.4770327768581037
Conservatives,2019,E14000889,Reading East,44.02356747614758,11.69090207180543,43,Male,5,0.49256920463209913
Labour,2019,E14000889,Reading East,44.02356747614758,11.69090207180543,39,Male,2,0.4821137221598117
Labour,2019,E14000889,Reading East,44.02356747614758,11.69090207180543,36,Male,3,0.9642274443196234
Labour,2019,E14000890,Reading West,38.99208687682923,13.55972289287228,32,Female,5,1.4719522912197256
Conservatives,2019,E14000890,Reading West,38.99208687682923,13.55972289287228,67,Female,3,0.7720400965014866
Conservatives,2019,E14000890,Reading West,38.99208687682923,13.55972289287228,62,Female,8,
Labour,2019,E14000890,Reading West,38.99208687682923,13.55972289287228,88,Male,0,2.462247013834072
Conservatives,2019,E14000918,Sevenoaks,33.80462587363937,18.4960023974912,45,Male,7,0.9170611435432562
Conservatives,2019,E14000918,Sevenoaks,33.80462587363937,18.4960023974912,61,Female,3,0.7121179368052699
Conservatives,2019,E14000918,Sevenoaks,33.80462587363937,18.4960023974912,48,Male,9,0.7696701391869126
Labour,2019,E14000918,Sevenoaks,33.80462587363937,18.4960023974912,69,Male,5,0.9540655537162074
Labour,2019,E14000930,Slough,45.28974695631415,9.233259727858677,84,Male,3,0.615561753458518
Labour,2019,E14000930,Slough,45.28974695631415,9.233259727858677,26,Male,1,2.074117829063915
Labour,2019,E14000930,Slough,45.28974695631415,9.233259727858677,25,Male,,2.074117829063915
Labour,2019,E14000930,Slough,45.28974695631415,9.233259727858677,77,Female,1,0.5599673072513698
Labour,2019,E14000930,Slough,45.28974695631415,9.233259727858677,39,Male,0,0.9642274443196234
Labour,2019,E14000930,Slough,45.28974695631415,9.233259727858677,18,Female,1,2.437990461991409
Conservatives,2019,E14000930,Slough,45.28974695631415,9.233259727858677,84,Male,10,2.1902930021064146
Conservatives,2019,E14000930,Slough,45.28974695631415,9.233259727858677,54,Male,8,1.8341222870865124
Labour,2019,E14000930,Slough,45.28974695631415,9.233259727858677,43,Male,3,1.9284548886392467
Conservatives,2019,E14000953,South West Surrey,33.64814940511398,18.96556739617373,65,Male,8,0.8486894670252655
Conservatives,2019,E14000953,South West Surrey,33.64814940511398,18.96556739617373,77,Female,7,0.4981191844644507
Labour,2019,E14000953,South West Surrey,33.64814940511398,18.96556739617373,40,Female,5,2.014873085107962
Conservatives,2019,E14000953,South West Surrey,33.64814940511398,18.96556739617373,52,Female,7,1.6684735731209943
Conservatives,2019,E14000953,South West Surrey,33.64814940511398,18.96556739617373,60,Male,7,0.9305832518607563
Conservatives,2019,E14000953,South West Surrey,33.64814940511398,18.96556739617373,49,Male,7,1.1545052087803582
Conservatives,2019,E14000953,South West Surrey,33.64814940511398,18.96556739617373,53,Female,,0.7001573975166163
Conservatives,2019,E14000955,"Southampton, Itchen",43.10383428565866,14.22258130457213,64,Male,8,0.9305832518607563
Labour,2019,E14000955,"Southampton, Itchen",43.10383428565866,14.22258130457213,53,Female,,0.46890919036030404
Conservatives,2019,E14000955,"Southampton, Itchen",43.10383428565866,14.22258130457213,61,Male,5,0.9305832518607563
Conservatives,2019,E14000955,"Southampton, Itchen",43.10383428565866,14.22258130457213,72,Male,5,0.42434473351263274
Conservatives,2019,E14000955,"Southampton, Itchen",43.10383428565866,14.22258130457213,63,Female,3,
Labour,2019,E14000955,"Southampton, Itchen",43.10383428565866,14.22258130457213,54,Male,3,0.4326174626015053
Labour,2019,E14000955,"Southampton, Itchen",43.10383428565866,14.22258130457213,24,Female,3,0.7627644780023071
Conservatives,2019,E14000983,Surrey Heath,34.13144739831856,16.65151859425888,61,Male,7,1.5656362797349461
Conservatives,2019,E14000983,Surrey Heath,34.13144739831856,16.65151859425888,58,Female,,0.8465376459630983
Conservatives,2019,E14000983,Surrey Heath,34.13144739831856,16.65151859425888,68,Female,6,0.7720400965014866
Conservatives,2019,E14000983,Surrey Heath,34.13144739831856,16.65151859425888,88,Male,6,1.0951465010532073
Conservatives,2019,E14000983,Surrey Heath,34.13144739831856,16.65151859425888,68,Female,5,0.7720400965014866
Conservatives,2019,E14000983,Surrey Heath,34.13144739831856,16.65151859425888,77,Male,8,1.0951465010532073
Conservatives,2019,E14000983,Surrey Heath,34.13144739831856,16.65151859425888,44,Female,7,1.5605264151132678
Conservatives,2019,E14000983,Surrey Heath,34.13144739831856,16.65151859425888,44,Female,6,0.39013160377831696
Conservatives,2019,E14001004,Tunbridge Wells,35.9731607499762,16.3605215570572,57,Female,3,0.42326882298154916
Labour,2019,E14001004,Tunbridge Wells,35.9731607499762,16.3605215570572,25,Female,,0.4906507637399099
Conservatives,2019,E14001004,Tunbridge Wells,35.9731607499762,16.3605215570572,48,Female,,0.8342367865604972
Labour,2019,E14001015,Wantage,35.28788148870896,16.80379776524782,74,Male,5,0.9540655537162074
Conservatives,2019,E14001015,Wantage,35.28788148870896,16.80379776524782,42,Male,8,0.9851384092641983
Conservatives,2019,E14001015,Wantage,35.28788148870896,16.80379776524782,84,Female,7,0.4981191844644507
Labour,2019,E14001015,Wantage,35.28788148870896,16.80379776524782,76,Female,3,1.1199346145027396
Conservatives,2019,E14001015,Wantage,35.28788148870896,16.80379776524782,49,Male,8,0.9170611435432562
Labour,2019,E14001023,Wealden,32.40638440595036,20.90715384918913,40,Male,3,0.9642274443196234
Conservatives,2019,E14001023,Wealden,32.40638440595036,20.90715384918913,20,Male,6,2.3840291115892236
Conservatives,2019,E14001023,Wealden,32.40638440595036,20.90715384918913,51,Female,5,1.6684735731209943
Conservatives,2019,E14001023,Wealden,32.40638440595036,20.90715384918913,47,Male,6,0.7696701391869126
Conservatives,2019,E14001023,Wealden,32.40638440595036,20.90715384918913,78,Male,8,0.5475732505266037
Conservatives,2019,E14001023,Wealden,32.40638440595036,20.90715384918913,45,Female,3,0.8342367865604972
Labour,2019,E14001046,Witney,33.90564903272602,18.38345469989216,42,Male,2,0.4821137221598117
Conservatives,2019,E14001046,Witney,33.90564903272602,18.38345469989216,66,Male,8,0.42434473351263274
Conservatives,2019,E14001046,Witney,33.90564903272602,18.38345469989216,74,Male,8,1.697378934050531
Conservatives,2019,E14001046,Witney,33.90564903272602,18.38345469989216,47,Female,5,0.4171183932802486
Conservatives,2019,E14001046,Witney,33.90564903272602,18.38345469989216,38,Female,5,0.7802632075566339
Conservatives,2019,E14001056,Wycombe,41.25497454881999,13.1568718186025,50,Male,5,1.3755917153148802
Conservatives,2019,E14001056,Wycombe,41.25497454881999,13.1568718186025,57,Male,7,0.7828181398674731
Conservatives,2019,E14001056,Wycombe,41.25497454881999,13.1568718186025,77,Male,7,0.5475732505266037
Labour,2019,E14000601,Bristol South,40.2086340986355,14.59693568667629,18,Female,10,1.9611571405189396
Labour,2019,E14000601,Bristol South,40.2086340986355,14.59693568667629,57,Female,1,0.8586189250043361
Labour,2019,E14000601,Bristol South,40.2086340986355,14.59693568667629,39,Male,4,1.0341859095254535
Labour,2019,E14000601,Bristol South,40.2086340986355,14.59693568667629,61,Male,4,0.5610140891298779
Conservatives,2019,E14000601,Bristol South,40.2086340986355,14.59693568667629,76,Female,3,0.5342596758391837
Labour,2019,E14000602,Bristol West,52.63368941070799,7.202547075995252,23,Female,2,0.8181060185371029
Labour,2019,E14000602,Bristol West,52.63368941070799,7.202547075995252,84,Male,5,1.3204463233646895
Labour,2019,E14000602,Bristol West,52.63368941070799,7.202547075995252,54,Male,5,0.5528621121136482
Labour,2019,E14000602,Bristol West,52.63368941070799,7.202547075995252,27,Female,4,0.5059220469326611
Conservatives,2019,E14000602,Bristol West,52.63368941070799,7.202547075995252,66,Female,7,0.8280546193682641
Conservatives,2019,E14000602,Bristol West,52.63368941070799,7.202547075995252,21,Male,6,2.556999730332102
Labour,2019,E14000602,Bristol West,52.63368941070799,7.202547075995252,48,Female,3,0.8441977949418533
Conservatives,2019,E14000623,Central Devon,29.9383757281335,22.19598317702359,54,Female,6,1.5019130999172938
Conservatives,2019,E14000623,Central Devon,29.9383757281335,22.19598317702359,55,Male,6,0.9981006995645791
Labour,2019,E14000623,Central Devon,29.9383757281335,22.19598317702359,,,,
Labour,2019,E14000623,Central Devon,29.9383757281335,22.19598317702359,43,Female,3,0.9407834318824516
Conservatives,2019,E14000623,Central Devon,29.9383757281335,22.19598317702359,52,Male,8,0.8255127123987535
Conservatives,2019,E14000630,Cheltenham,39.12193540389255,16.2958795426588,92,Male,5,0.5873018274513622
Conservatives,2019,E14000630,Cheltenham,39.12193540389255,16.2958795426588,77,Male,8,0.5873018274513622
Conservatives,2019,E14000638,Christchurch,25.88520981865161,32.1713957605627,83,Female,8,0.5342596758391837
Conservatives,2019,E14000638,Christchurch,25.88520981865161,32.1713957605627,82,Male,8,0.5873018274513622
Labour,2019,E14000638,Christchurch,25.88520981865161,32.1713957605627,69,Female,3,0.9308686152355958
Conservatives,2019,E14000638,Christchurch,25.88520981865161,32.1713957605627,,Male,7,
Conservatives,2019,E14000678,East Devon,29.29882072459449,26.7274043169143,52,Female,5,1.34214588313877
Labour,2019,E14000702,Filton and Bradley Stoke,38.95370800099298,14.86654218518958,35,Male,3,1.187806735689909
Conservatives,2019,E14000702,Filton and Bradley Stoke,38.95370800099298,14.86654218518958,71,Female,5,0.8280546193682641
Labour,2019,E14000702,Filton and Bradley Stoke,38.95370800099298,14.86654218518958,84,Male,5,1.3204463233646895
Labour,2019,E14000702,Filton and Bradley Stoke,38.95370800099298,14.86654218518958,29,Male,3,1.1569925398262566
Labour,2019,E14000702,Filton and Bradley Stoke,38.95370800099298,14.86654218518958,51,Female,2,0.5029303826337339
Labour,2019,E14000702,Filton and Bradley Stoke,38.95370800099298,14.86654218518958,35,Female,2,0.9407834318824516
Conservatives,2019,E14000702,Filton and Bradley Stoke,38.95370800099298,14.86654218518958,31,Male,,0.49472420293928787
Conservatives,2019,E14000702,Filton and Bradley Stoke,38.95370800099298,14.86654218518958,59,Female,7,0.45397862843224057
Conservatives,2019,E14000702,Filton and Bradley Stoke,38.95370800099298,14.86654218518958,39,Male,,0.919960567637564
Conservatives,2019,E14000702,Filton and Bradley Stoke,38.95370800099298,14.86654218518958,50,Female,5,1.34214588313877
Conservatives,2019,E14000712,Gloucester,39.66172117407896,14.44862512928421,25,Female,8,0.9362507938995093
Conservatives,2019,E14000712,Gloucester,39.66172117407896,14.44862512928421,48,Male,7,0.4917987547507339
Conservatives,2019,E14000712,Gloucester,39.66172117407896,14.44862512928421,57,Male,8,0.9981006995645791
Labour,2019,E14000712,Gloucester,39.66172117407896,14.44862512928421,29,Female,,1.0118440938653221
Conservatives,2019,E14000712,Gloucester,39.66172117407896,14.44862512928421,56,Male,5,0.9981006995645791
Conservatives,2019,E14000712,Gloucester,39.66172117407896,14.44862512928421,52,Female,,1.34214588313877
Conservatives,2019,E14000815,Mid Dorset and North Poole,31.61536271706708,21.6120208433899,79,Female,,0.5342596758391837
Conservatives,2019,E14000815,Mid Dorset and North Poole,31.61536271706708,21.6120208433899,54,Male,10,0.9835975095014678
Conservatives,2019,E14000815,Mid Dorset and North Poole,31.61536271706708,21.6120208433899,75,Female,8,1.0685193516783673
Conservatives,2019,E14000815,Mid Dorset and North Poole,31.61536271706708,21.6120208433899,52,Female,5,0.4473819610462593
Conservatives,2019,E14000815,Mid Dorset and North Poole,31.61536271706708,21.6120208433899,23,Female,6,1.7445482669997971
Conservatives,2019,E14000837,North Cornwall,30.97119755144926,23.02939631346932,55,Female,5,0.7637848730638648
Conservatives,2019,E14000837,North Cornwall,30.97119755144926,23.02939631346932,45,Male,10,0.8255127123987535
Conservatives,2019,E14000837,North Cornwall,30.97119755144926,23.02939631346932,54,Female,5,0.7509565499586469
Conservatives,2019,E14000837,North Cornwall,30.97119755144926,23.02939631346932,62,Female,6,0.7637848730638648
Conservatives,2019,E14000837,North Cornwall,30.97119755144926,23.02939631346932,43,Female,5,0.9611859722586099
Conservatives,2019,E14000837,North Cornwall,30.97119755144926,23.02939631346932,46,Female,,1.34214588313877
Conservatives,2019,E14000837,North Cornwall,30.97119755144926,23.02939631346932,60,Female,6,0.9079572568644811
Labour,2019,E14000839,North Dorset,32.23695881291022,21.73305089167388,77,Female,6,0.6005951213750343
Conservatives,2019,E14000839,North Dorset,32.23695881291022,21.73305089167388,66,Female,6,0.41402730968413204
Conservatives,2019,E14000839,North Dorset,32.23695881291022,21.73305089167388,55,Male,5,0.49905034978228957
Conservatives,2019,E14000839,North Dorset,32.23695881291022,21.73305089167388,66,Male,5,0.455132600472459
Labour,2019,E14000839,North Dorset,32.23695881291022,21.73305089167388,36,Male,6,0.5170929547627268
Labour,2019,E14000839,North Dorset,32.23695881291022,21.73305089167388,31,Male,5,1.1569925398262566
Conservatives,2019,E14000839,North Dorset,32.23695881291022,21.73305089167388,56,Female,6,0.45397862843224057
Conservatives,2019,E14000850,North Somerset,30.82175054437413,21.3954292924154,63,Female,7,0.45397862843224057
Conservatives,2019,E14000850,North Somerset,30.82175054437413,21.3954292924154,82,Female,5,0.5342596758391837
Conservatives,2019,E14000850,North Somerset,30.82175054437413,21.3954292924154,48,Male,8,0.8255127123987535
Labour,2019,E14000851,North Swindon,37.69250118784762,14.13678414712541,41,Male,5,1.7817101035348792
Conservatives,2019,E14000851,North Swindon,37.69250118784762,14.13678414712541,84,Male,5,0.5873018274513622
Conservatives,2019,E14000851,North Swindon,37.69250118784762,14.13678414712541,83,Male,9,
Labour,2019,E14000851,North Swindon,37.69250118784762,14.13678414712541,22,Male,4,1.437242630170911
Conservatives,2019,E14000880,"Plymouth, Sutton and Devonport",46.35250773600487,12.51916986542528,56,Female,7,0.45397862843224057
Conservatives,2019,E14000880,"Plymouth, Sutton and Devonport",46.35250773600487,12.51916986542528,36,Male,,1.0566140466083198
Labour,2019,E14000880,"Plymouth, Sutton and Devonport",46.35250773600487,12.51916986542528,32,Female,3,1.0524987840721856
Labour,2019,E14000880,"Plymouth, Sutton and Devonport",46.35250773600487,12.51916986542528,64,Female,2,0.42930946250216806
Conservatives,2019,E14000880,"Plymouth, Sutton and Devonport",46.35250773600487,12.51916986542528,63,Male,8,0.839614651855433
Conservatives,2019,E14000880,"Plymouth, Sutton and Devonport",46.35250773600487,12.51916986542528,74,Female,10,0.8280546193682641
Conservatives,2019,E14000880,"Plymouth, Sutton and Devonport",46.35250773600487,12.51916986542528,,Female,6,
Conservatives,2019,E14000880,"Plymouth, Sutton and Devonport",46.35250773600487,12.51916986542528,36,Female,7,0.8368743492315793
Labour,2019,E14000881,Poole,32.87940194452027,21.03273765775603,55,Female,2,0.42930946250216806
Conservatives,2019,E14000881,Poole,32.87940194452027,21.03273765775603,56,Female,6,0.45397862843224057
Labour,2019,E14000881,Poole,32.87940194452027,21.03273765775603,68,Female,6,0.4654343076177979
Conservatives,2019,E14000881,Poole,32.87940194452027,21.03273765775603,69,Female,10,0.41402730968413204
Labour,2019,E14000932,Somerton and Frome,31.6575126170895,21.04753325002664,48,Female,2,0.42209889747092666
Labour,2019,E14000932,Somerton and Frome,31.6575126170895,21.04753325002664,40,Male,3,0.5170929547627268
Labour,2019,E14000932,Somerton and Frome,31.6575126170895,21.04753325002664,22,Female,,0.4090530092685514
Conservatives,2019,E14000932,Somerton and Frome,31.6575126170895,21.04753325002664,59,Male,5,1.2594219777831428
Conservatives,2019,E14000938,South East Cornwall,29.95822738830367,21.7228932074101,77,Female,1,1.0685193516783673
Conservatives,2019,E14000938,South East Cornwall,29.95822738830367,21.7228932074101,71,Female,6,0.41402730968413204
Labour,2019,E14000938,South East Cornwall,29.95822738830367,21.7228932074101,34,Female,2,0.5262493920360928
Conservatives,2019,E14000938,South East Cornwall,29.95822738830367,21.7228932074101,65,Female,10,0.41402730968413204
Conservatives,2019,E14000938,South East Cornwall,29.95822738830367,21.7228932074101,33,Female,5,0.9000863948921801
Conservatives,2019,E14000938,South East Cornwall,29.95822738830367,21.7228932074101,77,Male,5,1.1746036549027243
Conservatives,2019,E14000947,South Swindon,37.99781966037773,13.43560632102064,78,Female,10,1.0685193516783673
Conservatives,2019,E14000947,South Swindon,37.99781966037773,13.43560632102064,78,Male,8,1.1746036549027243
Conservatives,2019,E14000947,South Swindon,37.99781966037773,13.43560632102064,83,Female,8,0.5342596758391837
Labour,2019,E14000947,South Swindon,37.99781966037773,13.43560632102064,55,Female,3,0.8586189250043361
Labour,2019,E14000947,South Swindon,37.99781966037773,13.43560632102064,38,Female,2,0.9407834318824516
Labour,2019,E14000947,South Swindon,37.99781966037773,13.43560632102064,66,Female,,0.4654343076177979
Labour,2019,E14000947,South Swindon,37.99781966037773,13.43560632102064,34,Female,5,1.0118440938653221
Conservatives,2019,E14000947,South Swindon,37.99781966037773,13.43560632102064,49,Male,6,0.8255127123987535
Conservatives,2019,E14000961,St Austell and Newquay,32.97921757922162,20.96924040151072,66,Male,5,0.910265200944918
Conservatives,2019,E14000961,St Austell and Newquay,32.97921757922162,20.96924040151072,,Female,4,
Conservatives,2019,E14000961,St Austell and Newquay,32.97921757922162,20.96924040151072,27,Female,5,0.9362507938995093
Labour,2019,E14000961,St Austell and Newquay,32.97921757922162,20.96924040151072,34,Female,1,0.5059220469326611
Conservatives,2019,E14000961,St Austell and Newquay,32.97921757922162,20.96924040151072,73,Female,5,1.2420819290523892
Conservatives,2019,E14000961,St Austell and Newquay,32.97921757922162,20.96924040151072,68,Male,6,0.910265200944918
Labour,2019,E14000961,St Austell and Newquay,32.97921757922162,20.96924040151072,21,Female,,2.6148761873585786
Conservatives,2019,E14000964,St Ives,30.04102648500594,23.02890662654143,70,Female,5,0.41402730968413204
Conservatives,2019,E14000964,St Ives,30.04102648500594,23.02890662654143,75,Female,7,1.0685193516783673
Conservatives,2019,E14000964,St Ives,30.04102648500594,23.02890662654143,70,Male,7,1.820530401889836
Conservatives,2019,E14000980,Stroud,32.31345676043921,19.02400416766852,59,Female,7,0.45397862843224057
Labour,2019,E14000980,Stroud,32.31345676043921,19.02400416766852,38,Female,,1.0805299965150283
Labour,2019,E14000980,Stroud,32.31345676043921,19.02400416766852,80,,,
Conservatives,2019,E14000980,Stroud,32.31345676043921,19.02400416766852,56,Male,6,1.679229303710866
Conservatives,2019,E14000988,Taunton Deane,34.48047410311561,19.97694827883507,58,Male,7,0.839614651855433
Conservatives,2019,E14000988,Taunton Deane,34.48047410311561,19.97694827883507,74,Male,6,0.455132600472459
Conservatives,2019,E14000988,Taunton Deane,34.48047410311561,19.97694827883507,67,Male,5,0.910265200944918
Conservatives,2019,E14000988,Taunton Deane,34.48047410311561,19.97694827883507,58,Female,10,1.361935885296714
Conservatives,2019,E14000988,Taunton Deane,34.48047410311561,19.97694827883507,75,Male,7,1.1746036549027243
Conservatives,2019,E14000988,Taunton Deane,34.48047410311561,19.97694827883507,56,Male,7,0.839614651855433
Conservatives,2019,E14000990,Tewkesbury,32.2395907636497,20.07764892901543,87,Female,8,0.5342596758391837
Conservatives,2019,E14000990,Tewkesbury,32.2395907636497,20.07764892901543,73,Female,7,0.41402730968413204
Labour,2019,E14000990,Tewkesbury,32.2395907636497,20.07764892901543,52,Male,4,1.1057242242272964
Conservatives,2019,E14000996,Tiverton and Honiton,30.30665440049065,24.70918941020137,74,Female,7,0.8280546193682641
Labour,2019,E14000996,Tiverton and Honiton,30.30665440049065,24.70918941020137,70,Male,0,1.0232867340890943
Conservatives,2019,E14000996,Tiverton and Honiton,30.30665440049065,24.70918941020137,69,Male,8,0.910265200944918
Conservatives,2019,E14001000,Torridge and West Devon,29.58542131854336,23.50205282816954,68,Male,9,1.3653978014173727
Labour,2019,E14001000,Torridge and West Devon,29.58542131854336,23.50205282816954,53,Female,2,0.42209889747092666
Conservatives,2019,E14001000,Torridge and West Devon,29.58542131854336,23.50205282816954,81,Male,5,0.5873018274513622
Conservatives,2019,E14001000,Torridge and West Devon,29.58542131854336,23.50205282816954,58,Female,7,0.45397862843224057
Conservatives,2019,E14001000,Torridge and West Devon,29.58542131854336,23.50205282816954,49,Male,5,0.9835975095014678
Conservatives,2019,E14001000,Torridge and West Devon,29.58542131854336,23.50205282816954,71,Male,10,0.910265200944918
Conservatives,2019,E14001000,Torridge and West Devon,29.58542131854336,23.50205282816954,71,Male,7,0.455132600472459
Conservatives,2019,E14001000,Torridge and West Devon,29.58542131854336,23.50205282816954,67,Female,7,0.8280546193682641
Conservatives,2019,E14001001,Totnes,28.24551021147598,26.33365137260112,,Male,8,
Conservatives,2019,E14001001,Totnes,28.24551021147598,26.33365137260112,79,Female,6,1.0685193516783673
Conservatives,2019,E14001031,West Dorset,28.42342342342343,26.5723863398282,65,Male,8,0.455132600472459
Labour,2019,E14001031,West Dorset,28.42342342342343,26.5723863398282,62,Male,4,0.9438639795288604
Conservatives,2019,E14001031,West Dorset,28.42342342342343,26.5723863398282,71,Male,3,0.910265200944918
Conservatives,2019,E14001031,West Dorset,28.42342342342343,26.5723863398282,45,Female,,0.8947639220925186
Conservatives,2019,E14001031,West Dorset,28.42342342342343,26.5723863398282,39,Female,5,0.9611859722586099
Conservatives,2019,E14001031,West Dorset,28.42342342342343,26.5723863398282,64,Male,7,1.2594219777831428
Labour,2019,W07000043,Alyn and Deeside,36.44748803102842,16.5868735228168,78,Male,3,1.1748814448111164
Labour,2019,W07000043,Alyn and Deeside,36.44748803102842,16.5868735228168,50,Female,4,0.4474877654113798
Conservatives,2019,W07000043,Alyn and Deeside,36.44748803102842,16.5868735228168,62,Male,5,0.44403546407828876
Labour,2019,W07000043,Alyn and Deeside,36.44748803102842,16.5868735228168,67,Male,4,0.9104804756767207
Labour,2019,W07000043,Alyn and Deeside,36.44748803102842,16.5868735228168,48,Female,,0.7511341487174688
Conservatives,2019,W07000043,Alyn and Deeside,36.44748803102842,16.5868735228168,79,Female,10,0.47536334400539343
Labour,2019,W07000043,Alyn and Deeside,36.44748803102842,16.5868735228168,46,Female,5,1.3424632962341332
Labour,2019,W07000072,Blaenau Gwent,36.08302059758788,17.87177356977111,23,Female,5,1.4558374150617766
Labour,2019,W07000072,Blaenau Gwent,36.08302059758788,17.87177356977111,35,Female,,0.48070664479283204
Conservatives,2019,W07000072,Blaenau Gwent,36.08302059758788,17.87177356977111,74,Female,5,0.368385291537977
Labour,2019,W07000072,Blaenau Gwent,36.08302059758788,17.87177356977111,60,Female,5,0.45408599288754226
Labour,2019,W07000072,Blaenau Gwent,36.08302059758788,17.87177356977111,36,Female,3,0.418536133633939
Labour,2019,W07000051,Cardiff North,38.13014957895454,16.53426243275756,39,Female,3,0.837072267267878
Labour,2019,W07000051,Cardiff North,38.13014957895454,16.53426243275756,81,Male,9,0.5874407224055582
Conservatives,2019,W07000051,Cardiff North,38.13014957895454,16.53426243275756,74,Male,6,0.4049591700639245
Conservatives,2019,W07000051,Cardiff North,38.13014957895454,16.53426243275756,40,Male,7,0.40927244892512116
Labour,2019,W07000079,Cardiff West,39.4443406901249,14.30125127709361,48,Female,2,0.4474877654113798
Labour,2019,W07000079,Cardiff West,39.4443406901249,14.30125127709361,47,Female,3,0.7511341487174688
Conservatives,2019,W07000079,Cardiff West,39.4443406901249,14.30125127709361,71,Male,6,0.809918340127849
Labour,2019,W07000079,Cardiff West,39.4443406901249,14.30125127709361,18,Male,5,2.5576044523742034
Labour,2019,W07000079,Cardiff West,39.4443406901249,14.30125127709361,53,Male,2,0.41285397172261923
Labour,2019,W07000079,Cardiff West,39.4443406901249,14.30125127709361,53,Female,,1.126701223076193
Labour,2019,W07000079,Cardiff West,39.4443406901249,14.30125127709361,34,Female,2,0.900299262369766
Conservatives,2019,W07000062,Clwyd South,35.74250652668612,17.31561239162909,52,Female,5,0.6681717392022374
Labour,2019,W07000062,Clwyd South,35.74250652668612,17.31561239162909,29,Male,4,0.49484120358920064
Labour,2019,W07000062,Clwyd South,35.74250652668612,17.31561239162909,41,Female,3,0.837072267267878
Labour,2019,W07000062,Clwyd South,35.74250652668612,17.31561239162909,19,Male,4,0.6394011130935509
Conservatives,2019,W07000062,Clwyd South,35.74250652668612,17.31561239162909,54,Male,6,0.7345088937667607
Conservatives,2019,W07000062,Clwyd South,35.74250652668612,17.31561239162909,83,Female,5,0.9507266880107869
Conservatives,2019,W07000062,Clwyd South,35.74250652668612,17.31561239162909,49,Female,5,1.1941888635891653
Labour,2019,W07000042,Delyn,33.8023742517964,18.78687447322181,63,Female,3,0.9081719857750845
Conservatives,2019,W07000042,Delyn,33.8023742517964,18.78687447322181,63,Male,10,0.8880709281565775
Labour,2019,W07000042,Delyn,33.8023742517964,18.78687447322181,31,Female,3,0.46823610706936986
Labour,2019,W07000042,Delyn,33.8023742517964,18.78687447322181,87,Male,5,0.5874407224055582
Conservatives,2019,W07000042,Delyn,33.8023742517964,18.78687447322181,68,Male,8,0.809918340127849
Conservatives,2019,W07000042,Delyn,33.8023742517964,18.78687447322181,71,Female,5,0.368385291537977
Conservatives,2019,W07000042,Delyn,33.8023742517964,18.78687447322181,82,Female,6,0.9507266880107869
Conservatives,2019,W07000042,Delyn,33.8023742517964,18.78687447322181,74,Female,6,0.736770583075954
Labour,2019,W07000061,Dwyfor Meirionnydd,30.0973882970914,25.27528099052218,64,Male,4,0.49916837355172916
Conservatives,2019,W07000061,Dwyfor Meirionnydd,30.0973882970914,25.27528099052218,73,Male,7,0.809918340127849
Conservatives,2019,W07000046,Gower,32.26589907349106,21.01543324894948,72,Female,8,0.368385291537977
Labour,2019,W07000046,Gower,32.26589907349106,21.01543324894948,22,Female,,0.5816536156459745
Labour,2019,W07000046,Gower,32.26589907349106,21.01543324894948,31,Female,,0.46823610706936986
Conservatives,2019,W07000046,Gower,32.26589907349106,21.01543324894948,76,Female,7,0.9507266880107869
Conservatives,2019,W07000046,Gower,32.26589907349106,21.01543324894948,35,Male,7,0.9401338136363305
Labour,2019,W07000046,Gower,32.26589907349106,21.01543324894948,51,Female,3,0.7511341487174688
Labour,2019,W07000045,Llanelli,35.48279894147332,19.40673272201366,60,Female,0,0.9081719857750845
Conservatives,2019,W07000045,Llanelli,35.48279894147332,19.40673272201366,58,Male,3,1.3321063922348582
Labour,2019,W07000045,Llanelli,35.48279894147332,19.40673272201366,46,Female,,0.3755670743587344
Labour,2019,W07000045,Llanelli,35.48279894147332,19.40673272201366,43,Male,1,0.528431966180843
Conservatives,2019,W07000045,Llanelli,35.48279894147332,19.40673272201366,54,Female,7,0.6681717392022374
Labour,2019,W07000063,Montgomeryshire,32.32098339578859,21.37067059690493,44,Female,,0.418536133633939
Conservatives,2019,W07000063,Montgomeryshire,32.32098339578859,21.37067059690493,58,Female,5,0.8078648218380182
Labour,2019,W07000063,Montgomeryshire,32.32098339578859,21.37067059690493,36,Female,2,0.48070664479283204
Conservatives,2019,W07000063,Montgomeryshire,32.32098339578859,21.37067059690493,57,Female,7,0.4039324109190091
Conservatives,2019,W07000063,Montgomeryshire,32.32098339578859,21.37067059690493,77,Male,5,1.0451163479603143
Labour,2019,W07000063,Montgomeryshire,32.32098339578859,21.37067059690493,80,Male,5,0.5874407224055582
Labour,2019,W07000063,Montgomeryshire,32.32098339578859,21.37067059690493,57,Female,3,0.3819827528394941
Conservatives,2019,W07000063,Montgomeryshire,32.32098339578859,21.37067059690493,57,Female,5,0.4039324109190091
Conservatives,2019,W07000063,Montgomeryshire,32.32098339578859,21.37067059690493,78,Female,5,0.47536334400539343
Conservatives,2019,W07000056,Newport West,37.50073184154752,16.98106579548249,57,Male,,0.37352812371156363
Conservatives,2019,W07000056,Newport West,37.50073184154752,16.98106579548249,64,Male,8,0.37352812371156363
Conservatives,2019,W07000056,Newport West,37.50073184154752,16.98106579548249,,Female,6,
Conservatives,2019,W07000056,Newport West,37.50073184154752,16.98106579548249,43,Female,5,1.116927050141444
Labour,2019,W07000056,Newport West,37.50073184154752,16.98106579548249,33,Male,2,0.9896824071784013
Conservatives,2019,W07000074,Ogmore,36.18373518156761,16.05207524953839,51,Female,4,1.1941888635891653
Labour,2019,W07000074,Ogmore,36.18373518156761,16.05207524953839,70,Female,2,0.8282504515674036
Conservatives,2019,W07000065,Preseli Pembrokeshire,33.46129238643634,21.27253972606317,65,Male,,0.4049591700639245
Conservatives,2019,W07000065,Preseli Pembrokeshire,33.46129238643634,21.27253972606317,83,Male,7,1.0451163479603143
Conservatives,2019,W07000065,Preseli Pembrokeshire,33.46129238643634,21.27253972606317,53,Male,7,0.7345088937667607
Labour,2019,W07000065,Preseli Pembrokeshire,33.46129238643634,21.27253972606317,68,Female,3,0.4141252257837018
Conservatives,2019,W07000065,Preseli Pembrokeshire,33.46129238643634,21.27253972606317,55,Male,,0.7470562474231273
Labour,2019,W07000065,Preseli Pembrokeshire,33.46129238643634,21.27253972606317,54,Female,5,0.4474877654113798
Conservatives,2019,W07000065,Preseli Pembrokeshire,33.46129238643634,21.27253972606317,50,Female,6,0.3980629545297242
Conservatives,2019,W07000065,Preseli Pembrokeshire,33.46129238643634,21.27253972606317,51,Female,8,0.6681717392022374
Labour,2019,W07000065,Preseli Pembrokeshire,33.46129238643634,21.27253972606317,41,Male,,0.9201781352917606
Conservatives,2019,W07000065,Preseli Pembrokeshire,33.46129238643634,21.27253972606317,79,Male,,1.0451163479603143
Conservatives,2019,W07000048,Swansea East,38.62620443031688,15.58185159431807,26,Male,,0.4401862279802856
Labour,2019,W07000048,Swansea East,38.62620443031688,15.58185159431807,37,Male,5,0.4600890676458803
Conservatives,2019,W07000048,Swansea East,38.62620443031688,15.58185159431807,32,Male,6,0.9157447723883
Labour,2019,W07000078,Vale of Glamorgan,35.71874392477464,17.68594026582628,35,Female,4,0.837072267267878
Conservatives,2019,W07000078,Vale of Glamorgan,35.71874392477464,17.68594026582628,59,Female,8,0.4039324109190091
Conservatives,2019,W07000078,Vale of Glamorgan,35.71874392477464,17.68594026582628,64,Male,5,0.37352812371156363
Conservatives,2019,W07000078,Vale of Glamorgan,35.71874392477464,17.68594026582628,59,Female,10,0.4039324109190091
Labour,2019,E14000561,"Birmingham, Erdington",42.19763136901962,14.14019513592014,32,Female,6,0.4783906710279289
Labour,2019,E14000561,"Birmingham, Erdington",42.19763136901962,14.14019513592014,26,Female,3,0.9567813420558579
Labour,2019,E14000563,"Birmingham, Hodge Hill",51.95105113496277,10.48751623136475,37,Male,,0.940133896043683
Labour,2019,E14000563,"Birmingham, Hodge Hill",51.95105113496277,10.48751623136475,40,Female,4,0.982263310744456
Conservatives,2019,E14000563,"Birmingham, Hodge Hill",51.95105113496277,10.48751623136475,18,Male,5,1.7433437957224798
Labour,2019,E14000564,"Birmingham, Ladywood",56.70005446236178,6.990915046608732,33,Male,5,1.0111454963135986
Labour,2019,E14000567,"Birmingham, Selly Oak",46.01843043423948,13.74499120758742,22,Female,1,1.4874099356797088
Labour,2019,E14000567,"Birmingham, Selly Oak",46.01843043423948,13.74499120758742,84,Male,4,1.2003609168017095
Labour,2019,E14000567,"Birmingham, Selly Oak",46.01843043423948,13.74499120758742,31,,2,
Labour,2019,E14000567,"Birmingham, Selly Oak",46.01843043423948,13.74499120758742,61,Male,2,0.5099937607843429
Labour,2019,E14000567,"Birmingham, Selly Oak",46.01843043423948,13.74499120758742,,Female,2,
Conservatives,2019,E14000567,"Birmingham, Selly Oak",46.01843043423948,13.74499120758742,20,Female,6,0.528631246401762
Labour,2019,E14000567,"Birmingham, Selly Oak",46.01843043423948,13.74499120758742,32,Female,3,0.9198239130824102
Labour,2019,E14000567,"Birmingham, Selly Oak",46.01843043423948,13.74499120758742,31,Female,0,0.4599119565412051
Labour,2019,E14000567,"Birmingham, Selly Oak",46.01843043423948,13.74499120758742,48,Female,2,0.38371193935253917
Conservatives,2019,E14000605,Bromsgrove,31.9852195179256,20.43529801253778,21,Male,5,1.7433437957224798
Conservatives,2019,E14000605,Bromsgrove,31.9852195179256,20.43529801253778,71,Female,10,0.37637440631968166
Conservatives,2019,E14000605,Bromsgrove,31.9852195179256,20.43529801253778,69,Female,5,0.37637440631968166
Conservatives,2019,E14000605,Bromsgrove,31.9852195179256,20.43529801253778,85,Female,,
Conservatives,2019,E14000605,Bromsgrove,31.9852195179256,20.43529801253778,45,Male,7,1.5008761488485873
Conservatives,2019,E14000605,Bromsgrove,31.9852195179256,20.43529801253778,30,Male,4,0.9356043874853396
Conservatives,2019,E14000605,Bromsgrove,31.9852195179256,20.43529801253778,44,Female,8,1.1411496741477238
Conservatives,2019,E14000650,Coventry North West,40.20243476881592,16.21956538980093,71,Female,9,0.37637440631968166
Conservatives,2019,E14000650,Coventry North West,40.20243476881592,16.21956538980093,57,Male,4,0.453665192439206
Conservatives,2019,E14000650,Coventry North West,40.20243476881592,16.21956538980093,45,Male,10,0.4470730795253151
Conservatives,2019,E14000650,Coventry North West,40.20243476881592,16.21956538980093,66,Female,10,0.37637440631968166
Conservatives,2019,E14000650,Coventry North West,40.20243476881592,16.21956538980093,76,Male,8,1.067781624386606
Conservatives,2019,E14000650,Coventry North West,40.20243476881592,16.21956538980093,75,Female,8,0.9713449504957955
Conservatives,2019,E14000650,Coventry North West,40.20243476881592,16.21956538980093,22,Female,7,1.3231262156390475
Conservatives,2019,E14000650,Coventry North West,40.20243476881592,16.21956538980093,26,Female,8,1.276657946751488
Conservatives,2019,E14000650,Coventry North West,40.20243476881592,16.21956538980093,54,Female,5,0.8133913683876688
Conservatives,2019,E14000650,Coventry North West,40.20243476881592,16.21956538980093,71,Female,5,0.7527488126393633
Labour,2019,E14000651,Coventry South,46.49213370336342,14.6452352311583,43,Male,4,0.940133896043683
Labour,2019,E14000651,Coventry South,46.49213370336342,14.6452352311583,78,Female,8,
Conservatives,2019,E14000651,Coventry South,46.49213370336342,14.6452352311583,55,Female,7,0.4126924305750851
Labour,2019,E14000651,Coventry South,46.49213370336342,14.6452352311583,61,Male,5,1.7160522343935682
Labour,2019,E14000651,Coventry South,46.49213370336342,14.6452352311583,57,Female,4,0.7805335073183858
Conservatives,2019,E14000651,Coventry South,46.49213370336342,14.6452352311583,89,Female,9,0.48567247524789775
Conservatives,2019,E14000651,Coventry South,46.49213370336342,14.6452352311583,58,Female,7,0.6943239526268907
Conservatives,2019,E14000651,Coventry South,46.49213370336342,14.6452352311583,77,Female,8,0.9713449504957955
Conservatives,2019,E14000651,Coventry South,46.49213370336342,14.6452352311583,70,Male,7,0.8274829137732141
Conservatives,2019,E14000672,Dudley South,36.16914423463238,18.73744475693049,39,Female,7,0.8737727951995152
Conservatives,2019,E14000672,Dudley South,36.16914423463238,18.73744475693049,58,Male,5,0.907330384878412
Conservatives,2019,E14000672,Dudley South,36.16914423463238,18.73744475693049,43,Male,4,0.9605223500948405
Labour,2019,E14000672,Dudley South,36.16914423463238,18.73744475693049,37,Female,5,0.42761286196348747
Conservatives,2019,E14000672,Dudley South,36.16914423463238,18.73744475693049,70,Male,,0.8274829137732141
Labour,2019,E14000672,Dudley South,36.16914423463238,18.73744475693049,54,Female,5,1.3715770898903907
Conservatives,2019,E14000672,Dudley South,36.16914423463238,18.73744475693049,85,Female,,0.48567247524789775
Conservatives,2019,E14000672,Dudley South,36.16914423463238,18.73744475693049,68,Male,5,0.8274829137732141
Conservatives,2019,E14000672,Dudley South,36.16914423463238,18.73744475693049,57,Male,6,1.1448863108950975
Conservatives,2019,E14000672,Dudley South,36.16914423463238,18.73744475693049,66,Male,6,
Conservatives,2019,E14000743,Hereford and South Herefordshire,34.46436630697904,19.3451770401674,44,Male,6,0.9605223500948405
Conservatives,2019,E14000743,Hereford and South Herefordshire,34.46436630697904,19.3451770401674,72,Female,6,0.37637440631968166
Conservatives,2019,E14000743,Hereford and South Herefordshire,34.46436630697904,19.3451770401674,73,Female,8,0.37637440631968166
Labour,2019,E14000743,Hereford and South Herefordshire,34.46436630697904,19.3451770401674,63,Female,3,0.3902667536591929
Conservatives,2019,E14000743,Hereford and South Herefordshire,34.46436630697904,19.3451770401674,59,Male,5,0.7632575405967408
Labour,2019,E14000743,Hereford and South Herefordshire,34.46436630697904,19.3451770401674,86,Female,4,0.5459751735180979
Conservatives,2019,E14000743,Hereford and South Herefordshire,34.46436630697904,19.3451770401674,77,Male,3,0.533890812193303
Conservatives,2019,E14000791,Lichfield,31.90514599128892,20.06452653653815,70,Male,5,0.8274829137732141
Conservatives,2019,E14000791,Lichfield,31.90514599128892,20.06452653653815,74,Female,8,0.37637440631968166
Conservatives,2019,E14000791,Lichfield,31.90514599128892,20.06452653653815,75,Female,5,0.48567247524789775
Conservatives,2019,E14000791,Lichfield,31.90514599128892,20.06452653653815,53,Male,6,1.5008761488485873
Conservatives,2019,E14000812,Meriden,36.05607424645596,17.6817452738348,57,Male,6,1.360995577317609
Conservatives,2019,E14000812,Meriden,36.05607424645596,17.6817452738348,31,Male,5,0.899464957107821
Conservatives,2019,E14000812,Meriden,36.05607424645596,17.6817452738348,77,Female,8,0.48567247524789775
Conservatives,2019,E14000812,Meriden,36.05607424645596,17.6817452738348,,Female,,
Labour,2019,E14000818,Mid Worcestershire,31.62385923306583,20.4491075020645,20,Male,4,1.9598031181105342
Conservatives,2019,E14000818,Mid Worcestershire,31.62385923306583,20.4491075020645,50,Female,5,1.6267827367753376
Conservatives,2019,E14000818,Mid Worcestershire,31.62385923306583,20.4491075020645,79,Male,6,1.067781624386606
Conservatives,2019,E14000818,Mid Worcestershire,31.62385923306583,20.4491075020645,79,Female,5,0.9713449504957955
Labour,2019,E14000818,Mid Worcestershire,31.62385923306583,20.4491075020645,45,Male,4,1.5077494480895866
Conservatives,2019,E14000834,Newcastle-under-Lyme,37.69745348248918,17.6536061611108,64,Male,8,0.453665192439206
Conservatives,2019,E14000834,Newcastle-under-Lyme,37.69745348248918,17.6536061611108,45,Male,,1.5008761488485873
Conservatives,2019,E14000834,Newcastle-under-Lyme,37.69745348248918,17.6536061611108,54,Male,6,0.8941461590506302
Labour,2019,E14000834,Newcastle-under-Lyme,37.69745348248918,17.6536061611108,47,Male,4,0.4218074718865458
Conservatives,2019,E14000834,Newcastle-under-Lyme,37.69745348248918,17.6536061611108,30,Female,,0.8511052978343255
Conservatives,2019,E14000834,Newcastle-under-Lyme,37.69745348248918,17.6536061611108,68,Female,5,0.37637440631968166
Conservatives,2019,E14000834,Newcastle-under-Lyme,37.69745348248918,17.6536061611108,47,Male,8,0.4470730795253151
Conservatives,2019,E14000847,North Herefordshire,29.5981857300692,23.44129790079665,76,Male,5,
Conservatives,2019,E14000847,North Herefordshire,29.5981857300692,23.44129790079665,64,Male,5,1.5265150811934816
Conservatives,2019,E14000847,North Herefordshire,29.5981857300692,23.44129790079665,76,Female,,
Conservatives,2019,E14000847,North Herefordshire,29.5981857300692,23.44129790079665,69,Male,7,0.8274829137732141
Conservatives,2019,E14000847,North Herefordshire,29.5981857300692,23.44129790079665,70,Female,5,0.7527488126393633
Conservatives,2019,E14000847,North Herefordshire,29.5981857300692,23.44129790079665,74,Male,3,0.8274829137732141
Conservatives,2019,E14000847,North Herefordshire,29.5981857300692,23.44129790079665,81,Female,9,0.9713449504957955
Conservatives,2019,E14000847,North Herefordshire,29.5981857300692,23.44129790079665,64,Male,7,0.7632575405967408
Conservatives,2019,E14000847,North Herefordshire,29.5981857300692,23.44129790079665,61,Female,10,0.4126924305750851
Labour,2019,E14000854,North Warwickshire,33.95383966057268,18.13426039051914,57,Male,1,0.8580261171967841
Conservatives,2019,E14000854,North Warwickshire,33.95383966057268,18.13426039051914,43,Male,5,0.9605223500948405
Conservatives,2019,E14000854,North Warwickshire,33.95383966057268,18.13426039051914,67,Female,8,
Conservatives,2019,E14000854,North Warwickshire,33.95383966057268,18.13426039051914,37,Male,5,0.4802611750474203
Labour,2019,E14000854,North Warwickshire,33.95383966057268,18.13426039051914,48,Male,5,0.8436149437730917
Conservatives,2019,E14000868,Nuneaton,37.28015282260721,15.48646334233581,65,Male,8,0.4137414568866071
Conservatives,2019,E14000868,Nuneaton,37.28015282260721,15.48646334233581,72,Male,5,0.4137414568866071
Labour,2019,E14000868,Nuneaton,37.28015282260721,15.48646334233581,74,Female,3,0.42310629543762734
Conservatives,2019,E14000868,Nuneaton,37.28015282260721,15.48646334233581,72,Female,4,0.7527488126393633
Labour,2019,E14000868,Nuneaton,37.28015282260721,15.48646334233581,24,Female,5,0.7437049678398544
Conservatives,2019,E14000868,Nuneaton,37.28015282260721,15.48646334233581,49,Female,6,1.365324552518972
Conservatives,2019,E14000868,Nuneaton,37.28015282260721,15.48646334233581,30,Female,5,1.276657946751488
Conservatives,2019,E14000868,Nuneaton,37.28015282260721,15.48646334233581,77,Male,5,1.067781624386606
Conservatives,2019,E14000868,Nuneaton,37.28015282260721,15.48646334233581,21,Female,5,1.5858937392053016
Conservatives,2019,E14000868,Nuneaton,37.28015282260721,15.48646334233581,53,Male,,0.37521903721214683
Conservatives,2019,E14000931,Solihull,33.31714178734428,20.7707175890788,27,Male,7,0.9356043874853396
Conservatives,2019,E14000931,Solihull,33.31714178734428,20.7707175890788,57,Male,8,0.453665192439206
Labour,2019,E14000931,Solihull,33.31714178734428,20.7707175890788,40,Female,5,1.282838585890462
Conservatives,2019,E14000931,Solihull,33.31714178734428,20.7707175890788,23,Female,6,1.5858937392053016
Conservatives,2019,E14000931,Solihull,33.31714178734428,20.7707175890788,51,Male,5,0.8941461590506302
Conservatives,2019,E14000931,Solihull,33.31714178734428,20.7707175890788,41,Male,7,0.9605223500948405
Labour,2019,E14000931,Solihull,33.31714178734428,20.7707175890788,90,Female,,0.5459751735180979
Labour,2019,E14000931,Solihull,33.31714178734428,20.7707175890788,27,Male,1,0.5055727481567993
Conservatives,2019,E14000931,Solihull,33.31714178734428,20.7707175890788,82,Female,10,0.48567247524789775
Conservatives,2019,E14000931,Solihull,33.31714178734428,20.7707175890788,39,Male,5,0.4181482771586541
Conservatives,2019,E14000931,Solihull,33.31714178734428,20.7707175890788,78,Female,2,0.48567247524789775
Conservatives,2019,E14000931,Solihull,33.31714178734428,20.7707175890788,80,Female,7,0.9713449504957955
Conservatives,2019,E14000931,Solihull,33.31714178734428,20.7707175890788,87,Female,10,0.48567247524789775
Conservatives,2019,E14000945,South Staffordshire,31.71213496342961,20.77732101863221,49,Female,5,0.4066956841938344
Conservatives,2019,E14000945,South Staffordshire,31.71213496342961,20.77732101863221,,Male,,
Conservatives,2019,E14000945,South Staffordshire,31.71213496342961,20.77732101863221,39,Female,7,0.8737727951995152
Conservatives,2019,E14000945,South Staffordshire,31.71213496342961,20.77732101863221,,Male,6,
Conservatives,2019,E14000945,South Staffordshire,31.71213496342961,20.77732101863221,65,Male,10,0.4137414568866071
Conservatives,2019,E14000945,South Staffordshire,31.71213496342961,20.77732101863221,39,Female,7,0.760766449431821
Conservatives,2019,E14000945,South Staffordshire,31.71213496342961,20.77732101863221,66,Female,10,0.37637440631968166
Labour,2019,E14000973,Stoke-on-Trent North,38.4624928914853,16.31701390683968,79,Male,4,0.6001804584008548
Conservatives,2019,E14000973,Stoke-on-Trent North,38.4624928914853,16.31701390683968,71,Male,5,0.4137414568866071
Conservatives,2019,E14000973,Stoke-on-Trent North,38.4624928914853,16.31701390683968,56,Male,6,1.5265150811934816
Conservatives,2019,E14000973,Stoke-on-Trent North,38.4624928914853,16.31701390683968,36,Male,5,0.8362965543173082
Conservatives,2019,E14000973,Stoke-on-Trent North,38.4624928914853,16.31701390683968,58,Male,5,0.453665192439206
Conservatives,2019,E14000973,Stoke-on-Trent North,38.4624928914853,16.31701390683968,53,Female,,0.682662276259486
Conservatives,2019,E14000973,Stoke-on-Trent North,38.4624928914853,16.31701390683968,54,Female,,1.2200870525814944
Conservatives,2019,E14000977,Stratford-on-Avon,29.71070177421178,22.81387727426828,60,Female,6,0.8253848611501702
Conservatives,2019,E14000977,Stratford-on-Avon,29.71070177421178,22.81387727426828,77,Male,6,1.067781624386606
Conservatives,2019,E14000977,Stratford-on-Avon,29.71070177421178,22.81387727426828,64,Male,5,1.5265150811934816
Conservatives,2019,E14000977,Stratford-on-Avon,29.71070177421178,22.81387727426828,69,Female,8,0.7527488126393633
Conservatives,2019,E14000977,Stratford-on-Avon,29.71070177421178,22.81387727426828,30,Female,6,0.8182297993154601
Conservatives,2019,E14000977,Stratford-on-Avon,29.71070177421178,22.81387727426828,67,Female,8,0.37637440631968166
Labour,2019,E14000989,Telford,40.06684447592382,13.26043891587999,,Male,2,
Conservatives,2019,E14000989,Telford,40.06684447592382,13.26043891587999,57,Male,8,0.7632575405967408
Conservatives,2019,E14001011,Walsall North,40.36515477534673,15.5307952875008,36,Female,5,0.4368863975997576
Labour,2019,E14001011,Walsall North,40.36515477534673,15.5307952875008,93,Male,3,0.6001804584008548
Conservatives,2019,E14001011,Walsall North,40.36515477534673,15.5307952875008,75,Male,,0.533890812193303
Conservatives,2019,E14001011,Walsall North,40.36515477534673,15.5307952875008,80,Female,5,0.48567247524789775
Conservatives,2019,E14001011,Walsall North,40.36515477534673,15.5307952875008,71,Male,5,0.8274829137732141
Conservatives,2019,E14001011,Walsall North,40.36515477534673,15.5307952875008,61,Female,5,0.4126924305750851
Labour,2019,E14001016,Warley,42.89432869491654,14.09963015585514,28,Male,6,2.1035442354062517
Conservatives,2019,E14001016,Warley,42.89432869491654,14.09963015585514,70,Male,7,0.4137414568866071
Conservatives,2019,E14001016,Warley,42.89432869491654,14.09963015585514,50,Male,5,0.7504380744242937
Labour,2019,E14001016,Warley,42.89432869491654,14.09963015585514,66,Male,5,0.46511296239301475
Labour,2019,E14001016,Warley,42.89432869491654,14.09963015585514,61,Female,3,0.9278673710213113
Conservatives,2019,E14001016,Warley,42.89432869491654,14.09963015585514,76,Female,5,0.9713449504957955
Labour,2019,E14001030,West Bromwich West,41.21142907828941,14.32515439456265,86,Male,8,0.6001804584008548
Labour,2019,E14001030,West Bromwich West,41.21142907828941,14.32515439456265,30,Male,3,0.5258860588515629
Labour,2019,E14001030,West Bromwich West,41.21142907828941,14.32515439456265,44,Female,,
Conservatives,2019,E14001030,West Bromwich West,41.21142907828941,14.32515439456265,18,Female,4,1.5858937392053016
Conservatives,2019,E14001030,West Bromwich West,41.21142907828941,14.32515439456265,,Female,7,
Labour,2019,E14001030,West Bromwich West,41.21142907828941,14.32515439456265,32,Male,8,1.0517721177031258
Conservatives,2019,E14001030,West Bromwich West,41.21142907828941,14.32515439456265,26,Female,5,0.8511052978343255
Conservatives,2019,E14001035,West Worcestershire,29.30677082196862,24.37648650417857,55,Female,4,0.6943239526268907
Conservatives,2019,E14001035,West Worcestershire,29.30677082196862,24.37648650417857,44,Female,,0.8737727951995152
Conservatives,2019,E14001035,West Worcestershire,29.30677082196862,24.37648650417857,58,Male,6,0.3816287702983704
Conservatives,2019,E14001035,West Worcestershire,29.30677082196862,24.37648650417857,50,Female,6,0.682662276259486
Conservatives,2019,E14001035,West Worcestershire,29.30677082196862,24.37648650417857,39,Male,7,0.8362965543173082
Labour,2019,E14001050,Wolverhampton South East,40.08868525806049,15.94860337729794,18,Male,7,0.6532677060368417
Labour,2019,E14001050,Wolverhampton South East,40.08868525806049,15.94860337729794,41,Female,,1.7104514478539499
Labour,2019,E14001050,Wolverhampton South East,40.08868525806049,15.94860337729794,,Male,,
Labour,2019,E14001050,Wolverhampton South East,40.08868525806049,15.94860337729794,49,Male,5,0.5025831493631883
Labour,2019,E14001050,Wolverhampton South East,40.08868525806049,15.94860337729794,35,Female,3,0.8552257239269749
Labour,2019,E14001050,Wolverhampton South East,40.08868525806049,15.94860337729794,55,Female,10,0.9278673710213113
Conservatives,2019,E14001050,Wolverhampton South East,40.08868525806049,15.94860337729794,41,Female,,0.8737727951995152
Conservatives,2019,E14001058,Wyre Forest,32.24291911201837,20.88594029089053,28,Male,5,0.4497324785539105
Conservatives,2019,E14001058,Wyre Forest,32.24291911201837,20.88594029089053,66,Male,7,0.4137414568866071
Conservatives,2019,E14001058,Wyre Forest,32.24291911201837,20.88594029089053,63,Female,5,0.8253848611501702
Conservatives,2019,E14001058,Wyre Forest,32.24291911201837,20.88594029089053,33,Male,6,0.899464957107821
Labour,2019,E14000548,Batley and Spen,39.5666317574769,14.70263857867079,18,Female,,1.8896567495970333
Labour,2019,E14000548,Batley and Spen,39.5666317574769,14.70263857867079,61,Male,6,0.4054203657015986
Conservatives,2019,E14000548,Batley and Spen,39.5666317574769,14.70263857867079,46,Male,7,0.5965619620553478
Labour,2019,E14000548,Batley and Spen,39.5666317574769,14.70263857867079,32,Male,,0.8361079475524337
Conservatives,2019,E14000548,Batley and Spen,39.5666317574769,14.70263857867079,39,Female,8,0.9071587807303807
Conservatives,2019,E14000556,Beverley and Holderness,30.41765248426034,20.98187432329471,54,Male,6,0.8948429430830267
Conservatives,2019,E14000556,Beverley and Holderness,30.41765248426034,20.98187432329471,46,Female,8,0.646606784998867
Conservatives,2019,E14000556,Beverley and Holderness,30.41765248426034,20.98187432329471,66,Female,,0.5983988871399889
Conservatives,2019,E14000556,Beverley and Holderness,30.41765248426034,20.98187432329471,65,Female,4,0.5983988871399889
Conservatives,2019,E14000556,Beverley and Holderness,30.41765248426034,20.98187432329471,64,Female,7,0.5519539500962656
Conservatives,2019,E14000556,Beverley and Holderness,30.41765248426034,20.98187432329471,72,Female,9,0.5983988871399889
Conservatives,2019,E14000587,Bradford East,48.32542611140397,10.34088912317695,69,Male,7,0.6578088818141714
Labour,2019,E14000587,Bradford East,48.32542611140397,10.34088912317695,40,Male,3,0.8583760203119203
Labour,2019,E14000643,Cleethorpes,33.21188550425779,19.91495090444798,61,Male,5,0.6820892508183702
Conservatives,2019,E14000643,Cleethorpes,33.21188550425779,19.91495090444798,77,Female,5,0.38608612039366175
Labour,2019,E14000643,Cleethorpes,33.21188550425779,19.91495090444798,,Male,3,
Conservatives,2019,E14000643,Cleethorpes,33.21188550425779,19.91495090444798,32,Female,5,0.6765875342629247
Conservatives,2019,E14000643,Cleethorpes,33.21188550425779,19.91495090444798,30,Female,7,0.6765875342629247
Labour,2019,E14000643,Cleethorpes,33.21188550425779,19.91495090444798,76,Male,1,0.4771144269639773
Conservatives,2019,E14000643,Cleethorpes,33.21188550425779,19.91495090444798,27,Male,5,0.37188011118308056
Conservatives,2019,E14000643,Cleethorpes,33.21188550425779,19.91495090444798,55,Male,6,0.7212837582244845
Labour,2019,E14000643,Cleethorpes,33.21188550425779,19.91495090444798,42,Female,,0.33993153682766336
Labour,2019,E14000645,Colne Valley,35.36780798710635,16.06761842840267,50,Female,3,1.4537832371807546
Conservatives,2019,E14000645,Colne Valley,35.36780798710635,16.06761842840267,31,Male,5,0.7437602223661611
Labour,2019,E14000645,Colne Valley,35.36780798710635,16.06761842840267,44,Male,4,1.7167520406238406
Conservatives,2019,E14000645,Colne Valley,35.36780798710635,16.06761842840267,78,Male,6,1.273252096209422
Conservatives,2019,E14000645,Colne Valley,35.36780798710635,16.06761842840267,53,Male,8,0.2982809810276739
Conservatives,2019,E14000645,Colne Valley,35.36780798710635,16.06761842840267,76,Male,6,0.8488347308062857
Conservatives,2019,E14000645,Colne Valley,35.36780798710635,16.06761842840267,28,Female,6,1.300906206994511
Conservatives,2019,E14000689,Elmet and Rothwell,31.7657569035263,20.55750178171708,80,Male,5,0.42441736540314284
Labour,2019,E14000689,Elmet and Rothwell,31.7657569035263,20.55750178171708,72,Female,4,0.6726980689456102
Labour,2019,E14000689,Elmet and Rothwell,31.7657569035263,20.55750178171708,58,Male,5,0.8108407314031972
Labour,2019,E14000689,Elmet and Rothwell,31.7657569035263,20.55750178171708,70,Male,5,0.7394846047368148
Labour,2019,E14000689,Elmet and Rothwell,31.7657569035263,20.55750178171708,30,Female,3,0.7312155086944885
Conservatives,2019,E14000689,Elmet and Rothwell,31.7657569035263,20.55750178171708,53,Male,4,0.355401468280185
Conservatives,2019,E14000689,Elmet and Rothwell,31.7657569035263,20.55750178171708,69,Male,8,0.6578088818141714
Conservatives,2019,E14000689,Elmet and Rothwell,31.7657569035263,20.55750178171708,24,Female,6,0.5259106634841524
Conservatives,2019,E14000689,Elmet and Rothwell,31.7657569035263,20.55750178171708,27,Male,8,0.7150311236858806
Conservatives,2019,E14000689,Elmet and Rothwell,31.7657569035263,20.55750178171708,74,Male,5,0.6578088818141714
Conservatives,2019,E14000689,Elmet and Rothwell,31.7657569035263,20.55750178171708,77,Male,,0.42441736540314284
Conservatives,2019,E14000689,Elmet and Rothwell,31.7657569035263,20.55750178171708,64,Male,10,0.6067528174409892
Labour,2019,E14000716,Great Grimsby,39.86945140124429,15.47204877440704,50,Male,2,0.7990585763124506
Conservatives,2019,E14000716,Great Grimsby,39.86945140124429,15.47204877440704,54,Male,3,0.71080293656037
Conservatives,2019,E14000716,Great Grimsby,39.86945140124429,15.47204877440704,78,Female,5,0.38608612039366175
Labour,2019,E14000716,Great Grimsby,39.86945140124429,15.47204877440704,25,Male,3,0.8361079475524337
Labour,2019,E14000716,Great Grimsby,39.86945140124429,15.47204877440704,71,Female,3,0.6726980689456102
Conservatives,2019,E14000716,Great Grimsby,39.86945140124429,15.47204877440704,69,Female,7,0.29919944356999445
Conservatives,2019,E14000716,Great Grimsby,39.86945140124429,15.47204877440704,53,Male,6,1.42160587312074
Conservatives,2019,E14000716,Great Grimsby,39.86945140124429,15.47204877440704,38,Female,5,0.3473035489935009
Labour,2019,E14000724,Haltemprice and Howden,30.80468599961591,21.19657926546843,66,Female,3,1.0090471034184088
Labour,2019,E14000724,Haltemprice and Howden,30.80468599961591,21.19657926546843,38,Female,4,0.6798630736553267
Conservatives,2019,E14000724,Haltemprice and Howden,30.80468599961591,21.19657926546843,,Male,4,
Conservatives,2019,E14000724,Haltemprice and Howden,30.80468599961591,21.19657926546843,63,Female,5,0.6561410314852058
Conservatives,2019,E14000724,Haltemprice and Howden,30.80468599961591,21.19657926546843,50,Female,5,0.2713417407951724
Conservatives,2019,E14000724,Haltemprice and Howden,30.80468599961591,21.19657926546843,54,Male,7,1.1931239241106957
Conservatives,2019,E14000724,Haltemprice and Howden,30.80468599961591,21.19657926546843,53,Female,7,1.293213569997734
Labour,2019,E14000724,Haltemprice and Howden,30.80468599961591,21.19657926546843,23,Female,3,0.5912094680766543
Conservatives,2019,E14000724,Haltemprice and Howden,30.80468599961591,21.19657926546843,44,Female,9,0.3473035489935009
Conservatives,2019,E14000724,Haltemprice and Howden,30.80468599961591,21.19657926546843,75,Male,7,0.8488347308062857
Conservatives,2019,E14000740,Hemsworth,35.36956220190143,18.1190580351903,46,Female,5,0.3233033924994335
Labour,2019,E14000740,Hemsworth,35.36956220190143,18.1190580351903,70,Male,,0.7394846047368148
Conservatives,2019,E14000740,Hemsworth,35.36956220190143,18.1190580351903,29,Female,5,0.6504531034972555
Labour,2019,E14000777,Leeds Central,54.35101635346975,9.043702070335724,58,Female,2,1.1064145029053674
Labour,2019,E14000778,Leeds East,42.02436778202373,14.4396574537679,60,Male,5,1.6216814628063945
Conservatives,2019,E14000778,Leeds East,42.02436778202373,14.4396574537679,99,Female,5,0.38608612039366175
Labour,2019,E14000778,Leeds East,42.02436778202373,14.4396574537679,23,Female,5,1.4172425621977693
Conservatives,2019,E14000778,Leeds East,42.02436778202373,14.4396574537679,68,Female,5,0.5983988871399889
Conservatives,2019,E14000778,Leeds East,42.02436778202373,14.4396574537679,73,Male,,0.6578088818141714
Conservatives,2019,E14000778,Leeds East,42.02436778202373,14.4396574537679,74,Female,8,0.5983988871399889
Conservatives,2019,E14000778,Leeds East,42.02436778202373,14.4396574537679,60,Female,5,0.6561410314852058
Labour,2019,E14000779,Leeds North East,37.76844172850284,15.20296813618507,34,Male,5,0.8361079475524337
Labour,2019,E14000779,Leeds North East,37.76844172850284,15.20296813618507,36,Male,,0.42918801015596014
Labour,2019,E14000779,Leeds North East,37.76844172850284,15.20296813618507,50,Male,3,0.6706330651767339
Conservatives,2019,E14000779,Leeds North East,37.76844172850284,15.20296813618507,41,Female,,0.6047725204869178
Labour,2019,E14000779,Leeds North East,37.76844172850284,15.20296813618507,31,Female,3,0.36560775434724424
Conservatives,2019,E14000779,Leeds North East,37.76844172850284,15.20296813618507,71,Female,,0.5983988871399889
Labour,2019,E14000781,Leeds West,43.16315755446846,12.96791155744241,43,Female,5,0.780851808941385
Labour,2019,E14000781,Leeds West,43.16315755446846,12.96791155744241,62,Female,4,0.36880483430178984
Labour,2019,E14000781,Leeds West,43.16315755446846,12.96791155744241,46,Male,,0.6706330651767339
Conservatives,2019,E14000781,Leeds West,43.16315755446846,12.96791155744241,66,Male,5,0.6578088818141714
Labour,2019,E14000781,Leeds West,43.16315755446846,12.96791155744241,27,Female,8,0.7312155086944885
Conservatives,2019,E14000781,Leeds West,43.16315755446846,12.96791155744241,29,Female,,0.6765875342629247
Labour,2019,E14000781,Leeds West,43.16315755446846,12.96791155744241,27,Female,4,0.7312155086944885
Labour,2019,E14000903,Rother Valley,34.13136309825808,18.82927447995941,36,Female,3,0.6798630736553267
Conservatives,2019,E14000903,Rother Valley,34.13136309825808,18.82927447995941,70,Male,7,0.6578088818141714
Labour,2019,E14000903,Rother Valley,34.13136309825808,18.82927447995941,51,Male,5,0.6706330651767339
Conservatives,2019,E14000903,Rother Valley,34.13136309825808,18.82927447995941,79,Female,10,0.38608612039366175
Labour,2019,E14000904,Rotherham,39.00687871389233,15.70286631659922,80,Female,5,0.43402384800017113
Labour,2019,E14000904,Rotherham,39.00687871389233,15.70286631659922,61,Female,7,1.4752193372071594
Labour,2019,E14000904,Rotherham,39.00687871389233,15.70286631659922,37,Female,3,0.33993153682766336
Conservatives,2019,E14000913,Scarborough and Whitby,32.14714730130699,22.35443895727882,70,Female,5,0.5983988871399889
Conservatives,2019,E14000913,Scarborough and Whitby,32.14714730130699,22.35443895727882,61,Male,6,0.6067528174409892
Labour,2019,E14000913,Scarborough and Whitby,32.14714730130699,22.35443895727882,54,Male,5,0.6706330651767339
Labour,2019,E14000913,Scarborough and Whitby,32.14714730130699,22.35443895727882,24,Female,1,0.9448283747985167
Conservatives,2019,E14000913,Scarborough and Whitby,32.14714730130699,22.35443895727882,61,Female,8,0.9842115472278143
Conservatives,2019,E14000913,Scarborough and Whitby,32.14714730130699,22.35443895727882,49,Female,5,0.646606784998867
Conservatives,2019,E14000913,Scarborough and Whitby,32.14714730130699,22.35443895727882,88,Female,5,0.38608612039366175
Labour,2019,E14000914,Scunthorpe,38.0854528100612,16.7637976531357,29,Male,5,0.8038117491133999
Labour,2019,E14000914,Scunthorpe,38.0854528100612,16.7637976531357,57,Male,2,1.216261097104785
Labour,2019,E14000914,Scunthorpe,38.0854528100612,16.7637976531357,,Female,3,
Labour,2019,E14000914,Scunthorpe,38.0854528100612,16.7637976531357,63,Male,6,0.8108407314031972
Conservatives,2019,E14000914,Scunthorpe,38.0854528100612,16.7637976531357,60,Female,8,0.9842115472278143
Conservatives,2019,E14000914,Scunthorpe,38.0854528100612,16.7637976531357,49,Male,7,0.5965619620553478
Labour,2019,E14000920,Sheffield South East,36.67319572095826,17.46486149077681,33,Male,1,0.8361079475524337
Labour,2019,E14000920,Sheffield South East,36.67319572095826,17.46486149077681,43,Female,5,0.6798630736553267
Labour,2019,E14000920,Sheffield South East,36.67319572095826,17.46486149077681,39,Female,4,0.6798630736553267
Labour,2019,E14000920,Sheffield South East,36.67319572095826,17.46486149077681,32,Male,3,0.41805397377621684
Conservatives,2019,E14000920,Sheffield South East,36.67319572095826,17.46486149077681,35,Female,6,0.3023862602434589
Labour,2019,E14000921,"Sheffield, Brightside and Hillsborough",43.02261548082398,13.99117034879922,50,Female,,0.36344580929518866
Labour,2019,E14000921,"Sheffield, Brightside and Hillsborough",43.02261548082398,13.99117034879922,61,Female,,0.7376096686035797
Labour,2019,E14000921,"Sheffield, Brightside and Hillsborough",43.02261548082398,13.99117034879922,57,Female,10,0.7376096686035797
Labour,2019,E14000922,"Sheffield, Hallam",37.26890192040825,18.86722771834012,22,Female,2,0.29560473403832715
Labour,2019,E14000922,"Sheffield, Hallam",37.26890192040825,18.86722771834012,51,Female,1,0.30503242733229224
Labour,2019,E14000922,"Sheffield, Hallam",37.26890192040825,18.86722771834012,27,Female,6,0.7312155086944885
Labour,2019,E14000922,"Sheffield, Hallam",37.26890192040825,18.86722771834012,54,Female,2,0.6100648546645845
Conservatives,2019,E14000922,"Sheffield, Hallam",37.26890192040825,18.86722771834012,78,Female,7,0.7721722407873235
Labour,2019,E14000922,"Sheffield, Hallam",37.26890192040825,18.86722771834012,76,Male,3,0.9542288539279546
Conservatives,2019,E14000922,"Sheffield, Hallam",37.26890192040825,18.86722771834012,51,Male,6,0.8948429430830267
Labour,2019,E14000923,"Sheffield, Heeley",36.44212868850705,17.80112554297819,85,Female,6,0.43402384800017113
Labour,2019,E14000923,"Sheffield, Heeley",36.44212868850705,17.80112554297819,75,Female,3,0.43402384800017113
Conservatives,2019,E14000923,"Sheffield, Heeley",36.44212868850705,17.80112554297819,53,Male,8,0.71080293656037
Conservatives,2019,E14000923,"Sheffield, Heeley",36.44212868850705,17.80112554297819,79,Male,7,0.42441736540314284
Labour,2019,E14000923,"Sheffield, Heeley",36.44212868850705,17.80112554297819,29,Male,5,0.40190587455669996
Labour,2019,E14000923,"Sheffield, Heeley",36.44212868850705,17.80112554297819,62,Female,4,0.3102431875761478
Conservatives,2019,E14000923,"Sheffield, Heeley",36.44212868850705,17.80112554297819,45,Female,6,0.646606784998867
Labour,2019,E14000923,"Sheffield, Heeley",36.44212868850705,17.80112554297819,51,Male,2,0.6706330651767339
Labour,2019,E14000923,"Sheffield, Heeley",36.44212868850705,17.80112554297819,22,Female,5,
Labour,2019,E14000925,Shipley,33.65974615449273,17.71560057157266,30,Male,5,0.8361079475524337
Labour,2019,E14000925,Shipley,33.65974615449273,17.71560057157266,32,Male,3,1.2057176236700875
Labour,2019,E14000925,Shipley,33.65974615449273,17.71560057157266,21,Female,4,0.29560473403832715
Conservatives,2019,E14000925,Shipley,33.65974615449273,17.71560057157266,48,Male,7,0.355401468280185
Conservatives,2019,E14000925,Shipley,33.65974615449273,17.71560057157266,69,Male,6,0.6578088818141714
Labour,2019,E14000925,Shipley,33.65974615449273,17.71560057157266,46,Female,2,0.36344580929518866
Conservatives,2019,E14000925,Shipley,33.65974615449273,17.71560057157266,47,Male,7,0.8948429430830267
Conservatives,2019,E14000925,Shipley,33.65974615449273,17.71560057157266,58,Male,8,0.7212837582244845
Conservatives,2019,E14000925,Shipley,33.65974615449273,17.71560057157266,61,Male,6,0.9101292261614875
Labour,2019,E14000928,Skipton and Ripon,30.87461970866158,21.70128744988213,38,Female,4,0.33993153682766336
Conservatives,2019,E14000928,Skipton and Ripon,30.87461970866158,21.70128744988213,26,Male,7,0.7150311236858806
Labour,2019,E14000928,Skipton and Ripon,30.87461970866158,21.70128744988213,23,Male,5,1.299811371549147
Labour,2019,E14000928,Skipton and Ripon,30.87461970866158,21.70128744988213,52,Female,3,0.6100648546645845
Conservatives,2019,E14000928,Skipton and Ripon,30.87461970866158,21.70128744988213,73,Female,10,0.29919944356999445
Conservatives,2019,E14000928,Skipton and Ripon,30.87461970866158,21.70128744988213,36,Female,3,0.6047725204869178
Conservatives,2019,E14000928,Skipton and Ripon,30.87461970866158,21.70128744988213,92,Male,8,0.42441736540314284
Conservatives,2019,E14000928,Skipton and Ripon,30.87461970866158,21.70128744988213,45,Female,5,1.293213569997734
Labour,2019,E14000928,Skipton and Ripon,30.87461970866158,21.70128744988213,80,Female,7,0.43402384800017113
Conservatives,2019,E14000928,Skipton and Ripon,30.87461970866158,21.70128744988213,74,Female,7,0.5983988871399889
Labour,2019,E14001028,Wentworth and Dearne,36.09823619471068,17.14204819529792,64,Female,0,0.7376096686035797
Conservatives,2019,E14001028,Wentworth and Dearne,36.09823619471068,17.14204819529792,59,Female,,0.6561410314852058
Labour,2019,E14001028,Wentworth and Dearne,36.09823619471068,17.14204819529792,92,Female,0,0.43402384800017113
Conservatives,2019,E14001028,Wentworth and Dearne,36.09823619471068,17.14204819529792,89,Male,,0.42441736540314284
Conservatives,2019,E14001062,York Outer,33.25684156598216,20.99325449344661,58,Female,6,0.6561410314852058
Conservatives,2019,E14001062,York Outer,33.25684156598216,20.99325449344661,63,Male,7,0.6067528174409892
Conservatives,2019,E14001062,York Outer,33.25684156598216,20.99325449344661,58,Male,4,0.7212837582244845
Conservatives,2019,E14001062,York Outer,33.25684156598216,20.99325449344661,55,Male,6,0.6067528174409892
Conservatives,2019,E14001062,York Outer,33.25684156598216,20.99325449344661,56,Female,6,0.5519539500962656
Conservatives,2019,E14001062,York Outer,33.25684156598216,20.99325449344661,50,Female,5,0.2713417407951724
Conservatives,2019,E14001062,York Outer,33.25684156598216,20.99325449344661,,Female,,
Labour,2019,E14001062,York Outer,33.25684156598216,20.99325449344661,35,Male,5,0.7473609625268799
Labour,2019,E14001062,York Outer,33.25684156598216,20.99325449344661,34,Male,,0.8038117491133999
Conservatives,2019,E14000535,Ashfield,35.06780226465451,17.48042467178209,71,Male,8,0.41419648276654925
Conservatives,2019,E14000535,Ashfield,35.06780226465451,17.48042467178209,75,Female,7,0.9724132192986185
Conservatives,2019,E14000535,Ashfield,35.06780226465451,17.48042467178209,49,Female,7,1.2214288837552079
Labour,2019,E14000535,Ashfield,35.06780226465451,17.48042467178209,66,Male,2,0.9312489715775112
Conservatives,2019,E14000664,Derbyshire Dales,28.73285625309827,22.4257369110114,61,Female,10,0.34754377920296853
Conservatives,2019,E14000664,Derbyshire Dales,28.73285625309827,22.4257369110114,52,Male,6,1.3426942888859101
Labour,2019,E14000664,Derbyshire Dales,28.73285625309827,22.4257369110114,53,Female,2,1.3730855272535054
Conservatives,2019,E14000664,Derbyshire Dales,28.73285625309827,22.4257369110114,75,Female,10,0.48620660964930923
Conservatives,2019,E14000664,Derbyshire Dales,28.73285625309827,22.4257369110114,29,Male,,0.9366333494194334
Labour,2019,E14000664,Derbyshire Dales,28.73285625309827,22.4257369110114,57,Female,2,0.3906959624562332
Conservatives,2019,E14000664,Derbyshire Dales,28.73285625309827,22.4257369110114,68,Male,8,0.8283929655330985
Conservatives,2019,E14000664,Derbyshire Dales,28.73285625309827,22.4257369110114,76,Male,8,1.0689559526177648
Conservatives,2019,E14000748,High Peak,33.88196981032434,17.2391409585002,87,Female,5,0.48620660964930923
Conservatives,2019,E14000748,High Peak,33.88196981032434,17.2391409585002,37,Female,7,0.43736687789534695
Conservatives,2019,E14000748,High Peak,33.88196981032434,17.2391409585002,34,Male,5,0.9004541735055779
Labour,2019,E14000748,High Peak,33.88196981032434,17.2391409585002,45,Male,4,0.8445427372676346
Conservatives,2019,E14000748,High Peak,33.88196981032434,17.2391409585002,51,Female,4,0.6834130567234417
Conservatives,2019,E14000748,High Peak,33.88196981032434,17.2391409585002,73,Male,3,0.41419648276654925
Labour,2019,E14000748,High Peak,33.88196981032434,17.2391409585002,42,Female,4,1.475015381063744
Labour,2019,E14000748,High Peak,33.88196981032434,17.2391409585002,85,Female,3,0.546575627810559
Conservatives,2019,E14000792,Lincoln,42.89314800534166,14.87200707205598,69,Male,6,0.41419648276654925
Conservatives,2019,E14000792,Lincoln,42.89314800534166,14.87200707205598,34,Female,5,0.8520413290940022
Conservatives,2019,E14000792,Lincoln,42.89314800534166,14.87200707205598,86,Male,8,0.5344779763088824
Conservatives,2019,E14000792,Lincoln,42.89314800534166,14.87200707205598,69,Female,6,0.37678833654729765
Conservatives,2019,E14000798,Louth and Horncastle,28.36558806832843,26.42204675646385,41,Male,,0.48078935819208807
Conservatives,2019,E14000798,Louth and Horncastle,28.36558806832843,26.42204675646385,54,Male,7,0.7512633935685883
Conservatives,2019,E14000829,Newark,32.48531894033577,19.30117145254051,60,Female,4,0.34754377920296853
Conservatives,2019,E14000829,Newark,32.48531894033577,19.30117145254051,50,Male,6,0.8951295259239431
Conservatives,2019,E14000829,Newark,32.48531894033577,19.30117145254051,,Male,5,
Conservatives,2019,E14000829,Newark,32.48531894033577,19.30117145254051,64,Female,6,0.4131463027535734
Conservatives,2019,E14000829,Newark,32.48531894033577,19.30117145254051,65,Male,9,0.8283929655330985
Conservatives,2019,E14000829,Newark,32.48531894033577,19.30117145254051,47,Male,7,0.7512633935685883
Labour,2019,E14000861,Northampton North,39.97122702803044,15.16846111007982,37,Female,6,0.4916717936879167
Labour,2019,E14000861,Northampton North,39.97122702803044,15.16846111007982,50,Male,,1.0062717636778662
Labour,2019,E14000861,Northampton North,39.97122702803044,15.16846111007982,73,Male,0,0.4656244857887556
Conservatives,2019,E14000861,Northampton North,39.97122702803044,15.16846111007982,75,Female,5,0.48620660964930923
Labour,2019,E14000861,Northampton North,39.97122702803044,15.16846111007982,30,Male,5,0.5264644194743506
Labour,2019,E14000861,Northampton North,39.97122702803044,15.16846111007982,37,Female,5,0.8561662867618108
Conservatives,2019,E14000861,Northampton North,39.97122702803044,15.16846111007982,,Female,,
Labour,2019,E14000861,Northampton North,39.97122702803044,15.16846111007982,37,Male,4,1.0809715050481077
Conservatives,2019,E14000929,Sleaford and North Hykeham,30.98977092637948,21.44863852470825,75,Female,8,0.9724132192986185
Labour,2019,E14000929,Sleaford and North Hykeham,30.98977092637948,21.44863852470825,68,Female,0,1.6942864824365858
Conservatives,2019,E14000929,Sleaford and North Hykeham,30.98977092637948,21.44863852470825,52,Female,8,1.0251195850851553
Conservatives,2019,E14000929,Sleaford and North Hykeham,30.98977092637948,21.44863852470825,63,Female,5,1.3901751168118741
Conservatives,2019,E14000929,Sleaford and North Hykeham,30.98977092637948,21.44863852470825,79,Male,8,1.0689559526177648
Conservatives,2019,E14000929,Sleaford and North Hykeham,30.98977092637948,21.44863852470825,52,Male,7,0.7512633935685883
Conservatives,2019,E14000929,Sleaford and North Hykeham,30.98977092637948,21.44863852470825,70,Female,5,1.5071533461891906
Conservatives,2019,E14000590,Braintree,35.31275551921505,16.69358135731807,79,Female,5,0.5358877042049508
Conservatives,2019,E14000590,Braintree,35.31275551921505,16.69358135731807,52,Female,7,0.4487452503901004
Conservatives,2019,E14000590,Braintree,35.31275551921505,16.69358135731807,66,Female,7,0.8305779174379126
Conservatives,2019,E14000590,Braintree,35.31275551921505,16.69358135731807,60,Female,5,0.3830561622396026
Conservatives,2019,E14000590,Braintree,35.31275551921505,16.69358135731807,83,Male,7,2.356365956265946
Conservatives,2019,E14000590,Braintree,35.31275551921505,16.69358135731807,57,Female,8,0.91072403907906
Conservatives,2019,E14000590,Braintree,35.31275551921505,16.69358135731807,42,Female,5,0.48205747811548755
Conservatives,2019,E14000628,Chelmsford,37.35582030657156,15.28684170587343,40,Male,5,0.9227639270660063
Conservatives,2019,E14000628,Chelmsford,37.35582030657156,15.28684170587343,65,Male,8,0.9130390160661516
Conservatives,2019,E14000628,Chelmsford,37.35582030657156,15.28684170587343,58,Female,8,0.7661123244792052
Conservatives,2019,E14000642,Clacton,28.80539837626964,30.20771096193723,80,Male,7,1.178182978132973
Conservatives,2019,E14000644,Colchester,42.16646717613479,13.29067305036369,45,Male,,0.9865947872642913
Conservatives,2019,E14000644,Colchester,42.16646717613479,13.29067305036369,53,Male,10,0.8280282646158933
Conservatives,2019,E14000644,Colchester,42.16646717613479,13.29067305036369,57,Male,8,0.4210865881772834
Labour,2019,E14000644,Colchester,42.16646717613479,13.29067305036369,73,Male,5,0.5132024776276107
Conservatives,2019,E14000644,Colchester,42.16646717613479,13.29067305036369,78,Male,7,1.178182978132973
Conservatives,2019,E14000644,Colchester,42.16646717613479,13.29067305036369,67,Female,5,0.4152889587189563
Labour,2019,E14000729,Harlow,37.8568405976368,15.55938934279483,,Female,6,
Conservatives,2019,E14000729,Harlow,37.8568405976368,15.55938934279483,32,Male,,1.0323395143973966
Conservatives,2019,E14000729,Harlow,37.8568405976368,15.55938934279483,58,Female,5,0.91072403907906
Labour,2019,E14000729,Harlow,37.8568405976368,15.55938934279483,33,Female,,1.0149274463267604
Labour,2019,E14000729,Harlow,37.8568405976368,15.55938934279483,36,Female,,0.9436502440010011
Labour,2019,E14000800,Luton North,42.87345750755455,13.82558339312966,55,Female,6,0.5119012715405531
Conservatives,2019,E14000800,Luton North,42.87345750755455,13.82558339312966,35,Female,5,0.4197122616574905
Conservatives,2019,E14000816,Mid Norfolk,32.51602564102564,22.20452724358974,35,Female,6,1.2591367849724715
Conservatives,2019,E14000816,Mid Norfolk,32.51602564102564,22.20452724358974,42,Female,7,0.9641149562309751
Labour,2019,E14000816,Mid Norfolk,32.51602564102564,22.20452724358974,24,Female,3,0.8205990006291748
Conservatives,2019,E14000816,Mid Norfolk,32.51602564102564,22.20452724358974,72,Female,,0.8305779174379126
Conservatives,2019,E14000816,Mid Norfolk,32.51602564102564,22.20452724358974,19,Male,6,2.564791574411858
Labour,2019,E14000863,Norwich North,35.28711420459749,19.12263027749794,56,Female,2,1.2918530407093543
Conservatives,2019,E14000863,Norwich North,35.28711420459749,19.12263027749794,53,Female,,0.7532449101326956
Labour,2019,E14000863,Norwich North,35.28711420459749,19.12263027749794,38,Male,,1.191426292145703
Conservatives,2019,E14000863,Norwich North,35.28711420459749,19.12263027749794,32,Male,8,0.9924635128463674
Conservatives,2019,E14000863,Norwich North,35.28711420459749,19.12263027749794,47,Female,7,0.8974905007802008
Conservatives,2019,E14000946,South Suffolk,31.29087104368297,21.71614787688552,87,Male,5,0.5890914890664865
Conservatives,2019,E14000946,South Suffolk,31.29087104368297,21.71614787688552,26,Male,8,0.4962317564231837
Conservatives,2019,E14000946,South Suffolk,31.29087104368297,21.71614787688552,73,Female,5,0.4152889587189563
Conservatives,2019,E14000946,South Suffolk,31.29087104368297,21.71614787688552,31,Female,,0.9028291925405764
Conservatives,2019,E14000946,South Suffolk,31.29087104368297,21.71614787688552,61,Female,10,0.91072403907906
Labour,2019,E14000540,Barking,47.58529346839665,9.227964321045189,32,Female,,0.4857506235805482
Conservatives,2019,E14000540,Barking,47.58529346839665,9.227964321045189,63,Female,5,0.3525029995157799
Labour,2019,E14000540,Barking,47.58529346839665,9.227964321045189,54,Female,6,0.9284523675618215
Conservatives,2019,E14000540,Barking,47.58529346839665,9.227964321045189,55,Female,,0.7050059990315598
Labour,2019,E14000540,Barking,47.58529346839665,9.227964321045189,48,Female,5,1.856904735123643
Conservatives,2019,E14000551,Beckenham,33.90146073484961,17.91152842744021,55,Female,5,1.6761665110908137
Labour,2019,E14000551,Beckenham,33.90146073484961,17.91152842744021,42,Female,4,0.49868762562737884
Labour,2019,E14000551,Beckenham,33.90146073484961,17.91152842744021,27,Male,2,1.026701783940763
Conservatives,2019,E14000551,Beckenham,33.90146073484961,17.91152842744021,53,Female,7,1.238857867651467
Conservatives,2019,E14000551,Beckenham,33.90146073484961,17.91152842744021,59,Female,7,0.3525029995157799
Labour,2019,E14000551,Beckenham,33.90146073484961,17.91152842744021,50,Male,5,0.4282969023195312
Labour,2019,E14000551,Beckenham,33.90146073484961,17.91152842744021,20,Female,3,1.8102316475097644
Conservatives,2019,E14000551,Beckenham,33.90146073484961,17.91152842744021,,Male,9,
Labour,2019,E14000551,Beckenham,33.90146073484961,17.91152842744021,70,Male,3,0.944537279677065
Conservatives,2019,E14000629,Chelsea and Fulham,39.45239694598711,11.56891870157147,76,Male,6,1.0842092484352923
Conservatives,2019,E14000629,Chelsea and Fulham,39.45239694598711,11.56891870157147,55,Female,4,1.4100119980631196
Conservatives,2019,E14000629,Chelsea and Fulham,39.45239694598711,11.56891870157147,50,Male,7,0.7619834262798675
Conservatives,2019,E14000629,Chelsea and Fulham,39.45239694598711,11.56891870157147,34,Female,6,0.8308181143993655
Labour,2019,E14000655,Croydon North,43.92255446767222,9.732880538649262,36,Female,,0.8683832145117237
Labour,2019,E14000655,Croydon North,43.92255446767222,9.732880538649262,24,Male,3,1.3266362192665095
Labour,2019,E14000655,Croydon North,43.92255446767222,9.732880538649262,24,Female,3,1.8102316475097644
Labour,2019,E14000690,Eltham,39.04232444657361,14.29048897603583,49,Female,5,1.1688458310566514
Conservatives,2019,E14000690,Eltham,39.04232444657361,14.29048897603583,50,Female,,0.412952622550491
Conservatives,2019,E14000690,Eltham,39.04232444657361,14.29048897603583,55,Male,7,1.3819342441437417
Conservatives,2019,E14000690,Eltham,39.04232444657361,14.29048897603583,33,Female,,1.2962990946313697
Labour,2019,E14000690,Eltham,39.04232444657361,14.29048897603583,63,Male,5,1.0356798421293667
Conservatives,2019,E14000690,Eltham,39.04232444657361,14.29048897603583,72,Female,5,0.7643297147776953
Labour,2019,E14000732,Harrow West,41.3027408438535,11.95315125042,48,Female,3,0.9284523675618215
Conservatives,2019,E14000732,Harrow West,41.3027408438535,11.95315125042,48,Male,5,0.7619834262798675
Conservatives,2019,E14000732,Harrow West,41.3027408438535,11.95315125042,58,Male,6,1.1625001763750105
Labour,2019,E14000732,Harrow West,41.3027408438535,11.95315125042,58,Male,5,0.8712266913173176
Labour,2019,E14000732,Harrow West,41.3027408438535,11.95315125042,,,5,
Conservatives,2019,E14000770,Kingston and Surbiton,39.98830528296131,12.95486517177675,55,Female,5,0.8380832555454069
Conservatives,2019,E14000770,Kingston and Surbiton,39.98830528296131,12.95486517177675,72,Male,7,0.42010679316123184
Labour,2019,E14000789,"Lewisham, Deptford",45.20194634263076,7.354622563748039,66,Female,,0.429615708032242
Labour,2019,E14000789,"Lewisham, Deptford",45.20194634263076,7.354622563748039,,Male,0,
Labour,2019,E14000789,"Lewisham, Deptford",45.20194634263076,7.354622563748039,61,Male,5,0.8712266913173176
Labour,2019,E14000789,"Lewisham, Deptford",45.20194634263076,7.354622563748039,39,Female,3,1.7367664290234475
Conservatives,2019,E14000789,"Lewisham, Deptford",45.20194634263076,7.354622563748039,37,Female,6,0.7724707014386825
Labour,2019,E14000869,Old Bexley and Sidcup,35.97507195246495,18.66470151332281,46,Male,,2.0412611949951036
Conservatives,2019,E14000869,Old Bexley and Sidcup,35.97507195246495,18.66470151332281,58,Male,2,0.9212894960958325
Conservatives,2019,E14000869,Old Bexley and Sidcup,35.97507195246495,18.66470151332281,92,Female,6,
Conservatives,2019,E14000869,Old Bexley and Sidcup,35.97507195246495,18.66470151332281,,Male,5,
Labour,2019,E14000869,Old Bexley and Sidcup,35.97507195246495,18.66470151332281,35,Male,3,0.9545976832515781
Conservatives,2019,E14000869,Old Bexley and Sidcup,35.97507195246495,18.66470151332281,60,Male,7,0.7750001175833483
Conservatives,2019,E14000869,Old Bexley and Sidcup,35.97507195246495,18.66470151332281,65,Male,7,0.8402135863224637
Labour,2019,E14000978,Streatham,44.06411348504077,7.925525441997113,46,Female,6,1.856904735123643
Labour,2019,E14000978,Streatham,44.06411348504077,7.925525441997113,36,Male,5,1.6445943823008957
Labour,2019,E14000978,Streatham,44.06411348504077,7.925525441997113,34,Male,2,2.13590687686759
Labour,2019,E14000978,Streatham,44.06411348504077,7.925525441997113,24,Female,2,1.2068210983398353
Labour,2019,E14000978,Streatham,44.06411348504077,7.925525441997113,45,Male,3,1.2848907069585938
Labour,2019,E14000978,Streatham,44.06411348504077,7.925525441997113,24,Male,3,0.8301189024843182
Labour,2019,E14000978,Streatham,44.06411348504077,7.925525441997113,54,Male,2,2.0412611949951036
Labour,2019,E14000978,Streatham,44.06411348504077,7.925525441997113,19,Male,3,1.3266362192665095
Labour,2019,E14001036,Westminster North,40.10327906757671,10.63020784270067,30,Female,,1.457251870741641
Labour,2019,E14001036,Westminster North,40.10327906757671,10.63020784270067,38,Male,4,1.9091953665031562
Conservatives,2019,E14000574,Blaydon,32.59591531586639,19.81287026653527,45,Male,8,0.3701208640962075
Labour,2019,E14000574,Blaydon,32.59591531586639,19.81287026653527,25,Female,3,0.7920958637206302
Conservatives,2019,E14000574,Blaydon,32.59591531586639,19.81287026653527,65,Male,6,1.0275792876942151
Labour,2019,E14000574,Blaydon,32.59591531586639,19.81287026653527,33,Male,,0.4353682013798637
Conservatives,2019,E14000574,Blaydon,32.59591531586639,19.81287026653527,66,Male,4,0.3425264292314063
Conservatives,2019,E14000574,Blaydon,32.59591531586639,19.81287026653527,45,Male,7,0.740241728192415
Conservatives,2019,E14000574,Blaydon,32.59591531586639,19.81287026653527,61,Female,5,0.6833159320288069
Conservatives,2019,E14000853,North Tyneside,35.11985260970972,16.43636933811568,58,Female,5,0.34165796601440346
Labour,2019,E14000853,North Tyneside,35.11985260970972,16.43636933811568,31,Male,3,0.8371026169143194
Labour,2019,E14000853,North Tyneside,35.11985260970972,16.43636933811568,24,Female,3,0.4919798111629517
Conservatives,2019,E14000853,North Tyneside,35.11985260970972,16.43636933811568,43,Male,7,0.34617472791389287
Labour,2019,E14000853,North Tyneside,35.11985260970972,16.43636933811568,53,Female,4,1.5139934861769557
Labour,2019,E14000970,Stockton North,38.58833244597047,16.08988080362478,40,Female,7,0.4065958810679813
Labour,2019,E14000970,Stockton North,38.58833244597047,16.08988080362478,34,Female,3,1.1881437955809329
Labour,2019,E14000970,Stockton North,38.58833244597047,16.08988080362478,39,Male,5,0.8939267355723115
Conservatives,2019,E14000970,Stockton North,38.58833244597047,16.08988080362478,78,Female,8,0.4020763594116577
Labour,2019,E14001020,Washington and Sunderland West,36.31839673207777,15.31274331689593,69,Male,5,0.38505564174436824
Labour,2019,E14001020,Washington and Sunderland West,36.31839673207777,15.31274331689593,29,Female,5,0.3960479318603151
Labour,2019,E14001020,Washington and Sunderland West,36.31839673207777,15.31274331689593,47,Female,3,0.37849837154423893
Labour,2019,E14001020,Washington and Sunderland West,36.31839673207777,15.31274331689593,48,Female,0,1.2706629055633145
Labour,2019,E14000559,Birkenhead,38.46517597784233,15.69614267378234,59,Male,3,0.47126138286167735
Labour,2019,E14000559,Birkenhead,38.46517597784233,15.69614267378234,64,Female,3,0.42869942144706896
Labour,2019,E14000559,Birkenhead,38.46517597784233,15.69614267378234,37,Male,3,0.49888893673047324
Labour,2019,E14000559,Birkenhead,38.46517597784233,15.69614267378234,48,Male,3,0.3897725576033015
Conservatives,2019,E14000559,Birkenhead,38.46517597784233,15.69614267378234,55,Female,,0.7626995484425125
Labour,2019,E14000570,Blackburn,44.92754974544506,12.37248941685471,68,Male,5,0.859578272122851
Conservatives,2019,E14000637,Chorley,34.69430750431889,16.73829688619222,45,Male,7,1.0401670919307109
Labour,2019,E14000637,Chorley,34.69430750431889,16.73829688619222,24,Male,0,1.810962405024265
Conservatives,2019,E14000637,Chorley,34.69430750431889,16.73829688619222,48,Female,5,0.751616922694492
Labour,2019,E14000688,Ellesmere Port and Neston,33.98225812018915,18.58180019099559,45,Female,5,0.7091405152945638
Conservatives,2019,E14000688,Ellesmere Port and Neston,33.98225812018915,18.58180019099559,71,Male,,0.7646382607493681
Labour,2019,E14000688,Ellesmere Port and Neston,33.98225812018915,18.58180019099559,47,Male,5,0.3897725576033015
Conservatives,2019,E14000688,Ellesmere Port and Neston,33.98225812018915,18.58180019099559,68,Male,7,0.7646382607493681
Labour,2019,E14000688,Ellesmere Port and Neston,33.98225812018915,18.58180019099559,57,Female,4,1.4425090199653459
Conservatives,2019,E14000688,Ellesmere Port and Neston,33.98225812018915,18.58180019099559,56,Male,5,0.8384215744769168
Conservatives,2019,E14000688,Ellesmere Port and Neston,33.98225812018915,18.58180019099559,78,Male,8,0.9866870608942708
Labour,2019,E14000738,Hazel Grove,32.1725840880098,21.08673411390247,59,Female,5,1.2860982643412047
Conservatives,2019,E14000738,Hazel Grove,32.1725840880098,21.08673411390247,,Female,9,
Conservatives,2019,E14000738,Hazel Grove,32.1725840880098,21.08673411390247,69,Male,5,0.38231913037468407
Conservatives,2019,E14000738,Hazel Grove,32.1725840880098,21.08673411390247,40,Female,5,1.6148251505639721
Conservatives,2019,E14000738,Hazel Grove,32.1725840880098,21.08673411390247,73,Female,8,1.0433699596040078
Conservatives,2019,E14000785,Leigh,36.36902045690651,15.59559987184093,38,Male,6,0.8875737818421026
Labour,2019,E14000785,Leigh,36.36902045690651,15.59559987184093,,Male,8,
Conservatives,2019,E14000785,Leigh,36.36902045690651,15.59559987184093,76,Female,5,0.8975744407193212
Labour,2019,E14000785,Leigh,36.36902045690651,15.59559987184093,22,Female,,0.34361148952713333
Labour,2019,E14000796,"Liverpool, West Derby",38.97853916078509,14.95631620221567,19,Female,,2.196540500396187
Conservatives,2019,E14000796,"Liverpool, West Derby",38.97853916078509,14.95631620221567,82,Male,6,0.9866870608942708
Labour,2019,E14000796,"Liverpool, West Derby",38.97853916078509,14.95631620221567,64,Female,0,0.8573988428941379
Conservatives,2019,E14000877,Penrith and the Border,29.80459208597949,21.69027845627748,78,Female,8,0.4487872203596606
Labour,2019,E14000877,Penrith and the Border,29.80459208597949,21.69027845627748,75,Male,0,0.5545986922615328
Conservatives,2019,E14000877,Penrith and the Border,29.80459208597949,21.69027845627748,90,Male,6,0.9866870608942708
Labour,2019,E14000877,Penrith and the Border,29.80459208597949,21.69027845627748,79,Male,3,1.1091973845230656
Conservatives,2019,E14000894,Ribble Valley,33.25630100382755,19.0304243312115,60,Male,7,1.2576323617153689
Conservatives,2019,E14000894,Ribble Valley,33.25630100382755,19.0304243312115,61,Male,7,0.35264529855034465
Labour,2019,E14000894,Ribble Valley,33.25630100382755,19.0304243312115,51,Female,3,1.4182810305891276
Labour,2019,E14000894,Ribble Valley,33.25630100382755,19.0304243312115,53,Male,5,0.928827166856368
Labour,2019,E14000894,Ribble Valley,33.25630100382755,19.0304243312115,53,Male,2,0.779545115206603
Conservatives,2019,E14000894,Ribble Valley,33.25630100382755,19.0304243312115,73,Female,5,0.6955799730693445
Conservatives,2019,E14000894,Ribble Valley,33.25630100382755,19.0304243312115,27,Female,,0.7560878904302633
Conservatives,2019,E14000894,Ribble Valley,33.25630100382755,19.0304243312115,59,Male,8,0.4192107872384584
Labour,2019,E14000894,Ribble Valley,33.25630100382755,19.0304243312115,74,Female,4,0.39097273970324353
Conservatives,2019,E14000894,Ribble Valley,33.25630100382755,19.0304243312115,42,Female,,0.7029886962589863
Labour,2019,E14000894,Ribble Valley,33.25630100382755,19.0304243312115,71,Female,5,0.7819454794064871
Labour,2019,E14000916,Sefton Central,29.719868173258,24.13841807909604,57,Female,1,0.8573988428941379
Conservatives,2019,E14000916,Sefton Central,29.719868173258,24.13841807909604,65,Female,7,0.6955799730693445
Conservatives,2019,E14000916,Sefton Central,29.719868173258,24.13841807909604,70,Female,5,0.6955799730693445
Labour,2019,E14000916,Sefton Central,29.719868173258,24.13841807909604,66,Female,5,0.7819454794064871
Conservatives,2019,E14000916,Sefton Central,29.719868173258,24.13841807909604,65,Female,7,1.0433699596040078
Conservatives,2019,E14000916,Sefton Central,29.719868173258,24.13841807909604,79,Male,7,0.9866870608942708
Labour,2019,E14000987,Tatton,30.76749676699847,20.5001957597257,50,Male,0,1.1693176728098946
Labour,2019,E14000987,Tatton,30.76749676699847,20.5001957597257,80,Male,5,0.5545986922615328
Labour,2019,E14000987,Tatton,30.76749676699847,20.5001957597257,64,Female,,0.8573988428941379
Conservatives,2019,E14000987,Tatton,30.76749676699847,20.5001957597257,62,Male,8,0.4192107872384584
Labour,2019,E14001053,Workington,32.08784758112885,20.20596454959611,,,8,
Labour,2019,E14001053,Workington,32.08784758112885,20.20596454959611,31,Male,5,1.9437868490070602
Conservatives,2019,E14001053,Workington,32.08784758112885,20.20596454959611,70,Male,10,0.38231913037468407
Labour,2019,E14001053,Workington,32.08784758112885,20.20596454959611,39,Female,6,0.9076635867932874
Conservatives,2019,E14001053,Workington,32.08784758112885,20.20596454959611,63,Female,5,0.7626995484425125
Conservatives,2019,S14000014,"Dumfriesshire, Clydesdale and Tweeddale",30.56105839965709,21.14018929783709,54,Female,7,0.7415052283157392
Conservatives,2019,S14000014,"Dumfriesshire, Clydesdale and Tweeddale",30.56105839965709,21.14018929783709,57,Male,,0.6958021426091082
Conservatives,2019,S14000014,"Dumfriesshire, Clydesdale and Tweeddale",30.56105839965709,21.14018929783709,18,Male,6,2.1190267309941233
Conservatives,2019,S14000014,"Dumfriesshire, Clydesdale and Tweeddale",30.56105839965709,21.14018929783709,46,Female,5,0.7415052283157392
Conservatives,2019,S14000014,"Dumfriesshire, Clydesdale and Tweeddale",30.56105839965709,21.14018929783709,64,Male,5,0.8271420749530535
Conservatives,2019,S14000016,Dundee West,42.47192522358954,16.21500459507319,46,Male,8,1.3682312779291703
Labour,2019,S14000016,Dundee West,42.47192522358954,16.21500459507319,18,Female,3,1.6252424101350653
Conservatives,2019,S14000021,East Renfrewshire,34.64570406518427,17.97425309691523,73,Male,7,0.7543513869849002
Labour,2019,S14000021,East Renfrewshire,34.64570406518427,17.97425309691523,25,Male,4,0.9217821841294912
Conservatives,2019,S14000021,East Renfrewshire,34.64570406518427,17.97425309691523,90,Female,8,0.44274957129090703
Conservatives,2019,S14000022,Edinburgh East,43.85399836330446,13.28031558847598,73,Male,5,0.7543513869849002
Labour,2019,S14000022,Edinburgh East,43.85399836330446,13.28031558847598,33,Male,3,0.9217821841294912
Conservatives,2019,S14000022,Edinburgh East,43.85399836330446,13.28031558847598,75,Male,,0.9734129079235487
Labour,2019,S14000024,Edinburgh South,40.70012995451592,15.42861784089854,43,Female,5,0.7796423349549572
Labour,2019,S14000024,Edinburgh South,40.70012995451592,15.42861784089854,88,Female,3,1.9908912802788301
Labour,2019,S14000024,Edinburgh South,40.70012995451592,15.42861784089854,45,Female,5,0.6996002668704834
Labour,2019,S14000024,Edinburgh South,40.70012995451592,15.42861784089854,37,Male,2,0.4285232339108058
Labour,2019,S14000024,Edinburgh South,40.70012995451592,15.42861784089854,78,Male,2,2.1885501377735976
Labour,2019,S14000024,Edinburgh South,40.70012995451592,15.42861784089854,52,Female,4,0.6996002668704834
Labour,2019,S14000030,Glasgow East,37.24628727031418,15.54541086016338,54,Female,,0.6996002668704834
Labour,2019,S14000030,Glasgow East,37.24628727031418,15.54541086016338,56,Male,4,0.39109761712497154
Labour,2019,S14000030,Glasgow East,37.24628727031418,15.54541086016338,69,Male,9,0.8480141461434074
Labour,2019,S14000038,Inverclyde,33.79026814751181,18.13339878505246,42,Female,5,0.44772627839874385
Labour,2019,S14000038,Inverclyde,33.79026814751181,18.13339878505246,52,Female,4,0.41678648299723686
Conservatives,2019,S14000038,Inverclyde,33.79026814751181,18.13339878505246,70,Female,8,0.6862221580823635
Labour,2019,S14000038,Inverclyde,33.79026814751181,18.13339878505246,50,Female,3,0.6996002668704834
Conservatives,2019,S14000038,Inverclyde,33.79026814751181,18.13339878505246,63,Male,10,0.41357103747652674
Labour,2019,S14000041,Kirkcaldy and Cowdenbeath,34.19074041605215,18.13756329995152,73,Male,7,0.4240070730717037
Labour,2019,S14000041,Kirkcaldy and Cowdenbeath,34.19074041605215,18.13756329995152,94,Female,7,0.49772282006970753
Conservatives,2019,S14000041,Kirkcaldy and Cowdenbeath,34.19074041605215,18.13756329995152,68,Female,9,0.34311107904118177
Conservatives,2019,S14000054,Perth and North Perthshire,32.80254124397991,20.01741981760426,78,Male,,0.48670645396177437
Conservatives,2019,S14000054,Perth and North Perthshire,32.80254124397991,20.01741981760426,54,Female,5,0.6223297500977123
Labour,2019,E14000538,Aylesbury,37.4813703981412,14.18349116424598,42,Male,3,0.9642274443196234
Labour,2019,E14000538,Aylesbury,37.4813703981412,14.18349116424598,37,Male,6,0.9642274443196234
Labour,2019,E14000538,Aylesbury,37.4813703981412,14.18349116424598,33,Female,1,0.4716984807525319
Conservatives,2019,E14000538,Aylesbury,37.4813703981412,14.18349116424598,55,Male,5,1.8611665037215126
Conservatives,2019,E14000538,Aylesbury,37.4813703981412,14.18349116424598,80,Female,5,0.4981191844644507
Conservatives,2019,E14000538,Aylesbury,37.4813703981412,14.18349116424598,34,Male,5,0.4797909272475049
Conservatives,2019,E14000586,Bracknell,37.88686587378039,13.20470390752415,37,Male,6,0.49256920463209913
Labour,2019,E14000586,Bracknell,37.88686587378039,13.20470390752415,21,Male,4,2.6800380384080125
Labour,2019,E14000586,Bracknell,37.88686587378039,13.20470390752415,39,Male,2,0.9642274443196234
Conservatives,2019,E14000586,Bracknell,37.88686587378039,13.20470390752415,42,Male,6,0.8577289816441399
Conservatives,2019,E14000700,Faversham and Mid Kent,34.83686048015172,17.93888194474376,24,Female,6,1.0843577874396435
Conservatives,2019,E14000700,Faversham and Mid Kent,34.83686048015172,17.93888194474376,32,Male,4,0.9595818544950098
Labour,2019,E14000700,Faversham and Mid Kent,34.83686048015172,17.93888194474376,38,Female,,1.007436542553981
Conservatives,2019,E14000700,Faversham and Mid Kent,34.83686048015172,17.93888194474376,87,Female,7,0.4981191844644507
Conservatives,2019,E14000700,Faversham and Mid Kent,34.83686048015172,17.93888194474376,72,Male,8,0.42434473351263274
Conservatives,2019,E14000700,Faversham and Mid Kent,34.83686048015172,17.93888194474376,56,Female,,0.8465376459630983
Labour,2019,E14000700,Faversham and Mid Kent,34.83686048015172,17.93888194474376,32,Female,4,0.9433969615050638
Labour,2019,E14000755,Hove,35.47762974547132,14.60607701021523,39,Female,,2.014873085107962
Conservatives,2019,E14000755,Hove,35.47762974547132,14.60607701021523,74,Female,,
Conservatives,2019,E14000755,Hove,35.47762974547132,14.60607701021523,80,Female,,0.4981191844644507
Labour,2019,E14000755,Hove,35.47762974547132,14.60607701021523,75,Female,1,0.5599673072513698
Labour,2019,E14000755,Hove,35.47762974547132,14.60607701021523,61,Female,3,0.4002684256650124
Conservatives,2019,E14000821,Milton Keynes North,40.27980755020608,11.22596430154846,,Female,5,
Conservatives,2019,E14000821,Milton Keynes North,40.27980755020608,11.22596430154846,37,Male,8,0.9851384092641983
Conservatives,2019,E14000821,Milton Keynes North,40.27980755020608,11.22596430154846,31,Male,6,0.9225162506073883
Labour,2019,E14000824,Mole Valley,31.46170277693012,20.50235181463281,52,Male,5,0.8652349252030106
Conservatives,2019,E14000824,Mole Valley,31.46170277693012,20.50235181463281,67,Female,,0.7720400965014866
Conservatives,2019,E14000824,Mole Valley,31.46170277693012,20.50235181463281,29,Female,,0.43645862021953524
Conservatives,2019,E14000824,Mole Valley,31.46170277693012,20.50235181463281,75,Male,8,1.0951465010532073
Conservatives,2019,E14000824,Mole Valley,31.46170277693012,20.50235181463281,47,Female,5,0.8342367865604972
Conservatives,2019,E14000824,Mole Valley,31.46170277693012,20.50235181463281,63,Female,7,0.7121179368052699
Conservatives,2019,E14000828,New Forest West,27.02101859337106,29.40225403014884,69,Male,4,0.8486894670252655
Conservatives,2019,E14000828,New Forest West,27.02101859337106,29.40225403014884,85,Female,10,0.4981191844644507
Conservatives,2019,E14000828,New Forest West,27.02101859337106,29.40225403014884,57,Male,6,0.39140906993373653
Labour,2019,E14000828,New Forest West,27.02101859337106,29.40225403014884,37,Male,,1.1074564471927886
Conservatives,2019,E14000828,New Forest West,27.02101859337106,29.40225403014884,71,Male,9,0.8486894670252655
Labour,2019,E14000828,New Forest West,27.02101859337106,29.40225403014884,38,Female,4,0.8771432639209871
Conservatives,2019,E14000844,North East Hampshire,33.63340236655601,16.59190958382333,41,Male,6,0.9851384092641983
Conservatives,2019,E14000844,North East Hampshire,33.63340236655601,16.59190958382333,,Male,8,
Conservatives,2019,E14000844,North East Hampshire,33.63340236655601,16.59190958382333,67,Male,7,0.8486894670252655
Conservatives,2019,E14000874,Oxford West and Abingdon,37.80346275416332,16.67877529839128,54,Male,7,1.5393402783738253
Conservatives,2019,E14000874,Oxford West and Abingdon,37.80346275416332,16.67877529839128,68,Male,5,0.8486894670252655
Conservatives,2019,E14000874,Oxford West and Abingdon,37.80346275416332,16.67877529839128,67,Male,6,1.697378934050531
Labour,2019,E14000893,Reigate,35.23449664296411,16.38451697360983,35,Female,5,0.43857163196049354
Labour,2019,E14000893,Reigate,35.23449664296411,16.38451697360983,68,Female,5,
Conservatives,2019,E14000893,Reigate,35.23449664296411,16.38451697360983,22,Female,,0.6785175041485044
Labour,2019,E14000893,Reigate,35.23449664296411,16.38451697360983,,,,
Conservatives,2019,E14000893,Reigate,35.23449664296411,16.38451697360983,47,Female,5,
Conservatives,2019,E14000893,Reigate,35.23449664296411,16.38451697360983,62,Male,8,0.9305832518607563
Conservatives,2019,E14000893,Reigate,35.23449664296411,16.38451697360983,77,Male,9,1.0951465010532073
Conservatives,2019,E14000898,Rochester and Strood,38.99459490267975,14.60041226928594,50,Male,7,0.4585305717716281
Conservatives,2019,E14000898,Rochester and Strood,38.99459490267975,14.60041226928594,55,Female,6,0.42326882298154916
Labour,2019,E14000898,Rochester and Strood,38.99459490267975,14.60041226928594,31,Male,4,1.5555883717979535
Conservatives,2019,E14000898,Rochester and Strood,38.99459490267975,14.60041226928594,39,Male,5,0.9851384092641983
Conservatives,2019,E14000898,Rochester and Strood,38.99459490267975,14.60041226928594,57,Male,5,0.9305832518607563
Labour,2019,E14000927,Sittingbourne and Sheppey,37.62175662550298,16.1204384626058,80,Female,4,1.1199346145027396
Conservatives,2019,E14000927,Sittingbourne and Sheppey,37.62175662550298,16.1204384626058,63,Male,10,0.7828181398674731
Conservatives,2019,E14000927,Sittingbourne and Sheppey,37.62175662550298,16.1204384626058,61,Male,2,0.46529162593037815
Conservatives,2019,E14000927,Sittingbourne and Sheppey,37.62175662550298,16.1204384626058,49,Male,8,0.9170611435432562
Conservatives,2019,E14000927,Sittingbourne and Sheppey,37.62175662550298,16.1204384626058,32,Female,5,0.8729172404390705
Conservatives,2019,E14000927,Sittingbourne and Sheppey,37.62175662550298,16.1204384626058,70,Female,,0.3860200482507433
Conservatives,2019,E14000927,Sittingbourne and Sheppey,37.62175662550298,16.1204384626058,61,Male,4,0.46529162593037815
Conservatives,2019,E14000927,Sittingbourne and Sheppey,37.62175662550298,16.1204384626058,19,Male,5,2.3840291115892236
Conservatives,2019,E14000927,Sittingbourne and Sheppey,37.62175662550298,16.1204384626058,56,Male,4,1.3958748777911272
Conservatives,2019,E14000948,South Thanet,34.78364389233954,21.01449275362319,69,Male,8,0.8486894670252655
Conservatives,2019,E14000948,South Thanet,34.78364389233954,21.01449275362319,69,Male,,0.8486894670252655
Labour,2019,E14000948,South Thanet,34.78364389233954,21.01449275362319,65,Male,4,0.4770327768581037
Labour,2019,E14000948,South Thanet,34.78364389233954,21.01449275362319,40,Female,5,0.8771432639209871
Conservatives,2019,E14000948,South Thanet,34.78364389233954,21.01449275362319,72,Female,,0.7720400965014866
Conservatives,2019,E14000948,South Thanet,34.78364389233954,21.01449275362319,73,Male,8,0.42434473351263274
Conservatives,2019,E14000595,Bridgwater and West Somerset,32.65852512916862,21.99436355096289,47,Female,8,0.7509565499586469
Conservatives,2019,E14000595,Bridgwater and West Somerset,32.65852512916862,21.99436355096289,50,Female,6,0.7509565499586469
Conservatives,2019,E14000595,Bridgwater and West Somerset,32.65852512916862,21.99436355096289,56,Male,7,0.839614651855433
Conservatives,2019,E14000595,Bridgwater and West Somerset,32.65852512916862,21.99436355096289,61,Female,7,1.361935885296714
Conservatives,2019,E14000698,Exeter,43.61874752353818,14.95216890884734,28,Male,5,1.4841726088178535
Labour,2019,E14000698,Exeter,43.61874752353818,14.95216890884734,28,Female,1,1.0118440938653221
Labour,2019,E14000698,Exeter,43.61874752353818,14.95216890884734,46,Female,3,0.8441977949418533
Labour,2019,E14000698,Exeter,43.61874752353818,14.95216890884734,48,Male,,0.5528621121136482
Labour,2019,E14000698,Exeter,43.61874752353818,14.95216890884734,63,Female,4,1.2879283875065026
Labour,2019,E14000698,Exeter,43.61874752353818,14.95216890884734,34,Female,3,1.0118440938653221
Labour,2019,E14000698,Exeter,43.61874752353818,14.95216890884734,23,Female,5,1.6362120370742057
Labour,2019,E14000698,Exeter,43.61874752353818,14.95216890884734,67,Female,4,0.4654343076177979
Labour,2019,E14000698,Exeter,43.61874752353818,14.95216890884734,25,Female,1,0.5059220469326611
Labour,2019,E14000705,Forest of Dean,31.83005094757854,20.76432973179988,72,Male,5,1.0232867340890943
Labour,2019,E14000705,Forest of Dean,31.83005094757854,20.76432973179988,55,Female,5,0.5103461140252734
Conservatives,2019,E14000705,Forest of Dean,31.83005094757854,20.76432973179988,60,Female,3,0.7637848730638648
Labour,2019,E14000705,Forest of Dean,31.83005094757854,20.76432973179988,32,Male,5,1.1569925398262566
Conservatives,2019,E14000705,Forest of Dean,31.83005094757854,20.76432973179988,18,Female,7,2.326064355999715
Conservatives,2019,E14000705,Forest of Dean,31.83005094757854,20.76432973179988,67,Female,7,
Conservatives,2019,E14000705,Forest of Dean,31.83005094757854,20.76432973179988,80,Female,7,2.1370387033567346
Conservatives,2019,E14000774,Kingswood,36.06262186030508,17.12237641931414,38,Male,7,0.459980283818782
Labour,2019,E14000774,Kingswood,36.06262186030508,17.12237641931414,31,Male,5,0.5561507936094409
Conservatives,2019,E14000774,Kingswood,36.06262186030508,17.12237641931414,46,Male,6,1.9671950190029357
Labour,2019,E14000774,Kingswood,36.06262186030508,17.12237641931414,47,Female,4,0.8441977949418533
Conservatives,2019,E14000774,Kingswood,36.06262186030508,17.12237641931414,66,Male,7,0.910265200944918
Conservatives,2019,E14000774,Kingswood,36.06262186030508,17.12237641931414,82,Male,5,1.1746036549027243
Labour,2019,E14000774,Kingswood,36.06262186030508,17.12237641931414,43,Female,3,0.9407834318824516
Labour,2019,E14000774,Kingswood,36.06262186030508,17.12237641931414,52,Female,5,0.8441977949418533
Conservatives,2019,E14000912,Salisbury,33.39963715053881,19.9042602024088,75,Male,8,1.1746036549027243
Conservatives,2019,E14000912,Salisbury,33.39963715053881,19.9042602024088,46,Male,6,0.9835975095014678
Labour,2019,E14000912,Salisbury,33.39963715053881,19.9042602024088,49,Female,3,1.0058607652674678
Conservatives,2019,E14000912,Salisbury,33.39963715053881,19.9042602024088,58,Male,5,0.9981006995645791
Labour,2019,E14000912,Salisbury,33.39963715053881,19.9042602024088,42,Male,3,1.0341859095254535
Labour,2019,E14000912,Salisbury,33.39963715053881,19.9042602024088,35,Female,2,0.4703917159412258
Conservatives,2019,E14000912,Salisbury,33.39963715053881,19.9042602024088,59,Female,7,1.8159145137289623
Labour,2019,E14000912,Salisbury,33.39963715053881,19.9042602024088,23,Female,4,1.2271590278056426
Conservatives,2019,E14000950,South West Devon,31.86715451730932,20.87925696594427,72,Male,,0.910265200944918
Labour,2019,E14000950,South West Devon,31.86715451730932,20.87925696594427,22,Female,,0.8181060185371029
Conservatives,2019,E14000950,South West Devon,31.86715451730932,20.87925696594427,58,Female,6,1.5275697461277296
Labour,2019,E14000950,South West Devon,31.86715451730932,20.87925696594427,,Female,1,
Conservatives,2019,E14000950,South West Devon,31.86715451730932,20.87925696594427,75,Male,5,1.1746036549027243
Conservatives,2019,E14000950,South West Devon,31.86715451730932,20.87925696594427,80,Male,,0.5873018274513622
Labour,2019,E14000994,Thornbury and Yate,33.18621421508333,18.93977763307045,88,Male,2,1.3204463233646895
Conservatives,2019,E14000994,Thornbury and Yate,33.18621421508333,18.93977763307045,63,Female,8,0.9079572568644811
Conservatives,2019,E14000994,Thornbury and Yate,33.18621421508333,18.93977763307045,55,Male,7,0.49905034978228957
Conservatives,2019,E14000994,Thornbury and Yate,33.18621421508333,18.93977763307045,75,Female,8,0.5342596758391837
Conservatives,2019,E14001060,Yeovil,34.01852354775573,20.78701665995523,35,Female,3,0.8368743492315793
Labour,2019,E14001060,Yeovil,34.01852354775573,20.78701665995523,48,Female,2,1.0058607652674678
Conservatives,2019,E14001060,Yeovil,34.01852354775573,20.78701665995523,72,Female,5,0.41402730968413204
Conservatives,2019,E14001060,Yeovil,34.01852354775573,20.78701665995523,43,Female,5,1.6737486984631587
Conservatives,2019,E14001060,Yeovil,34.01852354775573,20.78701665995523,70,Male,7,0.455132600472459
Conservatives,2019,W07000068,Brecon and Radnorshire,30.15159616746391,24.01260170238594,56,Female,,0.6795858788894589
Conservatives,2019,W07000068,Brecon and Radnorshire,30.15159616746391,24.01260170238594,49,Female,,0.7961259090594484
Conservatives,2019,W07000068,Brecon and Radnorshire,30.15159616746391,24.01260170238594,76,Female,10,1.9014533760215737
Conservatives,2019,W07000068,Brecon and Radnorshire,30.15159616746391,24.01260170238594,70,Female,5,0.736770583075954
Conservatives,2019,W07000068,Brecon and Radnorshire,30.15159616746391,24.01260170238594,70,Male,5,0.809918340127849
Conservatives,2019,W07000080,Cardiff South and Penarth,41.85845237541297,13.56381741193988,51,Male,4,0.3672544468833803
Labour,2019,W07000080,Cardiff South and Penarth,41.85845237541297,13.56381741193988,46,Female,7,0.8949755308227596
Labour,2019,W07000070,Cynon Valley,37.37382526975287,17.37730595196659,20,Female,,1.7449608469379339
Labour,2019,W07000070,Cynon Valley,37.37382526975287,17.37730595196659,59,Female,3,1.5279310113579765
Labour,2019,W07000070,Cynon Valley,37.37382526975287,17.37730595196659,83,Female,,0.5343860264986501
Labour,2019,W07000070,Cynon Valley,37.37382526975287,17.37730595196659,67,Male,5,0.4552402378383604
Labour,2019,W07000070,Cynon Valley,37.37382526975287,17.37730595196659,25,Male,2,2.0588933344340576
Conservatives,2019,W07000070,Cynon Valley,37.37382526975287,17.37730595196659,65,Male,5,0.4049591700639245
Conservatives,2019,W07000054,Monmouth,30.93523461478748,22.20032723060203,59,Male,6,0.44403546407828876
Labour,2019,W07000054,Monmouth,30.93523461478748,22.20032723060203,76,Female,5,0.5343860264986501
Conservatives,2019,W07000054,Monmouth,30.93523461478748,22.20032723060203,46,Female,5,0.3980629545297242
Labour,2019,W07000054,Monmouth,30.93523461478748,22.20032723060203,52,Male,5,0.4919150635417539
Conservatives,2019,W07000054,Monmouth,30.93523461478748,22.20032723060203,68,Female,,0.736770583075954
Conservatives,2019,W07000054,Monmouth,30.93523461478748,22.20032723060203,60,Female,8,0.8078648218380182
Labour,2019,W07000054,Monmouth,30.93523461478748,22.20032723060203,66,Male,2,0.9104804756767207
Labour,2019,W07000054,Monmouth,30.93523461478748,22.20032723060203,67,Male,2,0.4552402378383604
Conservatives,2019,W07000055,Newport East,39.65105530734864,15.8039336517229,68,Male,7,0.4049591700639245
Labour,2019,W07000055,Newport East,39.65105530734864,15.8039336517229,72,Female,6,0.4141252257837018
Labour,2019,W07000055,Newport East,39.65105530734864,15.8039336517229,70,Male,3,
Labour,2019,W07000055,Newport East,39.65105530734864,15.8039336517229,60,Female,6,1.362257978662621
Labour,2019,W07000055,Newport East,39.65105530734864,15.8039336517229,75,Male,3,1.1748814448111164
Conservatives,2019,W07000055,Newport East,39.65105530734864,15.8039336517229,54,Female,5,0.6681717392022374
Labour,2019,W07000041,Ynys Mon,32.12140327737237,22.43121962409141,73,Female,5,0.4141252257837018
Labour,2019,W07000041,Ynys Mon,32.12140327737237,22.43121962409141,69,Female,2,0.8282504515674036
Conservatives,2019,W07000041,Ynys Mon,32.12140327737237,22.43121962409141,48,Male,5,1.31274983612855
Labour,2019,E14000560,"Birmingham, Edgbaston",44.11192113329468,13.80374451163947,50,Female,5,0.4571923632967991
Labour,2019,E14000560,"Birmingham, Edgbaston",44.11192113329468,13.80374451163947,38,Female,5,0.42761286196348747
Conservatives,2019,E14000560,"Birmingham, Edgbaston",44.11192113329468,13.80374451163947,67,Female,8,0.37637440631968166
Conservatives,2019,E14000649,Coventry North East,44.13225832722535,13.05480902353612,51,Female,9,0.8133913683876688
Conservatives,2019,E14000649,Coventry North East,44.13225832722535,13.05480902353612,44,Male,8,1.4407835251422512
Labour,2019,E14000767,Kenilworth and Southam,31.66048068147246,21.01734104046243,79,Female,,0.5459751735180979
Conservatives,2019,E14000767,Kenilworth and Southam,31.66048068147246,21.01734104046243,75,Male,5,0.533890812193303
Conservatives,2019,E14000767,Kenilworth and Southam,31.66048068147246,21.01734104046243,82,Female,6,0.48567247524789775
Conservatives,2019,E14000767,Kenilworth and Southam,31.66048068147246,21.01734104046243,65,Male,8,0.8274829137732141
Conservatives,2019,E14000767,Kenilworth and Southam,31.66048068147246,21.01734104046243,68,Female,7,0.7527488126393633
Conservatives,2019,E14000767,Kenilworth and Southam,31.66048068147246,21.01734104046243,62,Male,7,0.907330384878412
Conservatives,2019,E14000767,Kenilworth and Southam,31.66048068147246,21.01734104046243,56,Male,7,1.360995577317609
Conservatives,2019,E14000767,Kenilworth and Southam,31.66048068147246,21.01734104046243,,Female,5,
Conservatives,2019,E14000767,Kenilworth and Southam,31.66048068147246,21.01734104046243,59,Male,7,0.907330384878412
Labour,2019,E14000892,Redditch,37.00725938646475,14.74402578141552,32,Male,5,1.0517721177031258
Labour,2019,E14000892,Redditch,37.00725938646475,14.74402578141552,,Female,,
Labour,2019,E14000892,Redditch,37.00725938646475,14.74402578141552,39,Male,,
Conservatives,2019,E14000892,Redditch,37.00725938646475,14.74402578141552,81,Female,10,0.48567247524789775
Conservatives,2019,E14000892,Redditch,37.00725938646475,14.74402578141552,79,Female,8,0.9713449504957955
Conservatives,2019,E14000892,Redditch,37.00725938646475,14.74402578141552,66,Male,8,0.8274829137732141
Conservatives,2019,E14000892,Redditch,37.00725938646475,14.74402578141552,69,Male,5,0.8274829137732141
Labour,2019,E14000892,Redditch,37.00725938646475,14.74402578141552,68,Female,0,
Conservatives,2019,E14000892,Redditch,37.00725938646475,14.74402578141552,70,Female,5,0.7527488126393633
Conservatives,2019,E14000892,Redditch,37.00725938646475,14.74402578141552,36,Male,,0.9605223500948405
Conservatives,2019,E14000905,Rugby,35.75179442562844,17.45124237433842,63,Female,,0.4126924305750851
Conservatives,2019,E14000905,Rugby,35.75179442562844,17.45124237433842,29,Male,5,0.4678021937426698
Conservatives,2019,E14000905,Rugby,35.75179442562844,17.45124237433842,79,Male,5,1.067781624386606
Conservatives,2019,E14000905,Rugby,35.75179442562844,17.45124237433842,70,Female,7,0.7527488126393633
Labour,2019,E14000905,Rugby,35.75179442562844,17.45124237433842,66,Male,3,0.9302259247860295
Labour,2019,E14000905,Rugby,35.75179442562844,17.45124237433842,48,Female,4,0.7674238787050783
Conservatives,2019,E14000905,Rugby,35.75179442562844,17.45124237433842,62,Female,5,0.6943239526268907
Conservatives,2019,E14000905,Rugby,35.75179442562844,17.45124237433842,71,Female,5,0.7527488126393633
Conservatives,2019,E14000965,Stafford,35.03963046559235,18.29300299196893,68,Male,6,0.8274829137732141
Conservatives,2019,E14000965,Stafford,35.03963046559235,18.29300299196893,73,Male,8,0.8274829137732141
Conservatives,2019,E14000965,Stafford,35.03963046559235,18.29300299196893,67,Female,9,0.37637440631968166
Conservatives,2019,E14000965,Stafford,35.03963046559235,18.29300299196893,78,Female,8,0.48567247524789775
Conservatives,2019,E14000972,Stoke-on-Trent Central,42.28556988833269,14.45778783211398,61,Male,8,0.3816287702983704
Conservatives,2019,E14000972,Stoke-on-Trent Central,42.28556988833269,14.45778783211398,55,Male,5,0.453665192439206
Conservatives,2019,E14000972,Stoke-on-Trent Central,42.28556988833269,14.45778783211398,32,Male,5,0.4497324785539105
Labour,2019,E14000972,Stoke-on-Trent Central,42.28556988833269,14.45778783211398,45,Female,,0.7674238787050783
Labour,2019,E14000972,Stoke-on-Trent Central,42.28556988833269,14.45778783211398,26,Female,4,0.4599119565412051
Labour,2019,E14000972,Stoke-on-Trent Central,42.28556988833269,14.45778783211398,29,Male,3,0.5055727481567993
Conservatives,2019,E14000972,Stoke-on-Trent Central,42.28556988833269,14.45778783211398,20,Female,3,2.114524985607048
Labour,2019,E14000974,Stoke-on-Trent South,37.21060096717631,16.4833201174907,58,Male,6,0.5099937607843429
Labour,2019,E14000974,Stoke-on-Trent South,37.21060096717631,16.4833201174907,84,Female,6,0.5459751735180979
Conservatives,2019,E14000974,Stoke-on-Trent South,37.21060096717631,16.4833201174907,87,Female,,0.48567247524789775
Conservatives,2019,E14000974,Stoke-on-Trent South,37.21060096717631,16.4833201174907,,,9,
Labour,2019,E14000974,Stoke-on-Trent South,37.21060096717631,16.4833201174907,60,Female,3,1.3918010565319605
Labour,2019,E14000974,Stoke-on-Trent South,37.21060096717631,16.4833201174907,28,Female,5,0.4599119565412051
Conservatives,2019,E14000974,Stoke-on-Trent South,37.21060096717631,16.4833201174907,44,Male,,0.4802611750474203
Conservatives,2019,E14000974,Stoke-on-Trent South,37.21060096717631,16.4833201174907,89,Male,8,1.067781624386606
Conservatives,2019,E14000986,Tamworth,36.78540709505528,15.92191662995364,47,Male,3,1.3412192385759365
Conservatives,2019,E14000986,Tamworth,36.78540709505528,15.92191662995364,81,Female,5,0.9713449504957955
Conservatives,2019,E14000986,Tamworth,36.78540709505528,15.92191662995364,39,Male,8,0.4181482771586541
Conservatives,2019,E14000986,Tamworth,36.78540709505528,15.92191662995364,86,Female,8,0.48567247524789775
Conservatives,2019,E14000986,Tamworth,36.78540709505528,15.92191662995364,35,Female,6,0.760766449431821
Labour,2019,E14000986,Tamworth,36.78540709505528,15.92191662995364,26,Female,2,0.9198239130824102
Conservatives,2019,E14000986,Tamworth,36.78540709505528,15.92191662995364,62,Male,7,0.907330384878412
Labour,2019,E14000986,Tamworth,36.78540709505528,15.92191662995364,63,Male,1,0.5099937607843429
Labour,2019,E14000723,Halifax,39.2851831656174,15.12021018192634,39,Female,5,0.3904259044706925
Labour,2019,E14000723,Halifax,39.2851831656174,15.12021018192634,53,Male,5,1.5981171526249012
Labour,2019,E14000723,Halifax,39.2851831656174,15.12021018192634,32,Female,6,1.5211897533655292
Labour,2019,E14000723,Halifax,39.2851831656174,15.12021018192634,45,Male,5,1.5981171526249012
Labour,2019,E14000723,Halifax,39.2851831656174,15.12021018192634,28,Female,6,1.462431017388977
Conservatives,2019,E14000723,Halifax,39.2851831656174,15.12021018192634,71,Male,6,1.3156177636283428
Conservatives,2019,E14000723,Halifax,39.2851831656174,15.12021018192634,65,Female,5,0.29919944356999445
Labour,2019,E14000723,Halifax,39.2851831656174,15.12021018192634,75,Male,3,1.9084577078559093
Conservatives,2019,E14000723,Halifax,39.2851831656174,15.12021018192634,28,Male,5,1.4875204447323223
Conservatives,2019,E14000730,Harrogate and Knaresborough,33.04517733435964,19.28079420530128,49,Female,6,0.3233033924994335
Conservatives,2019,E14000730,Harrogate and Knaresborough,33.04517733435964,19.28079420530128,73,Male,7,0.6578088818141714
Conservatives,2019,E14000730,Harrogate and Knaresborough,33.04517733435964,19.28079420530128,48,Male,7,0.5965619620553478
Conservatives,2019,E14000730,Harrogate and Knaresborough,33.04517733435964,19.28079420530128,53,Male,8,1.1931239241106957
Conservatives,2019,E14000730,Harrogate and Knaresborough,33.04517733435964,19.28079420530128,73,Male,4,0.6578088818141714
Conservatives,2019,E14000730,Harrogate and Knaresborough,33.04517733435964,19.28079420530128,68,Female,9,0.5983988871399889
Conservatives,2019,E14000730,Harrogate and Knaresborough,33.04517733435964,19.28079420530128,44,Male,7,0.6648152996320195
Conservatives,2019,E14000730,Harrogate and Knaresborough,33.04517733435964,19.28079420530128,38,Female,8,0.6047725204869178
Conservatives,2019,E14000730,Harrogate and Knaresborough,33.04517733435964,19.28079420530128,,Male,6,
Conservatives,2019,E14000730,Harrogate and Knaresborough,33.04517733435964,19.28079420530128,65,Male,5,0.3289044409070857
Conservatives,2019,E14000730,Harrogate and Knaresborough,33.04517733435964,19.28079420530128,73,Male,10,0.6578088818141714
Labour,2019,E14000730,Harrogate and Knaresborough,33.04517733435964,19.28079420530128,45,Female,5,0.30503242733229224
Conservatives,2019,E14000730,Harrogate and Knaresborough,33.04517733435964,19.28079420530128,48,Female,5,1.293213569997734
Conservatives,2019,E14000756,Huddersfield,41.52220449966421,14.96075386165212,35,Male,7,0.6648152996320195
Conservatives,2019,E14000756,Huddersfield,41.52220449966421,14.96075386165212,54,Female,5,0.9699101774983052
Labour,2019,E14000756,Huddersfield,41.52220449966421,14.96075386165212,72,Male,3,0.7394846047368148
Conservatives,2019,E14000773,Kingston Upon Hull West and Hessle,38.02565677565677,15.66693441693442,60,Female,5,0.3280705157426029
Labour,2019,E14000773,Kingston Upon Hull West and Hessle,38.02565677565677,15.66693441693442,66,Male,,0.7394846047368148
Conservatives,2019,E14000773,Kingston Upon Hull West and Hessle,38.02565677565677,15.66693441693442,76,Female,6,0.38608612039366175
Labour,2019,E14000773,Kingston Upon Hull West and Hessle,38.02565677565677,15.66693441693442,58,Female,8,0.7376096686035797
Conservatives,2019,E14000773,Kingston Upon Hull West and Hessle,38.02565677565677,15.66693441693442,69,Male,6,0.6578088818141714
Conservatives,2019,E14000773,Kingston Upon Hull West and Hessle,38.02565677565677,15.66693441693442,73,Female,8,0.29919944356999445
Labour,2019,E14000773,Kingston Upon Hull West and Hessle,38.02565677565677,15.66693441693442,74,Male,5,0.7394846047368148
Labour,2019,E14000773,Kingston Upon Hull West and Hessle,38.02565677565677,15.66693441693442,87,Female,6,0.43402384800017113
Conservatives,2019,E14000773,Kingston Upon Hull West and Hessle,38.02565677565677,15.66693441693442,67,Male,5,0.3289044409070857
Labour,2019,E14000780,Leeds North West,47.45834860649632,14.93301486325099,29,Female,,0.36560775434724424
Conservatives,2019,E14000780,Leeds North West,47.45834860649632,14.93301486325099,52,Female,5,0.3233033924994335
Conservatives,2019,E14000780,Leeds North West,47.45834860649632,14.93301486325099,51,Male,4,0.355401468280185
Conservatives,2019,E14000780,Leeds North West,47.45834860649632,14.93301486325099,73,Male,7,0.6578088818141714
Labour,2019,E14000780,Leeds North West,47.45834860649632,14.93301486325099,49,Female,4,0.30503242733229224
Labour,2019,E14000780,Leeds North West,47.45834860649632,14.93301486325099,35,Male,6,0.7473609625268799
Conservatives,2019,E14000780,Leeds North West,47.45834860649632,14.93301486325099,76,Male,8,1.273252096209422
Conservatives,2019,E14000780,Leeds North West,47.45834860649632,14.93301486325099,77,Male,7,0.8488347308062857
Labour,2019,E14000780,Leeds North West,47.45834860649632,14.93301486325099,32,Female,3,0.7312155086944885
Labour,2019,E14000780,Leeds North West,47.45834860649632,14.93301486325099,79,Female,3,0.43402384800017113
Conservatives,2019,E14000826,Morley and Outwood,34.96004891546537,15.34619091540319,81,Male,5,0.8488347308062857
Conservatives,2019,E14000826,Morley and Outwood,34.96004891546537,15.34619091540319,68,Male,,0.6578088818141714
Conservatives,2019,E14000826,Morley and Outwood,34.96004891546537,15.34619091540319,77,Male,1,0.42441736540314284
Conservatives,2019,E14000826,Morley and Outwood,34.96004891546537,15.34619091540319,77,Male,1,0.42441736540314284
Conservatives,2019,E14000826,Morley and Outwood,34.96004891546537,15.34619091540319,40,Female,6,0.3023862602434589
Labour,2019,E14000826,Morley and Outwood,34.96004891546537,15.34619091540319,,Female,,
Labour,2019,E14000826,Morley and Outwood,34.96004891546537,15.34619091540319,31,Female,5,0.7312155086944885
Labour,2019,E14000836,"Normanton, Pontefract and Castleford",36.44759550352162,16.66868790521946,45,Male,5,0.3995292881562253
Conservatives,2019,E14000836,"Normanton, Pontefract and Castleford",36.44759550352162,16.66868790521946,66,Male,7,0.3289044409070857
Conservatives,2019,E14000836,"Normanton, Pontefract and Castleford",36.44759550352162,16.66868790521946,39,Male,,0.3817843985396054
Labour,2019,E14000836,"Normanton, Pontefract and Castleford",36.44759550352162,16.66868790521946,34,Female,2,0.7312155086944885
Conservatives,2019,E14000836,"Normanton, Pontefract and Castleford",36.44759550352162,16.66868790521946,36,Male,7,1.5271375941584215
Conservatives,2019,E14000836,"Normanton, Pontefract and Castleford",36.44759550352162,16.66868790521946,47,Male,6,0.71080293656037
Labour,2019,E14000836,"Normanton, Pontefract and Castleford",36.44759550352162,16.66868790521946,24,Female,5,0.9448283747985167
Conservatives,2019,E14000895,Richmond (Yorks),34.55606191927382,19.80783030913039,43,Male,5,0.3817843985396054
Conservatives,2019,E14000895,Richmond (Yorks),34.55606191927382,19.80783030913039,39,Female,,0.3023862602434589
Conservatives,2019,E14000895,Richmond (Yorks),34.55606191927382,19.80783030913039,78,Male,7,0.8488347308062857
Labour,2019,E14000895,Richmond (Yorks),34.55606191927382,19.80783030913039,59,Male,4,0.4054203657015986
Labour,2019,E14000919,Sheffield Central,58.16852295201416,8.761840324763194,65,Male,0,0.3697423023684074
Conservatives,2019,E14000919,Sheffield Central,58.16852295201416,8.761840324763194,38,Male,5,0.7635687970792108
Labour,2019,E14000919,Sheffield Central,58.16852295201416,8.761840324763194,60,Female,0,0.7376096686035797
Labour,2019,E14000919,Sheffield Central,58.16852295201416,8.761840324763194,26,Male,4,0.8038117491133999
Labour,2019,E14001009,Wakefield,35.97618697014957,16.01594547405179,69,Female,,0.3363490344728051
Labour,2019,E14001009,Wakefield,35.97618697014957,16.01594547405179,48,Male,,1.3412661303534679
Conservatives,2019,E14001009,Wakefield,35.97618697014957,16.01594547405179,57,Female,5,0.3280705157426029
Conservatives,2019,E14001009,Wakefield,35.97618697014957,16.01594547405179,47,Female,5,0.8140252223855257
Conservatives,2019,E14001009,Wakefield,35.97618697014957,16.01594547405179,60,Male,7,0.3033764087204946
Conservatives,2019,E14001009,Wakefield,35.97618697014957,16.01594547405179,46,Female,5,0.3233033924994335
