speaker,birth_date,date,mp_id,gender,constituency_name,constituency_id,backbencher,surname,ONS ID,Valid votes,Majority,vulnerability,under_30,over_65
Jim Sheridan,1952-11-24,2010-05-18,1464,M,Paisley and Renfrewshire North,2285,True,Sheridan,S14000052,43707,15280,34.96007504518727,34.81178543992047,16.79583352162321
Malcolm Rifkind,1946-06-21,2010-05-18,1191,M,Kensington,3555,True,Rifkind,E14000768,35150,8616,24.51209103840683,37.45275533448796,11.10921516265816
David Cameron,1966-10-09,2010-05-18,1467,M,Witney,3859,False,Cameron,E14001046,57769,22740,39.3636725579463,33.90564903272602,18.38345469989216
Harriet Harman,1950-07-30,2010-05-18,150,F,Camberwell and Peckham,3384,False,Harman,E14000615,46659,17187,36.83533723397415,44.40771085876735,7.785124494913196
Angus Robertson,1969-09-28,2010-05-18,1433,M,Moray,2004,False,Robertson,S14000046,41004,5590,13.63281631060384,34.32659842435286,18.45972452971757
David Blunkett,1947-06-06,2010-05-18,395,M,"Sheffield, Brightside and Hillsborough",3724,True,Blunkett,E14000921,38914,13632,35.03109420774015,43.02261548082398,13.99117034879922
Peter Lilley,1943-08-23,2010-05-25,68,M,Hitchin and Harpenden,3535,True,Lilley,E14000749,54707,15271,27.91416089348712,34.9975403335107,16.38439065527523
Don Foster,1947-03-31,2010-05-25,214,M,Bath,3308,True,Foster,E14000547,47086,11883,25.23680074756828,42.87466660664649,15.91847758808899
Tom Harris,1964-02-20,2010-05-25,1418,M,Glasgow South,1208,True,Harris,S14000034,40094,12658,31.57080859979049,36.51595865774257,14.46296043345627
David Winnick,1933-06-26,2010-05-25,316,M,Walsall North,3823,True,Winnick,E14001011,36187,990,2.735789095531544,40.36515477534673,15.5307952875008
Denis MacShane,1948-05-21,2010-05-25,393,M,Rotherham,3707,True,MacShane,E14000904,37506,10462,27.89420359409161,39.00687871389233,15.70286631659922
Kevin Brennan,1959-10-16,2010-05-25,1400,M,Cardiff West,3392,False,Brennan,W07000079,40958,4751,11.59968748474047,39.4443406901249,14.30125127709361
Simon Hughes,1951-05-17,2010-05-25,194,M,Bermondsey and Old Southwark,3318,True,Hughes,E14000553,44651,8530,19.10371548229603,47.23684418520099,6.930810451937212
Bob Russell,1946-03-31,2010-05-25,35,M,Colchester,3422,True,Russell,E14000644,46139,6982,15.1325342985327,42.16646717613479,13.29067305036369
Chris Leslie,1972-06-28,2010-05-25,422,M,Nottingham East,3664,True,Leslie,E14000865,33112,6969,21.04675042280744,48.75329802018086,9.500312179009487
Ian Lucas,1960-09-18,2010-05-25,1470,M,Wrexham,3869,False,Lucas,W07000044,32976,3658,11.09291606016497,36.87536223689233,17.22763319715582
Maria Eagle,1961-02-17,2010-05-25,483,F,Garston and Halewood,3493,False,Eagle,E14000708,42825,16877,39.40922358435493,36.19660787946405,17.60443002343982
Chris Bryant,1962-01-11,2010-05-25,1446,M,Rhondda,3696,False,Bryant,W07000052,31072,11553,37.18138516992791,36.51690238013108,18.74784408416695
Gerald Kaufman,1930-06-21,2010-05-25,451,M,"Manchester, Gorton",3597,True,Kaufman,E14000808,38325,6703,17.48988910632746,53.55492005251894,8.242054713214266
Alan Beith,1943-04-20,2010-05-25,513,M,Berwick-upon-Tweed,3319,True,Beith,E14000554,38439,2690,6.998100887119853,29.59137853614728,22.13344251036742
Mark Lazarowicz,1953-08-08,2010-05-25,1411,M,Edinburgh North and Leith,1041,True,Lazarowicz,S14000023,47356,1724,3.640510178224512,39.26805609184144,11.74858499006432
Pete Wishart,1962-03-09,2010-05-25,1440,M,Perth and North Perthshire,2316,True,Wishart,S14000054,48268,4379,9.07226319714925,32.80254124397991,20.01741981760426
Tony Lloyd,1950-02-25,2010-05-25,450,M,Manchester Central,3596,True,Lloyd,E14000807,39927,10439,26.14521501740677,56.35990054047615,7.60984470616262
David Anderson,1961-07-05,2010-05-25,1486,M,Blaydon,3340,True,Anderson,E14000574,44913,9117,20.29924520740098,32.59591531586639,19.81287026653527
Nigel Dodds,1958-08-20,2010-05-25,1388,M,Belfast North,3315,False,Dodds,N06000002,36993,2224,6.011948206417431,38.612,16.0
William McCrea,1948-08-06,2010-05-25,655,M,South Antrim,3736,False,McCrea,N06000014,34009,1183,3.478490987679732,39.364,13.5
John Redwood,1951-06-15,2010-05-25,14,M,Wokingham,3861,True,Redwood,E14001048,54528,13492,24.74325117370892,35.99699349249362,14.10289376347489
Edward Leigh,1950-07-20,2010-05-25,345,M,Gainsborough,3492,True,Leigh,E14000707,49251,10559,21.43915859576455,31.32066420261887,20.99674004295729
Keith Vaz,1956-11-26,2010-05-25,338,M,Leicester East,3570,True,Vaz,E14000782,47995,14082,29.34055630794875,42.64190932546995,12.91190563951345
David Tredinnick,1950-01-19,2010-05-25,335,M,Bosworth,3349,True,Tredinnick,E14000583,54274,5032,9.271474370785276,32.78423312508903,18.36043222563644
Graham Stuart,1962-03-12,2010-05-25,1482,M,Beverley and Holderness,3321,True,Stuart,E14000556,53199,12987,24.41211300964304,30.41765248426034,20.98187432329471
Nigel Evans,1957-11-10,2010-05-25,474,M,Ribble Valley,3697,True,Evans,E14000894,52287,14769,28.24602673704745,33.25630100382755,19.0304243312115
Andrew Miller,1949-03-23,2010-05-25,428,M,Ellesmere Port and Neston,3471,True,Miller,E14000688,44233,4331,9.791332263242374,33.98225812018915,18.58180019099559
Andrew Selous,1962-04-27,2010-05-25,1453,M,South West Bedfordshire,3754,True,Selous,E14000949,50774,16649,32.79040453775555,36.5457557016985,15.58447922690163
Dominic Grieve,1956-05-24,2010-05-25,16,M,Beaconsfield,3311,False,Grieve,E14000550,52490,21782,41.49742808153934,32.73566965498506,19.65347580669504
Richard Harrington,1957-11-04,2010-05-25,4068,M,Watford,3833,True,Harrington,E14001021,55208,1425,2.581147659759455,39.23356864120665,13.30644100495462
Anne Begg,1955-12-06,2010-05-25,572,F,Aberdeen South,20,True,Begg,S14000002,43034,3506,8.147046521355207,37.61172569932509,15.04447568054766
Stuart Bell,1938-05-16,2010-05-25,501,M,Middlesbrough,3610,True,Bell,E14000819,33455,8689,25.97220146465402,44.23693602514249,13.93703723432589
David Amess,1952-03-26,2010-05-25,44,M,Southend West,3762,True,Amess,E14000957,43606,7270,16.67201761225519,33.64835065928626,19.08554970523379
Chris Williamson,1956-09-16,2010-05-25,3976,M,Derby North,3442,True,Williamson,E14000662,45080,613,1.35980479148181,41.74815346431028,15.07829710036582
Peter Bottomley,1944-07-30,2010-05-25,117,M,Worthing West,3868,True,Bottomley,E14001055,49123,11729,23.87679905543228,29.4423799670622,26.45897555001901
David Hanson,1957-07-05,2010-05-25,533,M,Delyn,3440,False,Hanson,W07000042,36984,2272,6.143197058187324,33.8023742517964,18.78687447322181
Andrew Smith,1951-02-01,2010-05-25,95,M,Oxford East,3673,True,Smith,E14000873,51651,4581,8.869140965324968,51.47922621266724,10.39973489084959
Tobias Ellwood,1966-08-12,2010-05-25,1487,M,Bournemouth East,3350,True,Ellwood,E14000584,44024,7728,17.55406142104307,36.42611011042368,17.08923956457044
Douglas Carswell,1971-05-03,2010-05-25,1527,M,Clacton,3418,True,Carswell,E14000642,43123,12068,27.98506597407416,28.80539837626964,30.20771096193723
Mark Spencer,1970-01-20,2010-05-25,4055,M,Sherwood,3727,True,Spencer,E14000924,48954,214,0.4371450749683376,33.9210274917737,18.50015921876658
Joan Walley,1949-01-23,2010-05-25,286,F,Stoke-on-Trent North,3778,True,Walley,E14000973,40196,8235,20.48711314558663,38.4624928914853,16.31701390683968
Martin Horwood,1962-10-12,2010-05-25,1499,M,Cheltenham,3406,True,Horwood,E14000630,52786,4920,9.320653203500928,39.12193540389255,16.2958795426588
David Morris,1966-01-03,2010-05-25,4135,M,Morecambe and Lunesdale,3618,True,Morris,E14000825,43436,866,1.99373791325168,33.06000022809439,21.39069146812951
Charles Walker,1967-09-11,2010-05-25,1493,M,Broxbourne,3374,True,Walker,E14000606,45658,18804,41.18445836436112,36.73853628909809,16.74967101933394
Julian Lewis,1951-09-26,2010-05-25,54,M,New Forest East,3621,True,Lewis,E14000827,50036,11307,22.59772963466304,31.89742923353475,21.0187772074589
Robert Syms,1956-08-15,2010-05-25,245,M,Poole,3682,True,Syms,E14000881,47436,7541,15.89720887089974,32.87940194452027,21.03273765775603
Christopher Chope,1947-05-19,2010-05-25,242,M,Christchurch,3414,True,Chope,E14000638,49416,15410,31.1842318277481,25.88520981865161,32.1713957605627
Peter Bone,1952-10-19,2010-05-25,1581,M,Wellingborough,3837,True,Bone,E14001025,51661,11787,22.81605079266758,36.25222543543176,16.14747689786076
Angela Eagle,1961-02-17,2010-05-25,491,F,Wallasey,3822,False,Eagle,E14001010,41654,8507,20.42300859461276,36.68552390322436,16.91561200304101
Michael Connarty,1947-09-03,2010-05-25,602,M,Linlithgow and East Falkirk,1782,True,Connarty,S14000043,51450,12553,24.39844509232264,35.88841484595584,15.67429390859779
David Heath,1954-03-16,2010-05-25,255,M,Somerton and Frome,3735,False,Heath,E14000932,60612,1817,2.997756219890451,31.6575126170895,21.04753325002664
Fiona Mactaggart,1953-09-12,2010-05-25,12,F,Slough,3733,True,Mactaggart,E14000930,47742,5523,11.56843031293201,45.28974695631415,9.233259727858677
Philip Davies,1972-01-05,2010-05-25,1565,M,Shipley,3728,True,Davies,E14000925,49427,9944,20.11855868250147,33.65974615449273,17.71560057157266
Geoffrey Clifton-Brown,1953-03-23,2010-05-25,249,M,The Cotswolds,3799,True,Clifton-Brown,E14000991,54832,12864,23.46075284505399,29.95701348023872,22.40828846876174
Andrew Tyrie,1957-01-15,2010-05-25,112,M,Chichester,3409,True,Tyrie,E14000633,56787,15877,27.95886382446687,31.19646655297296,24.47831835514592
Alistair Darling,1953-11-28,2010-05-26,596,M,Edinburgh South West,1048,False,Darling,S14000025,45462,8447,18.58035282213717,41.02845741464792,13.46991011326535
David Laws,1965-11-30,2010-05-26,1473,M,Yeovil,3874,False,Laws,E14001060,57160,13036,22.80615815255424,34.01852354775573,20.78701665995523
Michael Fallon,1952-05-14,2010-05-26,88,M,Sevenoaks,3721,True,Fallon,E14000918,49408,17515,35.44972474093264,33.80462587363937,18.4960023974912
Jo Swinson,1980-02-05,2010-05-26,1513,F,East Dunbartonshire,965,True,Swinson,S14000018,47948,2184,4.554934512388421,31.94178895451501,20.5053887840224
Conor Burns,1972-09-24,2010-05-26,3922,M,Bournemouth West,3351,True,Burns,E14000585,41659,5583,13.4016659065268,39.82903564788619,18.29581278797187
Dennis Skinner,1932-02-11,2010-05-26,325,M,Bolsover,3343,True,Skinner,E14000577,43988,11182,25.42056924615804,34.19177966191398,18.51851851851852
Mike Hancock,1946-07-09,2010-05-26,59,M,Portsmouth South,3685,True,Hancock,E14000884,41264,5200,12.60178363706863,49.22745305720471,12.03370776077524
Penny Mordaunt,1973-03-04,2010-05-26,4017,F,Portsmouth North,3684,True,Mordaunt,E14000883,44118,7289,16.52160116052405,39.24044136515268,14.84218629715166
Caroline Flint,1961-09-20,2010-05-26,389,F,Don Valley,3447,True,Flint,E14000667,43420,3595,8.279594656840166,35.41985972533774,18.19307558794572
John Baron,1959-06-21,2010-05-26,1390,M,Basildon and Billericay,3305,True,Baron,E14000544,41569,12338,29.68077172893262,36.97191343227001,16.76051155685886
Kevin Barron,1946-10-26,2010-05-26,392,M,Rother Valley,3706,True,Barron,E14000903,46758,5866,12.54544676846743,34.13136309825808,18.82927447995941
Graham Allen,1953-01-11,2010-05-26,364,M,Nottingham North,3665,True,Allen,E14000866,34285,8138,23.73632784016334,43.15919501775696,13.50352565752226
Tony Baldry,1950-07-10,2010-05-26,93,M,Banbury,3300,True,Baldry,E14000539,56241,18227,32.40874095410821,37.66874703208737,14.46730208262669
Lindsay Hoyle,1957-06-10,2010-05-26,467,M,Chorley,3413,True,Hoyle,E14000637,49774,2593,5.209547153132157,34.69430750431889,16.73829688619222
Richard Ottaway,1945-05-24,2010-05-26,157,M,Croydon South,3434,True,Ottaway,E14000656,56322,15818,28.08494016547708,36.82444130730097,15.32553782773531
Louise Ellman,1945-11-14,2010-05-26,484,F,"Liverpool, Riverside",3581,True,Ellman,E14000793,38801,14173,36.52740908739465,52.19021928297946,10.25408980160111
Roger Williams,1948-01-22,2010-05-26,1394,M,Brecon and Radnorshire,3357,True,Williams,W07000068,38845,3747,9.64602908997297,30.15159616746391,24.01260170238594
Richard Burden,1954-09-01,2010-05-26,301,M,"Birmingham, Northfield",3330,True,Burden,E14000565,41814,2782,6.65327402305448,40.16288379247106,15.13971327719824
Andrew Percy,1977-09-18,2010-05-26,3939,M,Brigg and Goole,3364,True,Percy,E14000596,43874,5147,11.7313215116014,32.74975203561461,19.0874910617489
Clive Efford,1958-07-10,2010-05-26,165,M,Eltham,3473,True,Efford,E14000690,41964,1663,3.962920598608331,39.04232444657361,14.29048897603583
Richard Graham,1958-04-04,2010-05-26,3990,M,Gloucester,3497,True,Graham,E14000712,50764,2420,4.767157828382318,39.66172117407896,14.44862512928421
Sandra Osborne,1956-02-23,2010-05-26,576,F,"Ayr, Carrick and Cumnock",99,True,Osborne,S14000006,45893,9911,21.59588608284488,32.42380074591675,20.55450765207699
Yvette Cooper,1969-03-20,2010-05-26,420,F,"Normanton, Pontefract and Castleford",3633,False,Cooper,E14000836,46239,10979,23.7440256060901,36.44759550352162,16.66868790521946
Jack Straw,1946-08-03,2010-05-26,463,M,Blackburn,3335,False,Straw,E14000570,45499,9856,21.66201454977033,44.92754974544506,12.37248941685471
George Young,1941-07-16,2010-05-26,57,M,North West Hampshire,3656,False,Young,E14000857,53292,18583,34.87014936575846,33.83043194106114,17.23704275840215
Rosie Winterton,1958-08-10,2010-05-26,390,F,Doncaster Central,3448,False,Winterton,E14000668,41745,6229,14.92154749071745,38.26869938065745,15.79132920438304
William Hague,1961-03-26,2010-05-26,379,M,Richmond (Yorks),3698,False,Hague,E14000895,53412,23336,43.69055642926683,34.55606191927382,19.80783030913039
Paul Flynn,1935-02-09,2010-05-26,545,M,Newport West,3630,True,Flynn,W07000056,39720,3544,8.92245720040282,37.50073184154752,16.98106579548249
Robert Smith,1958-04-15,2010-05-26,639,M,West Aberdeenshire and Kincardine,3096,True,Smith,S14000058,45195,3684,8.151344175240624,33.71606149820085,15.49776469305419
Gisela Stuart,1955-11-26,2010-05-26,296,F,"Birmingham, Edgbaston",3325,True,Stuart,E14000560,41571,1274,3.064636405186308,44.11192113329468,13.80374451163947
David Cairns,1966-08-07,2010-05-26,1421,M,Inverclyde,1555,True,Cairns,S14000038,37512,14416,38.43036894860312,33.79026814751181,18.13339878505246
Madeleine Moon,1950-03-27,2010-05-26,1490,F,Bridgend,3362,True,Moon,W07000073,38347,2263,5.901374292643492,34.53983198327344,18.65461420004257
Jeremy Corbyn,1949-05-26,2010-05-26,185,M,Islington North,3549,True,Corbyn,E14000763,44554,12401,27.83364007720968,43.63045936464061,8.59484483275184
Mike Gapes,1952-09-04,2010-05-26,184,M,Ilford South,3546,True,Gapes,E14000760,51191,11287,22.04879764021019,48.01923150303355,9.334147365207768
David Burrowes,1969-06-12,2010-05-26,1518,M,"Enfield, Southgate",3475,True,Burrowes,E14000692,44352,7626,17.19426406926407,38.1514883826037,15.0605008525587
Robert Flello,1966-01-14,2010-05-26,1569,M,Stoke-on-Trent South,3779,True,Flello,E14000974,39852,4130,10.36334437418448,37.21060096717631,16.4833201174907
William Cash,1940-05-10,2010-05-26,288,M,Stone,3780,True,Cash,E14000975,47229,13292,28.14372525355184,29.87572552789944,21.27146909755605
Mark Lancaster,1970-05-12,2010-05-26,1544,M,Milton Keynes North,3612,True,Lancaster,E14000821,53888,8961,16.62893408551069,40.27980755020608,11.22596430154846
David Miliband,1965-07-15,2010-05-26,1452,M,South Shields,3749,False,Miliband,E14000944,36518,11109,30.42061449148365,35.29661943762607,18.3245437091404
Julian Brazier,1953-07-24,2010-05-26,77,M,Canterbury,3388,True,Brazier,E14000619,49209,6048,12.29043467658355,43.51299414348463,17.64275256222547
Menzies Campbell,1941-05-22,2010-05-26,627,M,North East Fife,2135,True,Campbell,S14000049,40064,9048,22.58386581469648,35.99732029873707,20.27640622286182
James Arbuthnot,1952-08-04,2010-05-26,56,M,North East Hampshire,3643,True,Arbuthnot,E14000844,52939,18597,35.12911086344661,33.63340236655601,16.59190958382333
Liam Fox,1961-09-22,2010-05-26,223,M,North Somerset,3649,False,Fox,E14000850,57941,7862,13.56897533698072,30.82175054437413,21.3954292924154
Angus MacNeil,1970-07-21,2010-05-26,1546,M,Na h-Eileanan an Iar,2025,False,MacNeil,S14000027,14717,1885,12.80831691241421,30.22684583152724,21.56119057939604
Ann Clwyd,1937-03-21,2010-05-26,553,F,Cynon Valley,3435,True,Clwyd,W07000070,29876,9617,32.18971749899585,37.37382526975287,17.37730595196659
Ian Davidson,1950-09-08,2010-05-26,611,M,Glasgow South West,1209,True,Davidson,S14000035,31781,14671,46.16280167395614,38.36078067135831,15.01089558103812
Bob Stewart,1949-07-07,2010-05-26,3919,M,Beckenham,3312,True,Stewart,E14000551,47686,17784,37.29396468565198,33.90146073484961,17.91152842744021
Jeffrey M. Donaldson,1962-12-07,2010-05-26,650,M,Lagan Valley,3563,False,Donaldson,N06000009,36540,10486,28.69731800766284,37.275,15.8
Yasmin Qureshi,1963-07-05,2010-05-26,3924,F,Bolton South East,3345,True,Qureshi,E14000579,39604,8634,21.8008281991718,42.24399736601571,13.80876094626869
John Stanley,1942-01-19,2010-05-26,91,M,Tonbridge and Malling,3805,True,Stanley,E14000997,51314,18178,35.42503020618155,35.00884061631724,17.3700429401364
Elfyn Llwyd,1951-09-26,2010-05-26,549,M,Dwyfor Meirionnydd,3454,False,Llwyd,W07000061,28906,6367,22.02656887843354,30.0973882970914,25.27528099052218
James Morris,1967-02-04,2010-05-26,3992,M,Halesowen and Rowley Regis,3508,True,Morris,E14000722,43979,2023,4.599922690374951,36.19372645128781,18.57213206747672
Angela Smith,1959-01-07,2010-05-26,1564,F,Penistone and Stocksbridge,3676,True,Smith,E14000876,46516,3049,6.554733855017629,30.90884076082595,20.00894280047236
Jeremy Lefroy,1959-05-30,2010-05-26,4109,M,Stafford,3770,True,Lefroy,E14000965,50239,5460,10.86805071757002,35.03963046559235,18.29300299196893
Jonathan Reynolds,1980-08-28,2010-05-26,4119,M,Stalybridge and Hyde,3772,True,Reynolds,E14000967,40879,2744,6.712492967049095,37.17898408545891,15.05886200130804
Gordon Birtwistle,1943-09-06,2010-05-26,3946,M,Burnley,3377,True,Birtwistle,E14000609,41845,1818,4.344605090213884,37.81228821833469,16.23496709128293
Thomas Docherty,1975-01-28,2010-05-26,3962,M,Dunfermline and West Fife,929,True,Docherty,S14000017,48947,5470,11.17535293276401,34.84000895054822,15.17931609674729
John Woodcock,1978-10-14,2010-05-26,3917,M,Barrow and Furness,3304,True,Woodcock,E14000543,44124,5208,11.80310035354909,32.99371805552428,19.71269673293855
Julian Huppert,1978-07-21,2010-05-26,3931,M,Cambridge,3386,True,Huppert,E14000617,50130,6792,13.54877318970676,47.58497472546627,11.48509674045668
Alison Seabeck,1954-01-20,2010-05-26,1552,F,"Plymouth, Moor View",3679,True,Seabeck,E14000879,41526,1588,3.82411019602177,37.35359671357399,17.82623896512543
Patrick Mercer,1956-06-26,2010-05-26,1435,M,Newark,3623,True,Mercer,E14000829,51228,16152,31.52963223237292,32.48531894033577,19.30117145254051
Bob Ainsworth,1952-06-19,2010-05-26,306,M,Coventry North East,3427,False,Ainsworth,E14000649,43383,11775,27.14196805200194,44.13225832722535,13.05480902353612
Kevan Jones,1964-04-25,2010-05-26,1438,M,North Durham,3639,False,Jones,E14000840,40967,12076,29.47738423609246,34.02161527571562,18.16465821852376
David Lidington,1956-06-30,2010-05-26,15,M,Aylesbury,3299,False,Lidington,E14000538,53162,12618,23.73499868327001,37.4813703981412,14.18349116424598
Kerry McCarthy,1965-03-26,2010-05-27,1491,F,Bristol East,3367,False,McCarthy,E14000599,45017,3722,8.267987649110337,39.30353997147891,14.95050750775942
Greg Knight,1949-04-04,2010-05-27,1200,M,East Yorkshire,3466,True,Knight,E14000683,51254,13486,26.31209271471495,29.39617641491576,23.48047859569423
Heidi Alexander,1975-04-17,2010-05-27,4038,F,Lewisham East,3575,True,Alexander,E14000787,41719,6216,14.89968599439105,40.97998160577657,11.24689352875565
Robert Halfon,1969-03-22,2010-05-27,3985,M,Harlow,3515,True,Halfon,E14000729,43878,4925,11.22430375131045,37.8568405976368,15.55938934279483
Helen Goodman,1958-01-02,2010-05-27,1484,F,Bishop Auckland,3334,False,Goodman,E14000569,41136,5218,12.68475301439129,33.20748654510403,19.07324742090587
Andrew George,1958-12-02,2010-05-27,227,M,St Ives,3769,True,George,E14000964,45921,1719,3.743385379238257,30.04102648500594,23.02890662654143
Mark Tami,1962-10-03,2010-05-27,1383,M,Alyn and Deeside,3292,True,Tami,W07000043,39923,2919,7.3115747814543,36.44748803102842,16.5868735228168
Catherine McKinnell,1976-06-08,2010-05-27,4125,F,Newcastle upon Tyne North,3627,True,McKinnell,E14000833,43946,3414,7.768625130842397,35.67963034270312,18.05159799768964
Bernard Jenkin,1959-04-09,2010-05-27,40,M,Harwich and North Essex,3520,True,Jenkin,E14000734,49000,11447,23.36122448979592,32.71470878578479,21.07381814193266
Grahame Morris,1961-03-13,2010-05-27,3973,M,Easington,3458,True,Morris,E14000677,34914,14982,42.91115311909262,36.13309330788097,17.68053256654061
Lilian Greenwood,1966-03-26,2010-05-27,4029,F,Nottingham South,3666,True,Greenwood,E14000867,40789,1772,4.344308514550491,53.06546556443566,11.90116539873481
David Evennett,1949-06-03,2010-05-27,1198,M,Bexleyheath and Crayford,3323,True,Evennett,E14000558,43182,10344,23.95442545505071,38.18299790547309,15.95027775248156
Vernon Coaker,1953-06-17,2010-05-27,360,M,Gedling,3495,False,Coaker,E14000710,48190,1859,3.857646814691845,34.47418758713108,17.61857931764884
Iain Wright,1972-05-09,2010-05-27,1478,M,Hartlepool,3519,False,Wright,E14000733,38242,5509,14.40562732074682,37.37775459642717,16.94918937714608
Chi Onwurah,1965-04-12,2010-05-27,4124,F,Newcastle upon Tyne Central,3625,True,Onwurah,E14000831,34157,7466,21.85789150101004,46.56697939013587,12.1887440897399
Gerry Sutcliffe,1953-05-13,2010-05-27,403,M,Bradford South,3354,False,Sutcliffe,E14000588,37995,4622,12.16475852085801,41.99812890836575,12.95780195972229
Clive Betts,1950-01-13,2010-05-27,394,M,Sheffield South East,3723,True,Betts,E14000920,41408,10505,25.36949381761978,36.67319572095826,17.46486149077681
Albert Owen,1959-08-10,2010-05-27,1474,M,Ynys Môn,3875,True,Owen,W07000041,34444,2461,7.144930902334224,32.12140327737237,22.43121962409141
Adrian Bailey,1945-12-11,2010-05-27,320,M,West Bromwich West,3842,True,Bailey,E14001030,36171,5651,15.62301291089547,41.21142907828941,14.32515439456265
Chris Huhne,1954-07-02,2010-05-27,1517,M,Eastleigh,3468,False,Huhne,E14000685,53650,3864,7.202236719478099,36.06969729094186,15.64526854466428
Rachel Reeves,1979-02-13,2010-05-27,4031,F,Leeds West,3569,True,Reeves,E14000781,38752,7016,18.10487200660611,43.16315755446846,12.96791155744241
Emma Reynolds,1977-11-02,2010-05-27,4077,F,Wolverhampton North East,3862,True,Reynolds,E14001049,34894,2484,7.118702355705853,40.71582316282948,15.43662733696203
Malcolm Bruce,1944-11-17,2010-05-27,615,M,Gordon,1284,True,Bruce,S14000037,48775,6748,13.83495643259867,33.49919903884661,15.38045654785743
Malcolm Wicks,1947-07-01,2010-05-27,156,M,Croydon North,3433,True,Wicks,E14000655,51676,16481,31.89294837061692,43.92255446767222,9.732880538649262
Alan Whitehead,1950-09-15,2010-05-27,62,M,"Southampton, Test",3761,True,Whitehead,E14000956,44187,2413,5.460882159911286,46.42536926053513,11.68703694964844
Edward Miliband,1969-12-24,2010-05-27,1510,M,Doncaster North,3449,False,Miliband,E14000669,41483,10909,26.29751946580527,37.63532158777329,16.82384692361343
Caroline Spelman,1958-05-04,2010-05-27,312,F,Meriden,3601,False,Spelman,E14000812,52162,16253,31.15869790268778,36.05607424645596,17.6817452738348
Jamie Reed,1973-08-04,2010-05-27,1503,M,Copeland,3425,True,Reed,E14000647,42787,3833,8.95832846425316,32.00603280958327,19.64371808977513
Caroline Lucas,1960-12-09,2010-05-27,3930,F,"Brighton, Pavilion",3366,True,Lucas,E14000598,51834,1252,2.415403017324536,44.82059598621529,10.3192300638074
Geraint Davies,1960-05-03,2010-05-27,155,M,Swansea West,3793,True,Davies,W07000047,35593,504,1.41600876576855,42.98358704814797,17.24227698715724
Nadhim Zahawi,1967-06-02,2010-05-27,4113,M,Stratford-on-Avon,3783,True,Zahawi,E14000977,50542,11346,22.44865656285861,29.71070177421178,22.81387727426828
Thérèse  Coffey,1971-11-18,2010-05-27,4098,F,Suffolk Coastal,3787,True,Coffey,E14000981,54893,9128,16.62871404368499,29.18515673173148,25.28227885208285
Chris Evans,1977-07-17,2010-05-27,4040,M,Islwyn,3551,True,Evans,W07000077,34684,12215,35.21796793910737,36.16194568215574,17.25015913430936
Henry Smith,1969-05-14,2010-05-27,3960,M,Crawley,3430,True,Smith,E14000652,47504,5928,12.47894914112496,40.22627278441232,12.63450190905935
Ian Paisley,1966-12-12,2010-05-27,4129,M,North Antrim,3634,False,Paisley,N06000012,42397,12558,29.62002028445409,37.47,16.2
Damian Collins,1974-02-04,2010-05-27,3986,M,Folkestone and Hythe,3488,True,Collins,E14000704,52800,10122,19.17045454545455,33.41948046200823,20.76824357215559
Tom Greatrex,1974-09-30,2010-05-27,4047,M,Rutherglen and Hamilton West,2501,True,Greatrex,S14000056,46981,21002,44.70317788041974,35.0594359412633,15.16102089969699
Angie Bray,1953-10-13,2010-05-27,3979,F,Ealing Central and Acton,3455,True,Bray,E14000674,47200,3716,7.872881355932202,40.44666259137993,10.59379160770062
Charles Hendry,1959-05-06,2010-05-27,1220,M,Wealden,3835,False,Hendry,E14001023,54969,17179,31.25216030853754,32.40638440595036,20.90715384918913
Neil Parish,1956-05-26,2010-05-27,4072,M,Tiverton and Honiton,3804,True,Parish,E14000996,54894,9320,16.97817612125187,30.30665440049065,24.70918941020137
Peter Aldous,1961-08-26,2010-05-27,4069,M,Waveney,3834,True,Aldous,E14001022,51141,769,1.50368588803504,32.86394597654039,22.86921560590979
Zac Goldsmith,1975-01-20,2010-05-27,4062,M,Richmond Park,3699,True,Goldsmith,E14000896,59268,4091,6.90254437470473,36.30676274754806,13.31667322800952
Nia Griffith,1956-12-04,2010-05-27,1541,F,Llanelli,3585,True,Griffith,W07000045,37461,4701,12.54905101305357,35.48279894147332,19.40673272201366
John Glen,1974-04-01,2010-05-27,4051,M,Salisbury,3715,True,Glen,E14000912,48481,5966,12.3058517769848,33.39963715053881,19.9042602024088
Chris Heaton-Harris,1967-11-28,2010-05-27,3977,M,Daventry,3439,True,Heaton-Harris,E14000660,51774,19188,37.06107312550701,33.01651571656899,17.48108684070325
Nick De Bois,1959-02-23,2010-05-27,4002,M,Enfield North,3474,True,Bois,E14000691,44453,1692,3.806267293545993,42.63437260438803,12.12579934596761
Stephen Mosley,1972-06-22,2010-05-27,3954,M,City of Chester,3416,True,Mosley,E14000640,46790,2583,5.520410344090617,36.85359427926232,17.8848325178773
Hilary Benn,1953-11-26,2010-05-27,413,M,Leeds Central,3565,False,Benn,E14000777,37394,10645,28.4671337647751,54.35101635346975,9.043702070335724
Robert Neill,1952-06-24,2010-05-27,1601,M,Bromley and Chislehurst,3372,False,Neill,E14000604,44037,13900,31.56436632831483,36.18855279636253,16.54462784741575
Stephen Metcalfe,1966-01-09,2010-06-02,4092,M,South Basildon and East Thurrock,3737,True,Metcalfe,E14000933,44735,5772,12.90264893260311,37.55960613504531,15.03416386268398
Andrew Mitchell,1956-03-23,2010-06-02,1211,M,Sutton Coldfield,3791,False,Mitchell,E14000985,50589,17005,33.6140267647117,32.74206945860978,20.03953441912793
Douglas Alexander,1967-10-26,2010-06-02,632,M,Paisley and Renfrewshire South,2286,False,Alexander,S14000053,39998,16614,41.53707685384269,35.08658209093435,16.9136031113992
Tom Clarke,1941-01-10,2010-06-02,583,M,"Coatbridge, Chryston and Bellshill",728,True,Clarke,S14000011,41635,20714,49.75141107241504,36.88435874533705,14.37293122471497
Mark Pritchard,1966-11-22,2010-06-02,1576,M,The Wrekin,3800,True,Pritchard,E14000992,45968,9450,20.55777932474765,37.37899322362053,16.68023409310921
Gareth Thomas,1967-07-15,2010-06-02,177,M,Harrow West,3518,False,Thomas,E14000732,46116,3143,6.815421979356405,41.3027408438535,11.95315125042
John Howell,1955-07-27,2010-06-02,1606,M,Henley,3528,True,Howell,E14000742,53520,16588,30.99402092675636,32.261890156627,19.70923813029076
Greg Hands,1965-11-14,2010-06-02,1526,M,Chelsea and Fulham,3405,True,Hands,E14000629,39856,16722,41.95604175030108,39.45239694598711,11.56891870157147
Alan Duncan,1957-03-31,2010-06-02,343,M,Rutland and Melton,3712,False,Duncan,E14000909,55220,14000,25.35313292285404,32.82305847848919,19.76200384440084
Pauline Latham,1948-02-04,2010-06-02,4025,F,Mid Derbyshire,3604,True,Latham,E14000814,47342,11292,23.8519707659161,31.91021649754034,20.19059388293448
Ann McKechin,1961-04-22,2010-06-02,1419,F,Glasgow North,1205,False,McKechin,S14000031,29613,3898,13.16313781109648,46.48361159193702,11.10614774694288
Gregory Campbell,1953-02-15,2010-06-02,1409,M,East Londonderry,3463,False,Campbell,N06000006,34950,5355,15.32188841201717,39.123,15.0
Stephen O'Brien,1957-04-01,2010-06-02,427,M,Eddisbury,3469,False,O'Brien,E14000686,45414,13255,29.18703483507288,32.18852545163664,19.78676444828513
Virendra Sharma,1947-04-05,2010-06-02,1604,M,"Ealing, Southall",3457,True,Sharma,E14000676,42756,9291,21.73028346898681,43.33643132168353,10.35204722559824
Gordon Marsden,1953-11-28,2010-06-02,465,M,Blackpool South,3338,False,Marsden,E14000573,35192,1852,5.262559672652876,35.74803730957596,18.07767085866168
Adam Holloway,1965-07-29,2010-06-02,1522,M,Gravesham,3501,True,Holloway,E14000715,47303,9312,19.68585501976619,38.62957137239481,16.01454974439638
Jim Dobbin,1941-05-26,2010-06-02,446,M,Heywood and Middleton,3533,True,Dobbin,E14000747,46125,5971,12.94525745257453,37.11956417117447,16.00573661616648
Karen Bradley,1970-03-12,2010-06-02,4110,F,Staffordshire Moorlands,3771,True,Bradley,E14000966,43815,6689,15.2664612575602,30.31745417489003,21.18597061517227
Ronnie Campbell,1943-08-14,2010-06-02,514,M,Blyth Valley,3341,True,Campbell,E14000575,38566,6668,17.28984079240782,34.54133910969406,17.12098717355855
Toby Perkins,1970-08-12,2010-06-02,3952,M,Chesterfield,3408,True,Perkins,E14000632,45839,549,1.19767010624141,33.71546842827728,18.74142072752231
Bridget Phillipson,1983-12-19,2010-06-02,4046,F,Houghton and Sunderland South,3540,True,Phillipson,E14000754,38021,10990,28.90507877225744,34.2107077998207,18.44095538033609
Neil Carmichael,1961-04-15,2010-06-02,4104,M,Stroud,3786,True,Carmichael,E14000980,57973,1299,2.240698256084729,32.31345676043921,19.02400416766852
Philip Hollobone,1964-11-07,2010-06-02,1537,M,Kettering,3556,True,Hollobone,E14000769,47328,9094,19.21484110885734,36.14656325220648,16.04065258090398
Ian Mearns,1957-04-21,2010-06-02,4000,M,Gateshead,3494,True,Mearns,E14000709,38257,12549,32.80184018610973,38.66738619770173,15.53552155418704
Nicholas Soames,1948-02-12,2010-06-02,116,M,Mid Sussex,3607,True,Soames,E14000817,55855,7402,13.25217079939128,34.2103024172583,17.66290732740284
Sammy Wilson,1953-04-04,2010-06-02,1593,M,East Antrim,3459,False,Wilson,N06000005,30502,6770,22.19526588420431,37.592,15.8
Anne Main,1957-05-17,2010-06-02,1568,F,St Albans,3765,True,Main,E14000960,52835,2305,4.362638402574051,36.5061486950022,14.64218793197014
Robert Walter,1948-05-30,2010-06-02,244,M,North Dorset,3637,True,Walter,E14000839,54141,7625,14.08359653497349,32.23695881291022,21.73305089167388
Frank Dobson,1940-03-15,2010-06-02,180,M,Holborn and St Pancras,3536,True,Dobson,E14000750,54649,9942,18.19246463796227,45.47116674776249,10.31538903879329
Andrew Murrison,1961-04-24,2010-06-02,1466,M,South West Wiltshire,3759,True,Murrison,E14000954,49018,10367,21.14937369945734,34.27162670548317,19.43968919459166
Anas Sarwar,1983-03-14,2010-06-02,3981,M,Glasgow Central,1203,True,Sarwar,S14000029,30580,10551,34.5029431000654,48.34588031603055,10.17894517680835
Meg Hillier,1969-02-14,2010-06-02,1524,F,Hackney South and Shoreditch,3507,False,Hillier,E14000721,42858,14288,33.33799990666853,47.15394894869496,7.28555237918027
Andrew Gwynne,1974-06-04,2010-06-02,1506,M,Denton and Reddish,3441,True,Gwynne,E14000661,37635,9831,26.12196094061379,36.80445521483829,16.26083511976885
Barry Gardiner,1957-03-10,2010-06-02,146,M,Brent North,3359,True,Gardiner,E14000592,52298,8028,15.35049141458564,43.03648703340494,11.99293297219887
Andy Slaughter,1960-09-29,2010-06-02,1516,M,Hammersmith,3512,True,Slaughter,E14000726,47452,3549,7.479136811936272,43.42332284583375,8.693629689772997
Stephen Pound,1948-07-03,2010-06-02,161,M,Ealing North,3456,False,Pound,E14000675,47678,9301,19.50794915894123,42.39206717471536,11.09670814171421
Valerie Vaz,1954-12-07,2010-06-02,4076,F,Walsall South,3824,True,Vaz,E14001012,40882,1755,4.292842815909202,43.10203003930091,14.82060708228819
Michael Gove,1967-08-26,2010-06-02,1571,M,Surrey Heath,3789,False,Gove,E14000983,54347,17289,31.8122435461019,34.13144739831856,16.65151859425888
David Wright,1982-12-20,2010-06-02,1461,M,Telford,3797,True,Wright,E14000989,41310,978,2.367465504720407,40.06684447592382,13.26043891587999
Kate Green,1960-05-02,2010-06-02,4120,F,Stretford and Urmston,3785,True,Green,E14000979,44910,8935,19.89534624805166,38.23329856504876,14.77888383679835
Jim Cunningham,1941-02-04,2010-06-02,308,M,Coventry South,3429,True,Cunningham,E14000651,45924,3845,8.372528525389775,46.49213370336342,14.6452352311583
Ed Balls,1967-02-25,2010-06-02,1549,M,Morley and Outwood,3619,False,Balls,E14000826,48856,1101,2.253561486818405,34.96004891546537,15.34619091540319
Barry Sheerman,1940-08-17,2010-06-02,411,M,Huddersfield,3542,True,Sheerman,E14000756,40524,4472,11.03543579113612,41.52220449966421,14.96075386165212
Stewart Hosie,1963-01-03,2010-06-02,1514,M,Dundee East,922,True,Hosie,S14000015,40568,1821,4.488759613488464,35.49809125613525,18.40347209598255
Lindsay Roy,1949-01-19,2010-06-02,1608,M,Glenrothes,1274,True,Roy,S14000036,40501,16448,40.6113429298042,35.04786430050943,17.0374517158372
David Ward,1953-06-24,2010-06-02,3923,M,Bradford East,3353,True,Ward,E14000587,40457,365,0.9021924512445312,48.32542611140397,10.34088912317695
Stephen Dorrell,1952-03-25,2010-06-02,336,M,Charnwood,3401,True,Dorrell,E14000625,53542,15029,28.069552874379,33.38434584371174,19.32494617300629
Stephen Twigg,1966-12-25,2010-06-02,167,M,"Liverpool, West Derby",3584,True,Twigg,E14000796,35784,18467,51.60686340263805,38.97853916078509,14.95631620221567
Duncan Hames,1977-06-16,2010-06-02,3951,M,Chippenham,3411,True,Hames,E14000635,52385,2470,4.715090197575642,34.61634280019931,17.86767148314233
Gavin Shuker,1981-10-10,2010-06-02,4013,M,Luton South,3590,True,Shuker,E14000801,42216,2329,5.516865643357968,47.45144309312035,10.40206934107823
Sarah Wollaston,1962-02-17,2010-06-02,4073,F,Totnes,3810,True,Wollaston,E14001001,47843,4927,10.29826724912735,28.24551021147598,26.33365137260112
Charlotte Leslie,1978-08-11,2010-06-02,3933,F,Bristol North West,3368,True,Leslie,E14000600,50336,3274,6.504291163382073,39.73256356079319,16.82488666686506
Hywel Williams,1953-05-14,2010-06-02,1397,M,Arfon,3294,False,Williams,W07000057,26078,1455,5.579415599355779,42.42154095058854,15.92458686213329
Gavin Barwell,1972-01-23,2010-06-02,3955,M,Croydon Central,3432,True,Barwell,E14000654,49667,2879,5.796605391910122,41.68780785493221,12.09450329105096
Roberta Blackman-Woods,1957-08-16,2010-06-02,1501,F,City of Durham,3417,True,Blackman-Woods,E14000641,46252,3067,6.631064602611779,40.56900662251655,16.32635761589404
Chuka Umunna,1978-10-17,2010-06-02,4128,M,Streatham,3784,True,Umunna,E14000978,46837,3259,6.958174093131499,44.06411348504077,7.925525441997113
Paul Maynard,1975-12-16,2010-06-02,3926,M,Blackpool North and Cleveleys,3337,True,Maynard,E14000572,40591,2150,5.296740656795841,32.37999304481299,22.16306316029308
Cathy Jamieson,1956-11-03,2010-06-02,4011,F,Kilmarnock and Loudoun,1624,True,Jamieson,S14000040,46553,12378,26.58904904087814,34.60902799297593,17.14492304513997
Luciana Berger,1981-05-13,2010-06-02,4036,F,"Liverpool, Wavertree",3583,True,Berger,E14000795,37914,7167,18.90330748536161,41.97986907246916,13.79329187659151
Lisa Nandy,1979-08-09,2010-06-02,4082,F,Wigan,3852,True,Nandy,E14001039,44140,10487,23.75849569551427,36.3886216847602,16.77889240071458
Paul Blomfield,1953-08-25,2010-06-02,4058,M,Sheffield Central,3722,True,Blomfield,E14000919,41468,165,0.3978971737243176,58.16852295201416,8.761840324763194
Christopher Pincher,1969-09-24,2010-06-02,4075,M,Tamworth,3794,True,Pincher,E14000986,46390,6090,13.12782927355033,36.78540709505528,15.92191662995364
Simon Wright,1979-09-15,2010-06-02,4096,M,Norwich South,3663,True,Wright,E14000864,47551,310,0.6519316102710774,43.10644460535843,15.53429192096824
Stella Creasy,1977-04-05,2010-06-02,4088,F,Walthamstow,3825,True,Creasy,E14001013,40994,9478,23.120456652193,45.24235370248869,8.168034297115842
Gordon Henderson,1948-01-27,2010-06-02,4050,M,Sittingbourne and Sheppey,3730,True,Henderson,E14000927,48578,12383,25.49096298736053,37.62175662550298,16.1204384626058
Owen Smith,1970-05-02,2010-06-02,4042,M,Pontypridd,3681,True,Smith,W07000075,36671,2785,7.594557006899184,37.64993971335878,16.16427798978235
Andy Burnham,1970-01-07,2010-06-02,1427,M,Leigh,3573,False,Burnham,E14000785,44332,12011,27.09329603897861,36.36902045690651,15.59559987184093
Andrew Lansley,1956-12-11,2010-06-02,123,M,South Cambridgeshire,3738,False,Lansley,E14000934,59056,7838,13.27214846924953,34.67447430491681,16.77306546941452
Anne Milton,1955-11-03,2010-06-02,1523,F,Guildford,3505,False,Milton,E14000719,55567,7782,14.00471502870409,39.95854117958863,15.66916239931091
Alison McGovern,1980-12-30,2010-06-03,4083,F,Wirral South,3856,True,McGovern,E14001043,39906,531,1.33062697338746,31.51205885606815,22.14570195818122
Steve McCabe,1955-08-04,2010-06-03,298,M,"Birmingham, Selly Oak",3332,False,McCabe,E14000567,46563,3482,7.478040504263042,46.01843043423948,13.74499120758742
Vince Cable,1943-05-09,2010-06-03,207,M,Twickenham,3814,False,Cable,E14001005,59721,12140,20.32785787244018,35.9494483164293,13.1967344610613
Margot James,1957-08-28,2010-06-03,4115,F,Stourbridge,3781,True,James,E14000976,47234,5164,10.93280264216454,34.97400693148494,18.19403714565005
Pat McFadden,1965-03-26,2010-06-03,1587,M,Wolverhampton South East,3863,False,McFadden,E14001050,34707,6593,18.99616792001613,40.08868525806049,15.94860337729794
Harriett Baldwin,1960-05-02,2010-06-03,4107,F,West Worcestershire,3848,True,Baldwin,E14001035,54093,6754,12.48590390623556,29.30677082196862,24.37648650417857
Edward Davey,1965-12-25,2010-06-03,188,M,Kingston and Surbiton,3557,False,Davey,E14000770,57111,7560,13.23737983926039,39.98830528296131,12.95486517177675
Mark Prisk,1962-06-12,2010-06-03,1424,M,Hertford and Stortford,3530,False,Prisk,E14000744,55377,15437,27.87619408779818,35.64862104187947,14.83820786985409
John Cryer,1964-04-11,2010-06-03,181,M,Leyton and Wanstead,3578,True,Cryer,E14000790,40159,6416,15.97649343858164,44.86144572531027,9.435320541739056
John Hayes,1958-06-23,2010-06-03,350,M,South Holland and The Deepings,3744,False,Hayes,E14000939,50188,21880,43.59607874392285,31.6939675539455,21.64218774610175
Wayne David,1957-07-01,2010-06-03,1398,M,Caerphilly,3382,False,David,W07000076,38692,10755,27.79644370929391,37.48103012186709,15.81972867325822
David Willetts,1956-03-09,2010-06-03,53,M,Havant,3522,False,Willetts,E14000736,43903,12160,27.6974238662506,34.43265306122449,20.86204081632653
Lorely Burt,1954-09-10,2010-06-03,1567,F,Solihull,3734,True,Burt,E14000931,55129,175,0.3174372834624245,33.31714178734428,20.7707175890788
Rob Wilson,1965-01-04,2010-06-03,1556,M,Reading East,3691,True,Wilson,E14000889,49985,7605,15.21456436931079,44.02356747614758,11.69090207180543
David Lammy,1972-07-19,2010-06-03,206,M,Tottenham,3811,False,Lammy,E14001002,40687,16931,41.6128001572984,46.68090407545827,8.14936898875709
Adrian Sanders,1959-04-25,2010-06-03,237,M,Torbay,3807,True,Sanders,E14000999,49210,4078,8.286933550091446,32.02652061112713,22.50648601902566
John Mann,1960-01-10,2010-06-03,1387,M,Bassetlaw,3307,True,Mann,E14000546,49577,8215,16.57018375456361,33.86636868064119,18.51302404438964
Edward Vaizey,1968-06-05,2010-06-03,1580,M,Wantage,3827,False,Vaizey,E14001015,56341,13547,24.04465664436201,35.28788148870896,16.80379776524782
Robert Buckland,1968-09-22,2010-06-03,4106,M,South Swindon,3752,True,Buckland,E14000947,47119,3544,7.521382032725652,37.99781966037773,13.43560632102064
Ian Lavery,1963-01-06,2010-06-03,4139,M,Wansbeck,3826,True,Lavery,E14001014,38273,7031,18.37065294071539,33.52625152625153,19.17948717948718
Phil Wilson,1959-05-31,2010-06-03,1603,M,Sedgefield,3718,True,Wilson,E14000915,40222,8696,21.62000895032569,33.80142687277051,18.40071343638526
Greg Mulholland,1970-08-31,2010-06-03,1540,M,Leeds North West,3568,True,Mulholland,E14000780,43483,9103,20.9346181266242,47.45834860649632,14.93301486325099
Stephen Hepburn,1959-12-06,2010-06-03,520,M,Jarrow,3552,True,Hepburn,E14000765,38784,12908,33.28176567656766,34.63007446552967,17.82969012731204
Natascha Engel,1967-04-09,2010-06-03,1507,F,North East Derbyshire,3642,True,Engel,E14000843,47034,2445,5.198367138665646,31.36131756013897,20.91340868112054
David T. C. Davies,1970-06-26,2010-06-03,1545,M,Monmouth,3616,True,Davies,W07000054,46519,10425,22.4101979836196,30.93523461478748,22.20032723060203
John Pugh,1948-06-28,2010-06-03,1454,M,Southport,3763,True,Pugh,E14000958,43757,6024,13.76694014671938,31.7445038227061,23.16969274515661
Liz Kendall,1971-06-11,2010-06-03,4026,F,Leicester West,3572,True,Kendall,E14000784,35819,4017,11.21471844551774,46.82354555433589,10.61235690763682
Nic Dakin,1955-07-10,2010-06-03,4056,M,Scunthorpe,3717,True,Dakin,E14000914,37034,2549,6.88286439488038,38.0854528100612,16.7637976531357
Andrew Love,1949-03-21,2010-06-03,164,M,Edmonton,3470,True,Love,E14000687,40377,9613,23.80810857666493,46.2827617594303,10.41861876333003
Paul Goggins,1953-06-16,2010-06-03,462,M,Wythenshawe and Sale East,3873,False,Goggins,E14001059,40751,7575,18.58850089568354,39.55879284508431,13.73603444678389
Theresa May,1956-10-01,2010-06-03,8,F,Maidenhead,3592,False,May,E14000803,53720,16769,31.21556217423678,34.07585732534145,17.32141102485998
Alan Johnson,1950-05-17,2010-06-03,376,M,Kingston upon Hull West and Hessle,3560,False,Johnson,E14000773,31505,5742,18.22567846373591,38.02565677565677,15.66693441693442
Rory Stewart,1973-01-03,2010-06-03,4137,M,Penrith and The Border,3677,True,Stewart,E14000877,45087,11241,24.93179852285581,29.80459208597949,21.69027845627748
Tony Cunningham,1952-09-16,2010-06-03,1469,M,Workington,3866,True,Cunningham,E14001053,39259,4575,11.65337884306783,32.08784758112885,20.20596454959611
Ben Wallace,1970-05-15,2010-06-03,1539,M,Wyre and Preston North,3871,True,Wallace,E14001057,51308,15844,30.88017463163639,30.3332429010671,22.82058238379454
Kate Hoey,1946-06-21,2010-06-03,210,F,Vauxhall,3820,True,Hoey,E14001008,43191,10651,24.66023014053854,46.50583602992116,7.274210097077162
John Whittingdale,1959-10-16,2010-06-03,39,M,Maldon,3595,True,Whittingdale,E14000806,47895,19407,40.51988725336674,32.12946383323761,18.99050643602824
Kelvin Hopkins,1941-08-22,2010-06-03,2,M,Luton North,3589,True,Hopkins,E14000800,43018,7520,17.48105444232647,42.87345750755455,13.82558339312966
John Spellar,1947-08-05,2010-06-03,318,M,Warley,3828,True,Spellar,E14001016,38270,10756,28.10556571727201,42.89432869491654,14.09963015585514
Mark Garnier,1963-02-26,2010-06-03,4074,M,Wyre Forest,3872,True,Garnier,E14001058,50899,2643,5.192636397571661,32.24291911201837,20.88594029089053
Simon Kirby,1964-12-22,2010-06-03,3929,M,"Brighton, Kemptown",3365,True,Kirby,E14000597,42705,1328,3.109706123404754,39.24776393242107,16.70689222099665
Julian Sturdy,1971-06-03,2010-06-03,4079,M,York Outer,3877,True,Sturdy,E14001062,53300,3688,6.919324577861163,33.25684156598216,20.99325449344661
Julie Elliott,1963-07-29,2010-06-03,4127,F,Sunderland Central,3788,True,Elliott,E14000982,42463,6725,15.83731719379224,37.40101116283726,17.19877859538469
Dan Byles,1974-06-24,2010-06-03,4112,M,North Warwickshire,3653,True,Byles,E14000854,47265,54,0.1142494446207553,33.95383966057268,18.13426039051914
Andrew Bridgen,1964-10-28,2010-06-03,4133,M,North West Leicestershire,3657,True,Bridgen,E14000858,51952,7511,14.45757622420696,33.83938888175632,17.36637137843968
Bill Esterson,1966-10-27,2010-06-03,4061,M,Sefton Central,3719,True,Esterson,E14000916,48463,3862,7.96896601531065,29.719868173258,24.13841807909604
Mike Weatherley,1957-07-02,2010-06-03,3984,M,Hove,3541,True,Weatherley,E14000755,49819,1868,3.749573455910395,35.47762974547132,14.60607701021523
Gareth Johnson,1969-10-12,2010-06-03,3970,M,Dartford,3438,True,Johnson,E14000659,50080,10628,21.2220447284345,38.37209302325581,15.04941860465116
Charlie Elphicke,1971-03-14,2010-06-03,3971,M,Dover,3450,True,Elphicke,E14000670,50385,5274,10.46740101220601,34.14874001229256,19.81151403400943
Brandon Lewis,1971-06-20,2010-06-03,4009,M,Great Yarmouth,3503,True,Lewis,E14000717,43057,4276,9.93102166895046,34.90650410682895,20.94122968430359
Nick Raynsford,1945-01-28,2010-06-03,171,M,Greenwich and Woolwich,3504,True,Raynsford,E14000718,41188,10153,24.65038360687579,45.03054302660085,8.360265653301132
Jim Fitzpatrick,1952-04-04,2010-06-03,197,M,Poplar and Limehouse,3683,False,Fitzpatrick,E14000882,46700,6030,12.91220556745182,51.24237834479009,5.475164084042099
Mark Field,1964-10-06,2010-06-03,1405,M,Cities of London and Westminster,3415,True,Field,E14000639,36931,11076,29.99106441742709,37.6809090909091,11.94181818181818
Theresa Villiers,1968-03-05,2010-06-03,1500,F,Chipping Barnet,3412,False,Villiers,E14000636,50608,11927,23.567420170724,37.26791280040725,14.83125396300894
Tim Loughton,1962-05-30,2010-06-07,114,M,East Worthing and Shoreham,3465,False,Loughton,E14000682,48397,11105,22.94563712626816,33.03132550195784,20.27618095476131
Alex Cunningham,1955-05-01,2010-06-07,4122,M,Stockton North,3775,True,Cunningham,E14000970,39498,6676,16.90212162641146,38.58833244597047,16.08988080362478
Bob Blackman,1956-04-26,2010-06-07,4005,M,Harrow East,3517,True,Blackman,E14000731,48006,3403,7.088697246177561,40.21935023756517,14.7714459189869
Nick Gibb,1960-09-03,2010-06-07,111,M,Bognor Regis and Littlehampton,3342,False,Gibb,E14000576,46852,13063,27.88141381371126,31.98216045431918,23.92693507258744
Sarah Teather,1974-06-01,2010-06-07,1170,F,Brent Central,3358,False,Teather,E14000591,45323,1345,2.967588200251528,45.52379982246541,9.388233239715364
Diana Johnson,1966-07-25,2010-06-07,1533,F,Kingston upon Hull North,3559,False,Johnson,E14000772,33291,641,1.925445315550749,46.62335333762248,11.64924641135709
Amber Rudd,1963-08-01,2010-06-07,3983,F,Hastings and Rye,3521,True,Rudd,E14000735,49814,1993,4.000883285823263,34.61253519039857,18.95836420210401
Hazel Blears,1956-05-14,2010-06-07,456,F,Salford and Eccles,3714,True,Blears,E14000911,41533,5725,13.78421977704476,42.99651760543917,13.36852578630258
Andrew Turner,1953-10-24,2010-06-07,1426,M,Isle of Wight,3548,True,Turner,E14000762,70264,10527,14.98206763065012,30.8176328065671,23.83394206776842
Geoffrey Robinson,1938-05-25,2010-06-07,307,M,Coventry North West,3428,True,Robinson,E14000650,46560,6288,13.50515463917526,40.20243476881592,16.21956538980093
Claire Perry,1964-04-03,2010-06-07,3974,F,Devizes,3445,True,Perry,E14000665,46340,13005,28.06430729391454,38.13847549161066,16.19326380014017
Julie Hilling,1955-04-29,2010-06-07,3925,F,Bolton West,3346,True,Hilling,E14000580,47576,92,0.1933748108289894,35.01581625636089,16.61394581213038
Elizabeth Truss,1975-07-26,2010-06-07,4097,F,South West Norfolk,3757,True,Truss,E14000952,49150,13140,26.73448626653103,34.12098572380042,20.90560719698067
Tom Brake,1962-05-06,2010-06-07,151,M,Carshalton and Wallington,3396,True,Brake,E14000621,45918,5260,11.45520275273313,38.90497471727408,13.10820167432492
Matthew Offord,1969-09-03,2010-06-07,4006,M,Hendon,3527,True,Offord,E14000741,46374,106,0.2285763574416699,44.40208392229717,11.60050078752877
Ian Austin,1965-03-06,2010-06-07,1511,M,Dudley North,3451,False,Austin,E14000671,38602,649,1.681260038339982,37.56063926715753,18.38754955797976
Annette Brooke,1947-06-07,2010-06-07,1431,F,Mid Dorset and North Poole,3605,True,Brooke,E14000815,46788,269,0.5749337436949645,31.61536271706708,21.6120208433899
Meg Munn,1959-08-24,2010-06-07,1448,F,"Sheffield, Heeley",3726,True,Munn,E14000923,40871,5807,14.20811822563676,36.44212868850705,17.80112554297819
Anne McIntosh,1954-09-20,2010-06-07,384,F,Thirsk and Malton,3801,True,McIntosh,E14000993,38142,11281,29.57632006711761,29.88375331359787,23.37517663926394
Eleanor Laing,1958-02-01,2010-06-07,36,F,Epping Forest,3476,True,Laing,E14000693,46584,15131,32.48110939378328,34.50002103403307,17.43090320137983
Anne McGuire,1949-05-26,2010-06-07,636,F,Stirling,2784,True,McGuire,S14000057,46841,8304,17.72805875194808,37.11480714040356,17.21165246490188
Mark Harper,1970-02-26,2010-06-07,1520,M,Forest of Dean,3489,False,Harper,E14000705,48763,11064,22.68933412628427,31.83005094757854,20.76432973179988
Nick Clegg,1967-01-07,2010-06-07,1563,M,"Sheffield, Hallam",3725,False,Clegg,E14000922,51135,15284,29.88950816466217,37.26890192040825,18.86722771834012
Emily Thornberry,1960-07-27,2010-06-07,1536,F,Islington South and Finsbury,3550,False,Thornberry,E14000764,43555,3569,8.194237171392492,45.63103958852868,8.90644482543641
David Davis,1948-12-23,2010-06-07,373,M,Haltemprice and Howden,3510,True,Davis,E14000724,48737,11602,23.80532244495968,30.80468599961591,21.19657926546843
Alun Michael,1943-08-22,2010-06-07,562,M,Cardiff South and Penarth,3391,True,Michael,W07000080,44369,4709,10.61326601906737,41.85845237541297,13.56381741193988
John Thurso,1953-09-10,2010-06-07,1399,M,"Caithness, Sutherland and Easter Ross",543,True,Thurso,S14000009,28768,4826,16.77558398220245,32.19399315431712,20.16905301386813
Jenny Chapman,1973-09-25,2010-06-07,3972,F,Darlington,3437,True,Chapman,E14000658,42896,3388,7.898172323759792,36.81153395976678,17.18279969808679
Paul Murphy,1983-04-13,2010-06-07,546,M,Torfaen,3808,True,Murphy,W07000053,37640,9306,24.72369819341126,37.27622429353455,16.96873304729496
Tristram Hunt,1974-05-31,2010-06-07,4111,M,Stoke-on-Trent Central,3777,True,Hunt,E14000972,32470,5566,17.14197720973206,42.28556988833269,14.45778783211398
Dominic Raab,1974-02-25,2010-06-07,4007,M,Esher and Walton,3480,True,Raab,E14000697,54543,18593,34.08870065819629,34.42341896327264,16.41179382804335
Ian Swales,1953-04-05,2010-06-07,4045,M,Redcar,3693,True,Swales,E14000891,41963,5214,12.42523175178133,35.74075352712376,19.12932403507561
Nicola Blackwood,1979-10-16,2010-06-07,4019,F,Oxford West and Abingdon,3674,True,Blackwood,E14000874,56480,176,0.311614730878187,37.80346275416332,16.67877529839128
Fiona O'Donnell,1960-01-27,2010-06-07,3964,F,East Lothian,991,True,O'Donnell,S14000020,49161,12258,24.93439921889302,34.01125184271488,17.81341195583501
Michael Ellis,1967-10-13,2010-06-07,4116,M,Northampton North,3660,True,Ellis,E14000861,40271,1936,4.807429664026222,39.97122702803044,15.16846111007982
Margaret Curran,1958-11-24,2010-06-07,3982,F,Glasgow East,1204,True,Curran,S14000030,32164,11840,36.81134187290138,37.24628727031418,15.54541086016338
Nigel Mills,1974-10-28,2010-06-07,4136,M,Amber Valley,3293,True,Mills,E14000533,45958,536,1.166282257713565,33.42739779024384,18.14002708146058
Michael McCann,1964-01-02,2010-06-07,3963,M,"East Kilbride, Strathaven and Lesmahagow",985,True,McCann,S14000019,50946,14503,28.46739685156833,34.49844242961075,17.08749266001174
Guy Opperman,1965-05-18,2010-06-07,4142,M,Hexham,3532,True,Opperman,E14000746,43483,5788,13.31094910654739,29.71299648460045,21.9948580723018
Gemma Doyle,1981-04-13,2010-06-07,4063,F,West Dunbartonshire,3117,True,Doyle,S14000059,42266,17408,41.18676950740548,35.56547619047619,16.44179894179894
Mark Reckless,1970-12-06,2010-06-07,4049,M,Rochester and Strood,3701,True,Reckless,E14000898,47971,9953,20.74795188759876,38.99459490267975,14.60041226928594
Stephen Lloyd,1957-06-15,2010-06-07,3968,M,Eastbourne,3467,True,Lloyd,E14000684,52124,3435,6.590054485457754,33.45655673267697,23.16007187511699
Eilidh Whiteford,1969-04-24,2010-06-07,3911,F,Banff and Buchan,110,True,Whiteford,S14000007,38466,4027,10.46898559767067,33.97098275390091,17.73446482343279
Matthew Hancock,1978-10-02,2015-07-01,4070,M,West Suffolk,3846,False,Hancock,E14001034,48089,13050,27.13718313959533,37.67395100269856,16.87655431504312
Siobhain McDonagh,1960-02-20,2010-06-07,193,F,Mitcham and Morden,3614,True,McDonagh,E14000823,43797,13666,31.20305043724456,42.24670371159171,10.88791651338845
Jacob Rees-Mogg,1969-05-24,2010-06-07,4099,M,North East Somerset,3645,True,Rees-Mogg,E14000846,51203,4914,9.597093920278107,33.07364870291543,20.27605355852083
Simon Hart,1963-08-15,2010-06-07,3944,M,Carmarthen West and South Pembrokeshire,3395,True,Hart,W07000066,40507,3423,8.450391290394252,33.36393493496082,21.89092037549458
John Hemming,1960-03-16,2010-06-07,1483,M,"Birmingham, Yardley",3333,True,Hemming,E14000568,40850,3002,7.348837209302325,43.50465626112537,13.90694972736982
Crispin Blunt,1960-07-15,2010-06-07,104,M,Reigate,3695,False,Blunt,E14000893,49978,13591,27.19396534475169,35.23449664296411,16.38451697360983
Glenda Jackson,1936-05-09,2010-06-07,175,F,Hampstead and Kilburn,3513,True,Jackson,E14000727,52822,42,0.0795123244102836,39.19562424512843,11.03862634530614
Russell Brown,1951-09-17,2010-06-07,588,M,Dumfries and Galloway,911,True,Brown,S14000013,52173,7449,14.27749985624748,31.4411110195335,21.79901920382428
George Osborne,1971-05-23,2010-06-08,1458,M,Tatton,3795,False,Osborne,E14000987,45231,14487,32.028918219805,30.76749676699847,20.5001957597257
Liam Byrne,1970-10-02,2010-06-08,1171,M,"Birmingham, Hodge Hill",3328,False,Byrne,E14000563,42472,10302,24.25598041062347,51.95105113496277,10.48751623136475
John Robertson,1952-04-17,2010-06-08,605,M,Glasgow North West,1207,True,Robertson,S14000033,35582,13611,38.2524872126356,38.21522554202277,14.96937658647912
Justine Greening,1969-04-30,2010-06-08,1555,F,Putney,3689,False,Greening,E14000887,40785,10053,24.64876792938581,42.34549659514326,10.08394363784316
Karen Lumley,1964-03-28,2010-06-08,4023,F,Redditch,3694,True,Lumley,E14000892,44018,5821,13.22413558089873,37.00725938646475,14.74402578141552
Kwasi Kwarteng,1975-05-26,2010-06-08,4134,M,Spelthorne,3764,True,Kwarteng,E14000959,47304,10019,21.18002705902249,34.38565660369463,17.44806376702441
Chris Skidmore,1981-05-17,2010-06-08,4021,M,Kingswood,3561,True,Skidmore,E14000774,47906,2445,5.103744833632531,36.06262186030508,17.12237641931414
Mark Durkan,1960-06-26,2010-06-08,1594,M,Foyle,3490,False,Durkan,N06000008,37889,4824,12.73192747235345,41.859,11.9
Danny Alexander,1972-05-15,2010-06-08,1535,M,"Inverness, Nairn, Badenoch and Strathspey",1561,True,Alexander,S14000039,47086,8765,18.61487490973963,34.51381258829069,16.89785747920264
Tom Watson,1967-01-08,2010-06-08,1463,M,West Bromwich East,3841,True,Watson,E14001029,37950,6696,17.64426877470356,39.68874247415654,16.48869703510167
David Gauke,1971-10-08,2010-06-08,1529,M,South West Hertfordshire,3756,False,Gauke,E14000951,56750,14920,26.29074889867841,34.38547512558281,17.05457273357453
Derek Twigg,1959-07-09,2010-06-08,429,M,Halton,3511,True,Twigg,E14000725,41338,15504,37.50544293386231,37.65987683562292,15.65450813200695
Mark Williams,1966-03-24,2010-06-08,1498,M,Ceredigion,3400,True,Williams,W07000064,38258,8324,21.75754090647708,38.06143146913938,20.68570374858407
James Clappison,1956-09-14,2010-06-08,67,M,Hertsmere,3531,True,Clappison,E14000745,47270,17605,37.24349481700867,36.96154192200418,16.32293988863452
Huw Irranca-Davies,1963-01-22,2010-06-08,1476,M,Ogmore,3668,False,Irranca-Davies,W07000074,34650,13246,38.22799422799423,36.18373518156761,16.05207524953839
Alec Shelbrooke,1976-01-10,2010-06-08,3997,M,Elmet and Rothwell,3472,True,Shelbrooke,E14000689,55789,4521,8.103748050690998,31.7657569035263,20.55750178171708
Ivan Lewis,1967-03-04,2010-06-08,441,M,Bury South,3380,False,Lewis,E14000612,48267,3292,6.820394886775643,37.58304204738251,15.65074303468858
Sajid Javid,1969-12-05,2010-06-08,3945,M,Bromsgrove,3373,True,Javid,E14000605,51630,11308,21.90199496416812,31.9852195179256,20.43529801253778
Nick Smith,1960-01-14,2010-06-08,3928,M,Blaenau Gwent,3339,True,Smith,W07000072,32395,10516,32.46179966044143,36.08302059758788,17.87177356977111
Nicky Morgan,1972-10-01,2010-06-08,4027,F,Loughborough,3586,True,Morgan,E14000797,52838,3744,7.08580945531625,42.97871482299323,14.83811770874295
Michael Meacher,1939-11-04,2010-06-08,454,M,Oldham West and Royton,3671,True,Meacher,E14000871,42910,9352,21.79445350734095,42.89681920948001,13.97150541825836
Andrew Bingham,1962-06-23,2010-06-08,3994,M,High Peak,3534,True,Bingham,E14000748,50337,4677,9.291376124918052,33.88196981032434,17.2391409585002
Jim Shannon,1955-03-25,2010-06-08,4131,M,Strangford,3782,False,Shannon,N06000016,32505,5876,18.07721888940163,36.013,16.4
Guto Bebb,1968-10-09,2010-06-08,3910,M,Aberconwy,3288,True,Bebb,W07000058,29966,3398,11.33951812053661,30.56279358326686,24.22228130816272
Rushanara Ali,1975-03-14,2010-06-08,4138,F,Bethnal Green and Bow,3320,True,Ali,E14000555,50728,11574,22.81580192398675,53.5368684733269,6.797712024634825
Robin Walker,1978-04-12,2010-06-08,4091,M,Worcester,3865,True,Walker,E14001052,48974,2982,6.088945154571814,38.92758788271505,14.79122792807387
Mark Pawsey,1957-01-16,2010-06-08,4052,M,Rugby,3708,True,Pawsey,E14000905,47468,6000,12.64009437937137,35.75179442562844,17.45124237433842
Gavin Williamson,1976-06-25,2010-06-08,4108,M,South Staffordshire,3750,True,Williamson,E14000945,50440,16590,32.89056304520222,31.71213496342961,20.77732101863221
Jonathan Edwards,1976-04-26,2010-06-08,3943,M,Carmarthen East and Dinefwr,3394,True,Edwards,W07000067,38011,3481,9.157875351871828,31.58657771021592,22.35171578977001
Stephen Gilbert,1963-07-24,2010-06-08,4101,M,St Austell and Newquay,3766,True,Gilbert,E14000961,47238,1312,2.777424954485796,32.97921757922162,20.96924040151072
Alun Cairns,1970-07-30,2010-06-08,4086,M,Vale of Glamorgan,3819,True,Cairns,W07000078,48667,4307,8.849939383976823,35.71874392477464,17.68594026582628
Shabana Mahmood,1980-09-17,2010-06-08,3914,F,"Birmingham, Ladywood",3329,True,Mahmood,E14000564,35833,10105,28.20026232802166,56.70005446236178,6.990915046608732
Damian Hinds,1969-11-27,2010-06-08,3969,M,East Hampshire,3462,True,Hinds,E14000680,51317,13497,26.30122571467545,33.36097059255684,18.96370773073613
Margaret Ritchie,1958-03-25,2010-06-08,4130,F,South Down,3741,False,Ritchie,N06000015,42589,8412,19.7515790462326,40.949,13.5
Nick Boles,1965-11-02,2010-06-08,3995,M,Grantham and Stamford,3500,True,Boles,E14000714,52799,14826,28.0800772741908,33.81517563774655,18.60505215966894
Naomi Long,1971-12-13,2010-06-08,3920,F,Belfast East,3314,True,Long,N06000001,34488,1533,4.445024356297843,35.311,17.4
Steve Baker,1971-06-06,2010-06-08,4064,M,Wycombe,3870,True,Baker,E14001056,48151,9560,19.85420863533468,41.25497454881999,13.1568718186025
Ian Murray,1976-08-10,2010-06-08,3966,M,Edinburgh South,1047,True,Murray,S14000024,43801,316,0.7214447158740668,40.70012995451592,15.42861784089854
Mike Crockart,1966-01-01,2010-06-08,3967,M,Edinburgh West,1054,True,Crockart,S14000026,46447,3803,8.187826985596486,33.56073526624976,18.60459931556477
Joseph Johnson,1971-12-23,2010-06-08,4039,M,Orpington,3672,True,Johnson,E14000872,48911,17200,35.1659135981681,33.89461329240353,19.59213154716896
David Rutley,1961-03-07,2010-06-08,4033,M,Macclesfield,3591,True,Rutley,E14000802,50059,11959,23.88981002417148,31.32156795471116,19.79778702234421
Sheila Gilmore,1949-10-01,2010-06-08,3965,F,Edinburgh East,1035,True,Gilmore,S14000022,39865,9181,23.03022701617961,43.85399836330446,13.28031558847598
Iain Duncan Smith,1954-04-09,2010-06-08,152,M,Chingford and Woodford Green,3410,False,Smith,E14000634,43106,12963,30.07237971512087,37.30955541185946,15.80505734608447
Dan Rogerson,1975-07-23,2010-06-08,1504,M,North Cornwall,3635,True,Rogerson,E14000837,46844,2981,6.363675177183844,30.97119755144926,23.02939631346932
Sarah Newton,1961-07-19,2010-06-08,4071,F,Truro and Falmouth,3812,True,Newton,E14001003,48768,435,0.8919783464566929,33.86419379766824,20.92530994859389
Andrew Stunell,1942-11-24,2010-06-08,445,M,Hazel Grove,3524,False,Stunell,E14000738,41981,6371,15.17591291298445,32.1725840880098,21.08673411390247
Andrew Stephenson,1981-02-17,2010-06-09,4044,M,Pendle,3675,True,Stephenson,E14000875,45045,3585,7.958707958707959,38.78281089299288,16.04212314984573
Francis Maude,1953-07-04,2010-06-09,115,M,Horsham,3539,False,Maude,E14000753,55841,11460,20.52255511183539,34.25625892064961,16.93380395787525
Hugh Bayley,1952-01-09,2010-06-09,385,M,York Central,3876,True,Bayley,E14001061,46483,6451,13.87819202719274,44.63438706771817,13.17183951551855
Oliver Letwin,1956-05-19,2010-06-09,247,M,West Dorset,3843,False,Letwin,E14001031,57337,3923,6.842004290423287,28.42342342342343,26.5723863398282
Fiona Bruce,1964-04-25,2010-06-09,3958,F,Congleton,3424,True,Bruce,E14000646,50780,7063,13.90901929893659,30.87320574162679,20.33601565898217
Nick Hurd,1962-05-13,2010-06-09,1561,M,"Ruislip, Northwood and Pinner",3709,False,Hurd,E14000906,50205,19060,37.9643461806593,33.61005591361134,18.81322292884886
Katy Clark,1967-07-03,2010-06-09,1590,F,North Ayrshire and Arran,2104,True,Clark,S14000048,46116,9895,21.45676121085957,32.90582631000366,19.79270271685075
Tessa Jowell,1947-09-17,2010-06-09,159,F,Dulwich and West Norwood,3453,False,Jowell,E14000673,48214,9365,19.42381880781516,41.3507987914096,8.67091241338134
Tim Farron,1970-05-27,2010-06-09,1591,M,Westmorland and Lonsdale,3850,True,Farron,E14001037,51487,12264,23.81960494882203,28.30348312062822,24.50696504963119
Jonathan Evans,1950-06-02,2010-06-09,1166,M,Cardiff North,3390,True,Evans,W07000051,47630,194,0.4073063195465043,38.13014957895454,16.53426243275756
James Gray,1954-11-07,2010-06-09,261,M,North Wiltshire,3659,True,Gray,E14000860,48699,7483,15.36581859997125,33.74884267100241,17.37348418128853
Frank Roy,1958-08-29,2010-06-09,626,M,Motherwell and Wishaw,2022,False,Roy,S14000047,39123,16806,42.95682846407484,37.06127240513483,15.643648300525
Aidan Burley,1979-01-22,2010-06-09,3937,M,Cannock Chase,3387,True,Burley,E14000618,45559,3195,7.012884391667947,36.32492663807432,16.06472266113973
Dave Watts,1951-08-26,2010-06-09,489,M,St Helens North,3767,True,Watts,E14000962,44556,13101,29.40344734715864,35.23487846826499,17.54802213058704
Nadine Dorries,1957-05-21,2010-06-09,1481,F,Mid Bedfordshire,3603,True,Dorries,E14000813,54897,15152,27.60077964187478,34.63808791362452,15.87479150228224
Heather Wheeler,1959-05-14,2010-06-09,4053,F,South Derbyshire,3739,True,Wheeler,E14000935,50419,7128,14.13752751938753,35.47367642240332,15.46014734016129
John Healey,1960-02-13,2010-06-09,400,M,Wentworth and Dearne,3840,False,Healey,E14001028,42106,13920,33.05942146012445,36.09823619471068,17.14204819529792
Graham Stringer,1950-02-17,2010-06-09,449,M,Blackley and Broughton,3336,True,Stringer,E14000571,34204,12303,35.96947725412232,46.9012405872474,11.15535330552395
Caroline Dinenage,1971-10-28,2010-06-09,4008,F,Gosport,3498,True,Dinenage,E14000713,46939,14413,30.70580966786681,35.60326373592282,18.61136102751838
Jack Dromey,1948-09-29,2010-06-09,3913,M,"Birmingham, Erdington",3326,True,Dromey,E14000561,35546,3277,9.21904011703145,42.19763136901962,14.14019513592014
Susan Elan Jones,1968-06-01,2010-06-09,3956,F,Clwyd South,3420,True,Jones,W07000062,34681,2834,8.171621348865372,35.74250652668612,17.31561239162909
Mike Freer,1960-05-29,2010-06-09,4004,M,Finchley and Golders Green,3487,True,Freer,E14000703,47157,5809,12.31842568441589,40.71040063677368,13.65000663305917
Richard Shepherd,1942-12-06,2010-06-09,295,M,Aldridge-Brownhills,3290,True,Shepherd,E14000531,38634,15266,39.51441735259098,32.65258398939902,21.61898822979188
Kris Hopkins,1963-06-08,2010-06-09,4043,M,Keighley,3553,True,Hopkins,E14000766,47692,2940,6.164555900360647,36.68450849202264,17.34534225424601
Nigel Adams,1966-11-30,2010-06-09,4057,M,Selby and Ainsty,3720,True,Adams,E14000917,51728,12265,23.71056294463347,33.4755063613761,17.09197207860434
Gloria De Piero,1972-12-21,2010-06-09,3915,F,Ashfield,3296,True,Piero,E14000535,48196,192,0.3983733089882977,35.06780226465451,17.48042467178209
Damian Green,1956-01-17,2010-06-09,76,M,Ashford,3297,False,Green,E14000536,55185,17297,31.34366222705445,37.03470869488224,16.75048698423942
Frank Field,1942-07-16,2010-06-09,478,M,Birkenhead,3324,True,Field,E14000559,35323,15395,43.58350083514991,38.46517597784233,15.69614267378234
Simon Burns,1952-09-06,2010-06-09,46,M,Chelmsford,3404,False,Burns,E14000628,54593,5110,9.36017438133094,37.35582030657156,15.28684170587343
John Leech,1971-04-11,2010-06-09,1543,M,"Manchester, Withington",3598,True,Leech,E14000809,45031,1894,4.20599142812729,48.89630286658871,9.88186912873443
Peter Soulsby,1948-12-27,2010-06-09,1592,M,Leicester South,3571,True,Soulsby,E14000783,47124,8808,18.69111280875987,50.84879324653986,10.37497799424916
William Bain,1972-11-29,2010-06-09,1610,M,Glasgow North East,1206,False,Bain,S14000032,29409,15942,54.20789554218096,39.08262864863605,15.34581964730822
Anne Marie Morris,1957-07-05,2010-06-09,4249,F,Newton Abbot,3632,True,Morris,E14000835,48283,523,1.083196984445871,30.60945868679915,23.51486015006009
Norman Baker,1957-07-26,2010-06-09,28,M,Lewes,3574,False,Baker,E14000786,50088,7647,15.26712985146143,30.28279208998549,24.24482946298984
Maria Miller,1964-03-26,2010-06-09,1480,F,Basingstoke,3306,False,Miller,E14000545,50654,13176,26.01176609941959,39.22460091114485,12.39582947516575
Steve Rotheram,1961-11-04,2010-06-09,4035,M,"Liverpool, Walton",3582,True,Rotheram,E14000794,34335,19818,57.71952817824377,39.43140754930559,14.55004571378815
Eric Pickles,1952-04-20,2010-06-10,33,M,Brentwood and Ongar,3361,False,Pickles,E14000594,50592,16921,33.44599936748893,33.00128016179524,19.35303419860796
Lorraine Fullbrook,1959-07-28,2010-06-10,4121,F,South Ribble,3748,True,Fullbrook,E14000943,51458,5554,10.79326829647479,33.3507923303653,18.39253987326822
John Denham,1953-07-15,2010-06-10,61,M,"Southampton, Itchen",3760,False,Denham,E14000955,44412,192,0.4323155903809781,43.10383428565866,14.22258130457213
Grant Shapps,1968-09-14,2010-06-10,1582,M,Welwyn Hatfield,3839,False,Shapps,E14001027,48972,17423,35.57747284162379,42.50052204947131,14.89074928336845
Chris Kelly,1978-06-01,2010-06-10,3975,M,Dudley South,3452,True,Kelly,E14000672,38165,3856,10.10349796934364,36.16914423463238,18.73744475693049
Greg Clark,1967-08-28,2010-06-10,1578,M,Tunbridge Wells,3813,False,Clark,E14001004,50320,15576,30.95389507154213,35.9731607499762,16.3605215570572
Karen Buck,1958-08-30,2010-06-10,199,F,Westminster North,3849,True,Buck,E14001036,39598,2126,5.368958028183242,40.10327906757671,10.63020784270067
Mary Creagh,1967-12-02,2010-06-10,1579,F,Wakefield,3821,False,Creagh,E14001009,44444,1613,3.629286292862929,35.97618697014957,16.01594547405179
Desmond Swayne,1956-08-20,2010-06-10,55,M,New Forest West,3622,True,Swayne,E14000828,47572,16896,35.51669049020433,27.02101859337106,29.40225403014884
Andrew Rosindell,1966-03-17,2010-06-10,1447,M,Romford,3703,True,Rosindell,E14000900,46481,16954,36.47511886577311,37.51225311281206,16.27839072309008
Yvonne Fovargue,1956-11-29,2010-06-10,4034,F,Makerfield,3594,True,Fovargue,E14000805,43771,12490,28.53487468872084,35.65609661717684,16.45485835319036
Helen Jones,1954-12-24,2010-06-10,432,F,Warrington North,3829,False,Jones,E14001017,44211,6771,15.31519305150302,36.75338451682018,15.78565952128386
Martin Vickers,1950-09-13,2010-06-10,3957,M,Cleethorpes,3419,True,Vickers,E14000643,44966,4298,9.558332962682917,33.21188550425779,19.91495090444798
Chris Grayling,1962-04-01,2010-06-10,1413,M,Epsom and Ewell,3477,False,Grayling,E14000694,54955,16134,29.35856609953598,34.46260448957263,17.76250755779917
Gregg McClymont,1976-06-03,2010-06-10,3949,M,"Cumbernauld, Kilsyth and Kirkintilloch East",804,True,McClymont,S14000012,41150,13755,33.42648845686513,36.45474187468395,15.05194685790466
Andrew Griffiths,1970-10-19,2010-06-10,3936,M,Burton,3378,True,Griffiths,E14000610,49823,6304,12.65279087971419,37.26431164886938,16.24923343489307
Tracey Crouch,1975-07-24,2010-06-10,3950,F,Chatham and Aylesford,3402,True,Crouch,E14000626,43807,6069,13.85395028191842,40.10341176591524,13.40035567068595
David Mowat,1957-02-20,2010-06-10,4080,M,Warrington South,3830,True,Mowat,E14001018,54874,1553,2.830119911068995,35.75573517731159,16.05756202401533
Louise Bagshawe,1971-06-28,2010-06-10,3959,F,Corby,3426,True,Bagshawe,E14000648,54236,1895,3.493989232244266,37.02758426507052,15.20540604365162
Teresa Pearce,1955-02-01,2010-06-10,4003,F,Erith and Thamesmead,3479,True,Pearce,E14000696,42476,5703,13.42640549957623,44.50980926183149,9.977213098383128
Chris White,1967-04-28,2010-06-10,4114,M,Warwick and Leamington,3831,True,White,E14001019,49032,3513,7.164708761625062,39.07144327774347,14.95779287626107
Justin Tomlinson,1976-11-05,2010-06-10,4105,M,North Swindon,3650,True,Tomlinson,E14000851,50295,7060,14.03718063425788,37.69250118784762,14.13678414712541
Craig Whittaker,1962-08-30,2010-06-10,3940,M,Calder Valley,3383,True,Whittaker,E14000614,51780,6431,12.41985322518347,32.98821884014336,16.72575052689853
Mary Macleod,1969-01-04,2010-06-10,3927,F,Brentford and Isleworth,3360,True,Macleod,E14000593,53765,1958,3.641774388542732,40.77055913376272,10.56348984100314
David Nuttall,1962-03-25,2010-06-10,4140,M,Bury North,3379,True,Nuttall,E14000611,44961,2243,4.988768043415404,36.44545850627163,16.31199981655163
Marcus Jones,1974-04-05,2010-06-10,4024,M,Nuneaton,3667,True,Jones,E14000868,44646,2069,4.634233749944004,37.28015282260721,15.48646334233581
George Hollingbery,1963-10-12,2010-06-10,4016,M,Meon Valley,3600,True,Hollingbery,E14000811,51238,12125,23.66407744252313,31.93305364833135,20.14288416812259
Jessica Lee,1976-04-07,2010-06-10,3993,F,Erewash,3478,True,Lee,E14000695,47642,2501,5.249569707401033,35.58001063264221,17.09728867623604
Joan Ruddock,1943-12-28,2010-06-14,190,F,"Lewisham, Deptford",3577,False,Ruddock,E14000789,41220,12499,30.32265890344493,45.20194634263076,7.354622563748039
Richard Fuller,1962-05-30,2010-06-14,3912,M,Bedford,3313,True,Fuller,E14000552,45102,1353,2.999866968205401,40.36866997803416,14.75372528842539
Steve Webb,1965-07-18,2010-06-14,220,M,Thornbury and Yate,3802,False,Webb,E14000994,48226,7116,14.75552606477834,33.18621421508333,18.93977763307045
Jon Trickett,1950-07-02,2010-06-14,410,M,Hemsworth,3526,True,Trickett,E14000740,43840,9844,22.4543795620438,35.36956220190143,18.1190580351903
Tom Blenkinsop,1980-08-14,2010-06-14,4037,M,Middlesbrough South and East Cleveland,3611,True,Blenkinsop,E14000820,46214,1677,3.628770502445147,34.62284273802598,18.57022816883201
Edward Timpson,1973-12-26,2010-06-14,1605,M,Crewe and Nantwich,3431,True,Timpson,E14000653,51084,6046,11.83540834703625,37.12932665864959,16.70162485667142
Michael Dugher,1975-04-26,2010-06-14,3916,M,Barnsley East,3303,True,Dugher,E14000542,38386,11090,28.8907414161413,36.27617931309021,17.45140102173961
Peter Tapsell,1930-02-01,2010-06-14,348,M,Louth and Horncastle,3587,True,Tapsell,E14000798,50494,13871,27.47059056521567,28.36558806832843,26.42204675646385
George Freeman,1967-07-12,2010-06-14,4020,M,Mid Norfolk,3606,True,Freeman,E14000816,50765,13856,27.29439574509997,32.51602564102564,22.20452724358974
George Mudie,1945-02-06,2010-06-14,414,M,Leeds East,3566,True,Mudie,E14000778,37813,10293,27.22079708036918,42.02436778202373,14.4396574537679
Frank Doran,1949-04-13,2010-06-14,570,M,Aberdeen North,14,True,Doran,S14000001,37701,8361,22.17713058009072,44.83111566018424,12.94679591386196
Alistair Burt,1955-05-25,2010-06-14,1201,M,North East Bedfordshire,3640,False,Burt,E14000841,55552,18942,34.09778225806452,34.14657891662448,16.34701507068032
Stephen Williams,1966-10-11,2010-06-14,1492,M,Bristol West,3370,True,Williams,E14000602,55347,11366,20.53589173758289,52.63368941070799,7.202547075995252
Stephen Phillips,1970-03-09,2010-06-14,4054,M,Sleaford and North Hykeham,3732,True,Phillips,E14000929,59530,19905,33.43692256005376,30.98977092637948,21.44863852470825
Jeremy Browne,1970-05-17,2010-06-14,1575,M,Taunton Deane,3796,False,Browne,E14000988,58150,3993,6.866723989681857,34.48047410311561,19.97694827883507
Henry Bellingham,1955-03-29,2010-06-14,1441,M,North West Norfolk,3658,False,Bellingham,E14000859,47800,14810,30.98326359832636,32.00874647828098,23.3947268828056
Laura Sandys,1964-06-05,2010-06-14,4094,F,South Thanet,3753,True,Sandys,E14000948,45933,7617,16.58284893214029,34.78364389233954,21.01449275362319
Alok Sharma,1967-09-07,2010-06-14,4014,M,Reading West,3692,True,Sharma,E14000890,47530,6004,12.63202188091732,38.99208687682923,13.55972289287228
Jesse Norman,1962-06-23,2010-06-14,3991,M,Hereford and South Herefordshire,3529,True,Norman,E14000743,48381,2481,5.12804613381286,34.46436630697904,19.3451770401674
Richard Benyon,1960-10-21,2010-06-14,1547,M,Newbury,3624,False,Benyon,E14000830,58589,12248,20.90494802778678,35.77880938869301,15.20034235424361
Helen Grant,1961-09-28,2010-06-15,4018,F,Maidstone and The Weald,3593,True,Grant,E14000804,48928,5889,12.03605297580118,36.23260834799297,16.9388693427155
Jonathan Djanogly,1965-06-03,2010-06-15,1425,M,Huntingdon,3543,False,Djanogly,E14000757,54266,10819,19.93697711274094,35.89079031456365,16.13647660299652
Kenneth Clarke,1940-07-02,2010-06-15,366,M,Rushcliffe,3711,False,Clarke,E14000908,53687,15811,29.45033248272393,34.03641418236577,18.29028147804935
Nick Herbert,1963-04-07,2010-06-15,1479,M,Arundel and South Downs,3295,False,Herbert,E14000534,55982,16691,29.81494051659462,29.02834465954537,23.88271458973753
Esther McVey,1967-10-24,2010-06-15,4084,F,Wirral West,3857,True,McVey,E14001044,39372,2436,6.187138067662298,30.78067881344912,22.94643760204598
Barbara Keeley,1952-03-26,2010-06-15,1588,F,Worsley and Eccles South,3867,False,Keeley,E14001054,41701,4337,10.40023021030671,38.72439893143366,15.46790253379746
Gary Streeter,1955-10-02,2010-06-15,234,M,South West Devon,3755,True,Streeter,E14000950,49860,15874,31.83714400320898,31.86715451730932,20.87925696594427
Laurence Robertson,1958-03-29,2010-06-15,253,M,Tewkesbury,3798,True,Robertson,E14000990,53961,6310,11.69363058505217,32.2395907636497,20.07764892901543
George Howarth,1949-06-29,2010-06-15,481,M,Knowsley,3562,True,Howarth,E14000775,44658,25686,57.51713018943975,38.63439514964873,15.77903955345972
Owen Paterson,1956-06-24,2010-06-15,274,M,North Shropshire,3648,False,Paterson,E14000849,51869,15828,30.51533671364399,34.11880922238846,19.53331798826102
John  Randall,1955-08-05,2010-06-15,209,M,Uxbridge and South Ruislip,3817,False,Randall,E14001007,45076,11216,24.88242080042595,43.41563176146299,12.55915508264422
David Hamilton,1950-10-24,2010-06-15,1432,M,Midlothian,1977,True,Hamilton,S14000045,39242,10349,26.37225421742011,34.84919518674793,16.71294793657663
Lynne Featherstone,1951-12-20,2010-06-15,1531,F,Hornsey and Wood Green,3538,False,Featherstone,E14000752,55042,6875,12.49046182914865,39.73458297862184,9.417689694404444
Keith Simpson,1949-03-29,2010-06-15,126,M,Broadland,3371,True,Simpson,E14000603,52676,7292,13.84311640975017,30.2538135059041,22.08891877127369
James Paice,1949-04-24,2010-06-15,124,M,South East Cambridgeshire,3742,False,Paice,E14000937,57602,5946,10.3225582445054,34.88617255769783,16.67552426837662
Jon Cruddas,1962-04-07,2010-06-15,1406,M,Dagenham and Rainham,3436,True,Cruddas,E14000657,44232,2630,5.94592150479291,41.56332647663826,14.58614947595259
Michael Moore,1954-04-23,2010-06-16,638,M,"Berwickshire, Roxburgh and Selkirk",216,False,Moore,S14000008,49014,5675,11.5783245603297,30.46587032519037,21.15796922361987
David Mundell,1962-05-27,2010-06-16,1512,M,"Dumfriesshire, Clydesdale and Tweeddale",914,False,Mundell,S14000014,45892,4194,9.138847729451756,30.56105839965709,21.14018929783709
Alan Reid,1954-08-07,2010-06-16,1385,M,Argyll and Bute,67,True,Reid,S14000005,45207,3431,7.5895325945097,30.66715060227298,21.93135675884128
Iain Stewart,1950-08-28,2010-06-16,4015,M,Milton Keynes South,3613,True,Stewart,E14000822,55333,5201,9.3994542135796,40.53832770443149,10.89409004668446
Jim Murphy,1967-08-23,2010-06-16,595,M,East Renfrewshire,994,False,Murphy,S14000021,51181,10420,20.35911764131221,34.64570406518427,17.97425309691523
Brian H. Donohoe,1948-09-10,2010-06-16,586,M,Central Ayrshire,614,True,Donohoe,S14000010,43915,12007,27.34145508368439,32.97380760453684,19.05448517807877
Jim McGovern,1956-11-17,2010-06-16,1515,M,Dundee West,927,True,McGovern,S14000016,37126,7278,19.60351236330335,42.47192522358954,16.21500459507319
Alan Haselhurst,1937-06-23,2010-06-16,43,M,Saffron Walden,3713,True,Haselhurst,E14000910,54369,15242,28.03435781419559,33.86655420316009,17.76596475053698
Stuart Andrew,1971-11-25,2010-06-16,4032,M,Pudsey,3688,True,Andrew,E14000886,49083,1659,3.379988998227492,34.83653142760677,17.01873839401272
Margaret Hodge,1944-09-08,2010-06-16,140,F,Barking,3301,True,Hodge,E14000540,45343,16555,36.51059700505039,47.58529346839665,9.227964321045189
Graham Brady,1967-05-20,2010-06-16,435,M,Altrincham and Sale West,3291,True,Brady,E14000532,49393,11595,23.47498633409592,34.68128500584941,17.18897205743806
David Simpson,1959-02-16,2010-06-16,1597,M,Upper Bann,3816,False,Simpson,N06000017,41383,3361,8.121692482420318,40.127,13.6
Phillip Lee,1970-09-28,2010-06-16,3921,M,Bracknell,3352,True,Lee,E14000586,52136,15704,30.12122142089919,37.88686587378039,13.20470390752415
Sharon Hodgson,1966-04-01,2010-06-16,1521,F,Washington and Sunderland West,3832,False,Hodgson,E14001020,37334,11458,30.69052338351101,36.31839673207777,15.31274331689593
Brian Binley,1942-04-01,2010-06-16,1550,M,Northampton South,3661,True,Binley,E14000862,38978,6004,15.40356098311868,41.51150990760028,12.57383966244726
Pat Glass,1956-02-14,2010-06-16,4103,F,North West Durham,3655,True,Glass,E14000856,43815,7612,17.37304576058428,32.94108707215666,18.6237366884139
Stewart Jackson,1965-01-31,2010-06-16,1551,M,Peterborough,3678,True,Jackson,E14000878,44927,4861,10.81977430053198,41.77136222641968,13.89692758244234
Alan Campbell,1957-07-08,2010-06-16,529,M,Tynemouth,3815,False,Campbell,E14001006,52668,5739,10.89655958077011,32.65221397543515,18.75575896880284
Richard Bacon,1962-12-03,2010-06-16,1451,M,South Norfolk,3746,True,Bacon,E14000941,54993,10940,19.89344098339789,31.20792724532298,21.40172924750237
Lee Scott,1956-04-06,2010-06-16,1534,M,Ilford North,3545,True,Scott,E14000759,47018,5404,11.49347058573312,40.29964226184094,13.51996802776126
Philip Hammond,1955-12-04,2010-06-17,105,M,Runnymede and Weybridge,3710,False,Hammond,E14000907,48150,16509,34.28660436137071,36.18574737809229,16.69908416494805
Mike Penning,1957-09-28,2010-06-17,1528,M,Hemel Hempstead,3525,False,Penning,E14000739,49471,13406,27.09870429140304,37.51463404787857,15.12050381494489
Sadiq Khan,1970-10-08,2010-06-17,1577,M,Tooting,3806,False,Khan,E14000998,50655,2524,4.982726285657882,43.11628777247638,8.491907568528394
Andrea Leadsom,1963-05-13,2010-06-17,4117,F,South Northamptonshire,3747,True,Leadsom,E14000942,59890,20478,34.19268659208549,34.73591127650559,14.65337779333468
Julian Smith,1971-08-30,2010-06-17,4118,M,Skipton and Ripon,3731,True,Smith,E14000928,54724,9950,18.18215042760032,30.87461970866158,21.70128744988213
Phil Woolas,1959-12-11,2010-06-17,453,M,Oldham East and Saddleworth,3670,False,Woolas,E14000870,44520,103,0.2313566936208446,39.96122085412546,14.59336030157183
Ann Coffey,1946-08-31,2010-06-17,458,F,Stockport,3774,True,Coffey,E14000969,39128,6784,17.33796769576774,37.958530819622,13.84736613075847
Mark Hoban,1964-03-31,2010-06-17,1414,M,Fareham,3482,False,Hoban,E14000699,54345,17092,31.45091544760327,32.89506071545783,19.36843616672137
Caroline Nokes,1972-06-26,2010-06-17,4048,F,Romsey and Southampton North,3704,True,Nokes,E14000901,48939,4156,8.492204581213347,37.47506799637353,17.99297370806891
Jason McCartney,1968-01-29,2010-06-17,3953,M,Colne Valley,3423,True,McCartney,E14000645,55296,4837,8.747468171296296,35.36780798710635,16.06761842840267
Jane Ellison,1964-08-15,2010-06-17,3918,F,Battersea,3310,True,Ellison,E14000549,48792,5977,12.24995900967372,43.52772493416676,7.886869898509029
Mel Stride,1961-09-30,2010-06-17,3935,M,Central Devon,3398,True,Stride,E14000623,53873,9230,17.13288660367902,29.9383757281335,22.19598317702359
Jake Berry,1978-12-29,2010-06-17,4060,M,Rossendale and Darwen,3705,True,Berry,E14000902,47128,4493,9.53361059242913,35.86585808324263,15.10185041206655
James Wharton,1984-02-16,2010-06-17,4123,M,Stockton South,3776,True,Wharton,E14000971,50284,332,0.6602497812425423,37.4684917199755,15.20732699318116
Anna Soubry,1956-12-07,2010-06-17,3938,F,Broxtowe,3375,True,Soubry,E14000607,52727,389,0.7377624367022588,34.15147781954492,18.18555137884196
Diane Abbott,1953-09-27,2010-06-17,172,F,Hackney North and Stoke Newington,3506,True,Abbott,E14000720,46461,14461,31.12502959471384,48.08647567871536,6.858227373551188
Jeremy Hunt,1966-11-01,2010-06-21,1572,M,South West Surrey,3758,False,Hunt,E14000953,57259,16318,28.49857664297316,33.64814940511398,18.96556739617373
Ben Bradshaw,1960-08-30,2010-06-21,230,M,Exeter,3481,False,Bradshaw,E14000698,52247,2721,5.20795452370471,43.61874752353818,14.95216890884734
John Penrose,1964-06-22,2010-06-21,1584,M,Weston-Super-Mare,3851,False,Penrose,E14001038,52716,2691,5.104712041884817,33.69994630254679,20.71762810678122
Hugh Robertson,1962-10-09,2010-06-21,1415,M,Faversham and Mid Kent,3483,False,Robertson,E14000700,46712,17088,36.58160643945882,34.83686048015172,17.93888194474376
Paul Farrelly,1962-03-02,2010-06-21,1436,M,Newcastle-under-Lyme,3628,True,Farrelly,E14000834,43191,1552,3.593341205343706,37.69745348248918,17.6536061611108
Stephen Hammond,1962-02-04,2010-06-21,1585,M,Wimbledon,3853,True,Hammond,E14001040,47395,11408,24.07004958328938,37.14819233362726,12.31910368795062
Dai Havard,1950-02-07,2010-06-21,1430,M,Merthyr Tydfil and Rhymney,3602,True,Havard,W07000071,32076,4056,12.64496820052376,37.75857484711513,16.74155809625099
Eric Joyce,1960-10-13,2010-06-21,603,M,Falkirk,1115,False,Joyce,S14000028,50777,7843,15.44596963191997,34.32426231012803,16.06810150979762
David Crausby,1946-06-17,2010-06-21,437,M,Bolton North East,3344,True,Crausby,E14000578,43277,4084,9.436883332948218,38.97342792376794,15.86663588279741
Mark Menzies,1971-05-18,2010-06-21,3998,M,Fylde,3491,True,Menzies,E14000706,43690,13185,30.17853055619135,29.99121029372269,23.3330077886564
Eric Ollerenshaw,1950-03-26,2010-06-21,4141,M,Lancaster and Fleetwood,3564,True,Ollerenshaw,E14000776,42701,333,0.7798412215170605,42.69013271783035,17.12175418349683
Oliver Colvile,1959-08-26,2010-06-21,4022,M,"Plymouth, Sutton and Devonport",3680,True,Colvile,E14000880,43894,1149,2.617669840980544,46.35250773600487,12.51916986542528
Jack Lopresti,1969-08-23,2010-06-21,3989,M,Filton and Bradley Stoke,3486,True,Lopresti,E14000702,48301,6914,14.31440342850044,38.95370800099298,14.86654218518958
Sheryll Murray,1956-02-04,2010-06-21,4100,F,South East Cornwall,3743,True,Murray,E14000938,49617,3220,6.489711187697765,29.95822738830367,21.7228932074101
Steve Brine,1974-01-28,2010-06-21,4067,M,Winchester,3854,True,Brine,E14001041,55955,3048,5.447234384773479,35.94442103532265,19.287175112792
Rebecca Harris,1967-12-22,2010-06-21,3948,F,Castle Point,3397,True,Harris,E14000622,45026,7632,16.95020654732821,32.02440604015407,21.58934678619718
Gerald Howarth,1947-09-12,2010-06-21,47,M,Aldershot,3289,False,Howarth,E14000530,45384,5586,12.30830248545743,39.7211370066011,12.68066434441215
Nick Harvey,1961-08-03,2010-06-21,231,M,North Devon,3636,False,Harvey,E14000838,51321,5821,11.34233549619064,32.09454770623592,22.21486756274889
Daniel Poulter,1978-10-30,2010-06-22,3932,M,Central Suffolk and North Ipswich,3399,True,Poulter,E14000624,53420,13786,25.80681392736803,32.71744074392278,20.19204528225603
Chris Ruane,1958-07-18,2010-06-22,534,M,Vale of Clwyd,3818,True,Ruane,W07000060,35534,2509,7.060843136151291,34.47771480007314,20.75638879903236
Edward Garnier,1952-10-26,2010-06-22,337,M,Harborough,3514,False,Garnier,E14000728,54945,9797,17.83055783055783,34.91784387355705,18.93862629393416
Karl Turner,1971-04-15,2010-06-22,4030,M,Kingston upon Hull East,3558,True,Turner,E14000771,34184,8597,25.14919260472735,38.81679845981488,15.41490368404451
Jessica Morden,1968-05-29,2010-06-22,1548,F,Newport East,3629,True,Morden,W07000055,34448,1650,4.789828146771946,39.65105530734864,15.8039336517229
Simon Reevell,1966-03-02,2010-06-22,3978,M,Dewsbury,3446,True,Reevell,E14000666,54008,1526,2.825507332247075,39.52317784521451,14.97610437753266
Austin Mitchell,1934-09-19,2010-06-22,372,M,Great Grimsby,3502,True,Mitchell,E14000716,32954,714,2.166656551556716,39.86945140124429,15.47204877440704
Lyn Brown,1960-04-13,2010-06-22,1583,F,West Ham,3844,True,Brown,E14001032,46951,22534,47.99471789738238,51.0484248333776,6.824878906299403
Sam Gyimah,1976-08-10,2010-06-22,3980,M,East Surrey,3464,True,Gyimah,E14000681,54640,16874,30.88213762811127,33.97034470944287,17.81696708986048
Mike Weir,1970-05-12,2010-06-22,1384,M,Angus,59,False,Weir,S14000004,37960,3282,8.645943097997892,33.18450304636993,19.75722059439096
David Jones,1952-03-22,2010-06-23,1502,M,Clwyd West,3421,False,Jones,W07000059,38111,6419,16.84290624754008,31.27029220779221,23.93127705627706
Cheryl Gillan,1952-04-21,2010-06-23,18,F,Chesham and Amersham,3407,False,Gillan,E14000631,52444,16710,31.86255815727252,33.06525611270038,19.39655637717925
Peter Hain,1950-02-16,2010-06-23,567,M,Neath,3620,False,Hain,W07000069,37122,9775,26.33209417596035,33.94725769893728,18.9171948587793
Pamela Nash,1984-06-24,2010-06-23,3909,F,Airdrie and Shotts,36,True,Nash,S14000003,35849,12408,34.61184412396441,37.11689673248296,14.90593511561535
Graham Evans,1963-11-10,2010-06-23,4081,M,Weaver Vale,3836,True,Evans,E14001024,43990,991,2.252784723800864,34.85293617214352,15.87472634671446
Andrew Jones,1963-11-28,2010-06-23,3996,M,Harrogate and Knaresborough,3516,True,Jones,E14000730,53134,1039,1.955433432453796,33.04517733435964,19.28079420530128
John Stevenson,1963-07-04,2010-06-23,3942,M,Carlisle,3393,True,Stevenson,E14000620,42200,853,2.02132701421801,35.78199327742821,17.82877214203468
Angela Watkinson,1941-11-18,2010-06-23,1462,F,Hornchurch and Upminster,3537,False,Watkinson,E14000751,53390,16371,30.66304551414122,35.0212939735138,19.26180891818836
Mark Francois,1965-08-14,2010-06-23,1444,M,Rayleigh and Wickford,3690,False,Francois,E14000888,52343,22338,42.67619356934069,32.41844029912072,19.71505464705399
Paul Burstow,1962-05-13,2010-06-23,204,M,Sutton and Cheam,3790,False,Burstow,E14000984,48508,1608,3.314917127071823,35.60491014932929,15.54247869737619
James Brokenshire,1968-01-07,2010-06-23,1530,M,Old Bexley and Sidcup,3669,False,Brokenshire,E14000869,45492,15857,34.85667809724787,35.97507195246495,18.66470151332281
Richard Drax,1958-01-29,2010-06-24,4132,M,South Dorset,3740,True,Drax,E14000936,50310,7443,14.79427549194991,31.70686637898238,22.2502418504549
George Eustice,1971-09-28,2010-06-24,3934,M,Camborne and Redruth,3385,True,Eustice,E14000616,42493,66,0.1553196997152472,33.48237277026078,20.37314481015029
John McDonnell,1951-09-08,2010-06-24,178,M,Hayes and Harlington,3523,True,McDonnell,E14000737,42637,10824,25.38640148228065,45.93173708152869,9.737317606893482
Jackie Doyle-Price,1969-08-05,2010-06-28,4065,F,Thurrock,3803,True,Doyle-Price,E14000995,45821,92,0.2007813011501277,41.67304632058836,11.29499806459937
Rehman Chishti,1978-10-04,2010-06-28,3987,M,Gillingham and Rainham,3496,True,Chishti,E14000711,46786,8680,18.55255845765828,39.47687949003338,14.81432763330972
Eric Illsley,1955-04-09,2010-06-28,386,M,Barnsley Central,3302,True,Illsley,E14000541,37001,11093,29.9802708034918,36.01978673262244,16.62972209907366
Paul Beresford,1946-04-06,2010-06-29,103,M,Mole Valley,3615,True,Beresford,E14000824,54324,15653,28.81415212429129,31.46170277693012,20.50235181463281
Mary Glindon,1957-01-13,2010-06-29,4126,F,North Tyneside,3652,True,Glindon,E14000853,46405,12884,27.76424954207521,35.11985260970972,16.43636933811568
Paul Uppal,1967-06-14,2010-06-29,4078,M,Wolverhampton South West,3864,True,Uppal,E14001051,40160,691,1.720617529880478,37.60790456113905,17.6851601050487
Hugo Swire,1959-11-30,2010-06-30,1408,M,East Devon,3460,False,Swire,E14000678,53092,9114,17.1664280870941,29.29882072459449,26.7274043169143
Shaun Woodward,1958-10-26,2010-06-30,98,M,St Helens South and Whiston,3768,False,Woodward,E14000963,46081,14122,30.64603632733665,35.74912822754503,17.91628997486514
Alasdair McDonnell,1949-09-01,2010-06-30,1596,M,Belfast South,3316,False,McDonnell,N06000003,34186,5926,17.33458140759375,41.184,13.5
Gordon Banks,1937-12-30,2010-06-30,1589,M,Ochil and South Perthshire,2234,True,Banks,S14000050,50469,5187,10.27759614813054,33.12504974926371,18.14853140173525
Graham Jones,1966-03-03,2010-06-30,3999,M,Hyndburn,3544,True,Jones,E14000758,42672,3090,7.241282339707536,38.57547516595671,15.75669773174476
Gregory Barker,1966-03-08,2010-06-30,1389,M,Bexhill and Battle,3322,False,Barker,E14000557,54587,12880,23.59536153296573,28.87408539914819,26.90639054076862
Tessa Munt,1959-10-16,2010-06-30,4089,F,Wells,3838,True,Munt,E14001026,55864,800,1.43204926249463,32.51967208354707,21.59331778278922
Charles Kennedy,1959-11-25,2010-07-01,634,M,"Ross, Skye and Lochaber",2456,True,Kennedy,S14000055,34838,13070,37.5165049658419,30.87822031279885,19.5153530389748
Oliver Heald,1954-12-15,2010-07-01,69,M,North East Hertfordshire,3644,True,Heald,E14000845,50425,15194,30.13187902825979,33.94727452091598,17.72348508700124
Stephen McPartland,1976-08-09,2010-07-01,4093,M,Stevenage,3773,True,McPartland,E14000968,44651,3578,8.013258381671182,38.52237981994224,14.75072192967556
Simon Danczuk,1966-10-24,2010-07-01,4059,M,Rochdale,3700,True,Danczuk,E14000897,45907,889,1.936523841679918,42.48689763925607,13.15987199109503
Peter Luff,1955-02-18,2010-07-05,268,M,Mid Worcestershire,3609,False,Luff,E14000818,50931,15864,31.14802379690169,31.62385923306583,20.4491075020645
Andrew Robathan,1951-07-17,2010-07-05,334,M,South Leicestershire,3745,False,Robathan,E14000940,54577,15524,28.44421642816571,34.58422386798549,16.8736020676972
Ben Gummer,1978-02-19,2010-07-05,3988,M,Ipswich,3547,True,Gummer,E14000761,46941,2079,4.428964018661724,40.57961707475941,14.29410199719274
Linda Riordan,1953-05-31,2010-07-06,1525,F,Halifax,3509,True,Riordan,E14000723,43555,1472,3.37963494432327,39.2851831656174,15.12021018192634
Daniel Kawczynski,1972-01-24,2010-07-06,1566,M,Shrewsbury and Atcham,3729,True,Kawczynski,E14000926,53045,7944,14.97596380431709,34.42988025238812,19.16645504092516
Stephen Timms,1955-07-29,2010-07-06,163,M,East Ham,3461,False,Timms,E14000679,50373,27826,55.23991026939035,52.3951895997117,6.540222367560497
Stephen Barclay,1972-05-03,2010-07-06,4095,M,North East Cambridgeshire,3641,True,Barclay,E14000842,52064,16425,31.54771051014136,33.98501459386345,19.74887876414893
Patrick McLoughlin,1957-11-30,2010-07-06,333,M,Derbyshire Dales,3444,False,McLoughlin,E14000664,46780,13866,29.64087216759299,28.73285625309827,22.4257369110114
Adam Afriyie,1965-08-04,2010-07-08,1586,M,Windsor,3855,True,Afriyie,E14001042,49588,19054,38.42461885940146,36.03545496301074,15.01754180226138
Alan Keen,1937-11-25,2010-07-12,169,M,Feltham and Heston,3484,True,Keen,E14000701,48536,4658,9.597000164826108,44.39837002894714,10.58922975095892
Karl McCartney,1968-10-25,2010-07-12,4028,M,Lincoln,3580,True,McCartney,E14000792,45721,1058,2.314035126090856,42.89314800534166,14.87200707205598
Ian Liddell-Grainger,1959-02-23,2010-07-13,1396,M,Bridgwater and West Somerset,3363,True,Liddell-Grainger,E14000595,54493,9249,16.97282219734645,32.65852512916862,21.99436355096289
Geoffrey Cox,1960-04-30,2010-07-14,1508,M,Torridge and West Devon,3809,True,Cox,E14001000,55257,2957,5.351358198961218,29.58542131854336,23.50205282816954
Mark Hendrick,1958-11-02,2010-07-15,473,M,Preston,3687,True,Hendrick,E14000885,32505,7733,23.79018612521151,47.9278328761342,11.34416543574594
Glyn Davies,1944-02-16,2010-07-20,4041,M,Montgomeryshire,3617,True,Davies,W07000063,33813,1184,3.501611806110076,32.32098339578859,21.37067059690493
Alistair Carmichael,1965-07-15,2010-07-20,1442,M,Orkney and Shetland,2256,False,Carmichael,S14000051,19346,9928,51.31810193321616,33.62161919309911,17.96208104951029
Rosie Cooper,1950-09-05,2010-07-20,1538,F,West Lancashire,3845,True,Cooper,E14001033,48473,4343,8.959627008850287,36.06232264734115,18.49742080445584
Mark Simmonds,1964-04-12,2010-07-20,1393,M,Boston and Skegness,3348,True,Simmonds,E14000582,43125,12426,28.81391304347826,33.0327288462295,21.58943393257543
Nicholas Brown,1950-06-13,2010-07-21,523,M,Newcastle upon Tyne East,3626,False,Brown,E14000832,37840,4453,11.76797040169133,52.66296331167812,11.39357038989842
Priti Patel,1972-03-29,2010-07-21,4066,F,Witham,3858,True,Patel,E14001045,46835,15196,32.44582043343654,33.43360209885897,18.20895859955445
Fabian Hamilton,1955-04-12,2010-07-22,415,M,Leeds North East,3567,True,Hamilton,E14000779,47535,4545,9.561375828337017,37.76844172850284,15.20296813618507
Graeme Morrice,1959-02-23,2010-07-27,4012,M,Livingston,1826,True,Morrice,S14000044,47907,10791,22.52489197820778,37.96596286858392,12.81215871860211
Margaret Beckett,1943-01-15,2010-09-06,328,F,Derby South,3443,True,Beckett,E14000663,41188,6122,14.8635524910168,43.84406115177107,13.27000760275165
Roger Godsiff,1946-06-28,2010-09-06,304,M,"Birmingham, Hall Green",3327,True,Godsiff,E14000562,48727,3799,7.796498861001087,47.7438224737714,10.98409028161237
Jim Dowd,1951-03-05,2010-09-06,189,M,Lewisham West and Penge,3576,True,Dowd,E14000788,45028,5828,12.9430576530159,39.25542252790278,10.16104837111885
Sylvia Hermon,1955-08-11,2010-09-14,1437,F,North Down,3638,True,Hermon,N06000013,33481,14364,42.90194438636839,33.976,18.7
David Ruffley,1962-04-18,2010-10-12,133,M,Bury St Edmunds,3381,True,Ruffley,E14000613,58718,12380,21.0838243809394,34.78949312971727,19.32915779658333
Jeremy Wright,1972-10-24,2010-10-13,1560,M,Kenilworth and Southam,3554,False,Wright,E14000767,48431,12552,25.91728438396895,31.66048068147246,21.01734104046243
Jenny Willott,1974-05-29,2010-10-14,1497,F,Cardiff Central,3389,True,Willott,W07000050,36151,4576,12.65801775884484,55.42072942324937,10.39762988524013
Bill Wiggin,1966-06-04,2010-10-25,1428,M,North Herefordshire,3646,False,Wiggin,E14000847,47568,9887,20.78498150016818,29.5981857300692,23.44129790079665
Jim Hood,1962-05-15,2010-10-27,582,M,Lanark and Hamilton East,1678,True,Hood,S14000042,46554,13478,28.95132534261288,32.93201932050086,18.04067150021023
Roger Gale,1943-08-20,2010-10-27,87,M,North Thanet,3651,True,Gale,E14000852,43343,13528,31.21149897330596,34.07518314528635,21.87583551681728
Jonathan Lord,1962-09-17,2010-10-27,4090,M,Woking,3860,True,Lord,E14001047,52786,6807,12.89546470655098,36.48247851138188,14.98535940304147
Diana Johnson,1966-07-25,2010-11-01,1533,F,Kingston upon Hull North,3559,False,Johnson,E14000772,33291,641,1.925445315550749,46.62335333762248,11.64924641135709
Hywel Francis,1946-06-06,2010-11-01,1382,M,Aberavon,3287,True,Francis,W07000049,30958,11039,35.6579882421345,35.16701193050368,18.31612054496242
Gordon Brown,1951-02-20,2010-11-01,591,M,Kirkcaldy and Cowdenbeath,1661,True,Brown,S14000041,45802,23009,50.23579756342518,34.19074041605215,18.13756329995152
Alan Meale,1949-07-31,2010-11-16,361,M,Mansfield,3599,True,Meale,E14000810,48395,6012,12.42277094741192,35.96864051461719,17.17879501464591
Martin Caton,1951-06-15,2010-11-16,566,M,Gower,3499,True,Caton,W07000046,41671,2683,6.438530392839145,32.26589907349106,21.01543324894948
Siân C. James,1959-06-24,2010-11-24,1573,F,Swansea East,3792,True,James,W07000048,32676,10838,33.16807442771453,38.62620443031688,15.58185159431807
David Heyes,1946-04-02,2010-11-30,1386,M,Ashton-under-Lyne,3298,True,Heyes,E14000537,38432,9094,23.66257285595337,37.98351089695416,15.56739313027718
Mike Wood,1946-03-03,2010-11-30,401,M,Batley and Spen,3309,True,Wood,E14000548,51109,4406,8.62079085875286,39.5666317574769,14.70263857867079
Tim Yeo,1945-03-20,2010-12-03,136,M,South Suffolk,3751,True,Yeo,E14000946,51416,8689,16.89940874435973,31.29087104368297,21.71614787688552
James Duddridge,1971-08-26,2010-12-03,1559,M,Rochford and Southend East,3702,False,Duddridge,E14000899,41631,11050,26.5427205688069,37.61078305006845,16.48631635742334
Stephen Crabb,1973-01-20,2010-12-21,1554,M,Preseli Pembrokeshire,3686,False,Crabb,W07000065,39602,4605,11.6282005959295,33.46129238643634,21.27253972606317
Robert Goodwill,1956-12-31,2010-12-21,1562,M,Scarborough and Whitby,3716,False,Goodwill,E14000913,49282,8130,16.49689541820543,32.14714730130699,22.35443895727882
Debbie Abrahams,1960-09-15,2011-01-25,4212,F,Oldham East and Saddleworth,3670,True,Abrahams,E14000870,34930,3558,10.18608645863155,39.96122085412546,14.59336030157183
Khalid Mahmood,1961-07-13,2011-02-09,1392,M,"Birmingham, Perry Barr",3331,True,Mahmood,E14000566,42045,11908,28.32203591390177,46.00803062844336,12.27565599028854
Dan Jarvis,1972-11-30,2011-03-23,4243,M,Barnsley Central,3302,True,Jarvis,E14000541,24219,11771,48.60233700813411,36.01978673262244,16.62972209907366
Shailesh Vara,1960-09-04,2011-03-29,1496,M,North West Cambridgeshire,3654,False,Vara,E14000855,58283,16677,28.61383250690596,37.47771087709198,14.36019222619362
Diana Johnson,1966-07-25,2010-06-07,1533,F,Kingston upon Hull North,3559,False,Johnson,E14000772,33291,641,1.925445315550749,46.62335333762248,11.64924641135709
Grahame Morris,1961-03-13,2010-05-27,3973,M,Easington,3458,True,Morris,E14000677,34914,14982,42.91115311909262,36.13309330788097,17.68053256654061
Gareth Thomas,1967-07-15,2011-04-05,177,M,Harrow West,3518,False,Thomas,E14000732,46116,3143,6.815421979356405,41.3027408438535,11.95315125042
Joe Benton,1933-09-28,2011-04-26,479,M,Bootle,3347,True,Benton,E14000581,41277,21181,51.31429125178671,38.16392243699784,15.80716919420207
Jon Ashworth,1978-10-14,2011-06-08,4244,M,Leicester South,3571,True,Ashworth,E14000783,34180,12078,35.33645406670568,50.84879324653986,10.37497799424916
Iain McKenzie,1959-04-04,2011-07-14,4246,M,Inverclyde,1555,True,McKenzie,S14000038,28097,5838,20.77801900558779,33.79026814751181,18.13339878505246
Brooks Newmark,1958-05-08,2011-07-19,1488,M,Braintree,3356,False,Newmark,E14000590,49203,16121,32.76426234172713,35.31275551921505,16.69358135731807
Chloe Smith,1982-05-17,2011-10-18,1609,F,Norwich North,3662,False,Smith,E14000863,42573,3901,9.16308458412609,35.28711420459749,19.12263027749794
Philip Dunne,1958-08-14,2011-12-20,1542,M,Ludlow,3588,False,Dunne,E14000799,48732,9749,20.00533530329147,29.01115995144773,23.86721189766313
Mark Hunter,1957-07-25,2011-12-20,1598,M,Cheadle,3403,False,Hunter,E14000627,52512,3272,6.230956733698964,32.37972820056469,20.53327181042154
Norman Lamb,1957-09-16,2011-12-20,1439,M,North Norfolk,3647,False,Lamb,E14000848,49661,11626,23.41072471355792,26.60050800401678,29.55520113414851
Seema Malhotra,1972-08-07,2012-01-10,4253,F,Feltham and Heston,3484,True,Malhotra,E14000701,23299,6203,26.62346023434482,44.39837002894714,10.58922975095892
Michael Fabricant,1950-06-12,2012-03-06,280,M,Lichfield,3579,False,Fabricant,E14000791,51563,17683,34.29397048271047,31.90514599128892,20.06452653653815
George Galloway,1954-08-16,2012-04-18,609,M,Bradford West,3355,True,Galloway,E14000589,32814,10140,30.90144450539404,51.8015702198482,9.369036519375047
Stephen Doughty,1980-04-15,2012-11-20,4264,M,Cardiff South and Penarth,3391,True,Doughty,W07000080,19436,5334,27.44391850174933,41.85845237541297,13.56381741193988
Lucy Powell,1974-10-10,2012-11-22,4263,F,Manchester Central,3596,True,Powell,E14000807,16648,9936,59.6828447861605,56.35990054047615,7.60984470616262
Andy Sawford,1976-03-15,2012-11-22,4265,M,Corby,3426,True,Sawford,E14000648,35665,7791,21.84494602551521,37.02758426507052,15.20540604365162
Steve Reed,1963-11-12,2012-12-04,4268,M,Croydon North,3433,True,Reed,E14000655,24562,11755,47.85848057975735,43.92255446767222,9.732880538649262
Andy McDonald,1958-03-08,2012-12-06,4269,M,Middlesbrough,3610,True,McDonald,E14000819,16866,8211,48.68374244041267,44.23693602514249,13.93703723432589
Sarah Champion,1969-07-10,2012-12-11,4267,F,Rotherham,3707,True,Champion,E14000904,21430,5318,24.81567895473635,39.00687871389233,15.70286631659922
Mike Thornton,1952-05-01,2013-03-11,4273,M,Eastleigh,3468,True,Thornton,E14000685,41616,1771,4.25557477893118,36.06969729094186,15.64526854466428
Emma Lewell-Buck,1978-11-08,2013-06-19,4277,F,South Shields,3749,True,Lewell-Buck,E14000944,24780,6505,26.25100887812753,35.29661943762607,18.3245437091404
Mike Kane,1969-01-09,2014-02-25,4316,M,Wythenshawe and Sale East,3873,True,Kane,E14001059,23961,8960,37.394098743792,39.55879284508431,13.73603444678389
Robert Jenrick,1982-01-09,2014-06-18,4320,M,Newark,3623,True,Jenrick,E14000829,38707,7403,19.12573953031751,32.48531894033577,19.30117145254051
Liz McInnes,1959-03-30,2014-10-23,4342,F,Heywood and Middleton,3533,True,McInnes,E14000747,28472,617,2.167041303737005,37.11956417117447,16.00573661616648
Matthew Hancock,1978-10-02,2014-12-04,4070,M,West Suffolk,3846,False,Hancock,E14001034,48089,13050,27.13718313959533,37.67395100269856,16.87655431504312
