vote_decision,year,ons_const_code,constituency_name,under_30,over_65,age,gender,left_right,weight
Labour,2017,E14000535,Ashfield,35.06780226465451,17.48042467178209,21,Female,3,1.1107528298625449
Labour,2017,E14000535,Ashfield,35.06780226465451,17.48042467178209,53,Male,0,0.5615211142592407
Labour,2017,E14000535,Ashfield,35.06780226465451,17.48042467178209,65,Female,6,0.9197548006046444
Labour,2017,E14000535,Ashfield,35.06780226465451,17.48042467178209,68,Female,2,0.6517452869013777
Labour,2017,E14000535,Ashfield,35.06780226465451,17.48042467178209,34,Female,4,0.844501416833825
Conservatives,2017,E14000535,Ashfield,35.06780226465451,17.48042467178209,83,Female,7,1.1537258112902318
Conservatives,2017,E14000546,Bassetlaw,33.86636868064119,18.51302404438964,58,Male,5,1.124358220876025
Labour,2017,E14000546,Bassetlaw,33.86636868064119,18.51302404438964,78,Female,4,1.0072658301645174
Conservatives,2017,E14000546,Bassetlaw,33.86636868064119,18.51302404438964,45,Female,6,0.9465122255730742
Conservatives,2017,E14000546,Bassetlaw,33.86636868064119,18.51302404438964,93,Male,10,0.6313332292192384
Labour,2017,E14000546,Bassetlaw,33.86636868064119,18.51302404438964,34,Male,5,1.106043108517683
Labour,2017,E14000546,Bassetlaw,33.86636868064119,18.51302404438964,36,Male,0,0.8457660661822106
Conservatives,2017,E14000577,Bolsover,34.19177966191398,18.51851851851852,40,Female,5,0.8851619331318789
Labour,2017,E14000577,Bolsover,34.19177966191398,18.51851851851852,44,Female,5,0.38639742678939754
Labour,2017,E14000577,Bolsover,34.19177966191398,18.51851851851852,65,Female,4,0.32587264345068884
Labour,2017,E14000577,Bolsover,34.19177966191398,18.51851851851852,64,Female,5,0.8969333185214816
Labour,2017,E14000577,Bolsover,34.19177966191398,18.51851851851852,55,Male,2,0.9816263150830126
Labour,2017,E14000577,Bolsover,34.19177966191398,18.51851851851852,57,Male,0,0.4908131575415063
Conservatives,2017,E14000577,Bolsover,34.19177966191398,18.51851851851852,27,Male,7,1.5879476616897819
Conservatives,2017,E14000607,Broxtowe,34.15147781954492,18.18555137884196,62,Female,6,0.864867748462389
Conservatives,2017,E14000607,Broxtowe,34.15147781954492,18.18555137884196,56,Female,7,0.864867748462389
Labour,2017,E14000607,Broxtowe,34.15147781954492,18.18555137884196,49,Female,7,0.41317850971303816
Conservatives,2017,E14000625,Charnwood,33.38434584371174,19.32494617300629,43,Male,5,0.9687434157360856
Labour,2017,E14000625,Charnwood,33.38434584371174,19.32494617300629,59,Female,2,0.37753845936031405
Conservatives,2017,E14000625,Charnwood,33.38434584371174,19.32494617300629,80,Female,7,0.947432597109627
Conservatives,2017,E14000625,Charnwood,33.38434584371174,19.32494617300629,36,Female,7,1.1118912355274555
Conservatives,2017,E14000625,Charnwood,33.38434584371174,19.32494617300629,71,Male,,0.5764831397693551
Conservatives,2017,E14000625,Charnwood,33.38434584371174,19.32494617300629,80,Female,5,0.5768629056451159
Labour,2017,E14000625,Charnwood,33.38434584371174,19.32494617300629,60,Male,3,0.826375113982583
Labour,2017,E14000625,Charnwood,33.38434584371174,19.32494617300629,44,Female,5,0.38639742678939754
Conservatives,2017,E14000625,Charnwood,33.38434584371174,19.32494617300629,69,Male,6,0.817000724705732
Labour,2017,E14000625,Charnwood,33.38434584371174,19.32494617300629,65,Male,4,1.006602717341049
Conservatives,2017,E14000625,Charnwood,33.38434584371174,19.32494617300629,62,Male,9,0.9465329511414996
Labour,2017,E14000660,Daventry,33.01651571656899,17.48108684070325,40,Male,6,1.6915321323644212
Conservatives,2017,E14000660,Daventry,33.01651571656899,17.48108684070325,51,Female,6,1.763030469769386
Conservatives,2017,E14000660,Daventry,33.01651571656899,17.48108684070325,88,Male,5,0.6313332292192384
Conservatives,2017,E14000660,Daventry,33.01651571656899,17.48108684070325,68,Female,,2.106980742794305
Conservatives,2017,E14000660,Daventry,33.01651571656899,17.48108684070325,82,Female,,0.5768629056451159
Conservatives,2017,E14000660,Daventry,33.01651571656899,17.48108684070325,45,Male,7,2.071773428379038
Labour,2017,E14000660,Daventry,33.01651571656899,17.48108684070325,64,Female,2,0.4484666592607408
Conservatives,2017,E14000660,Daventry,33.01651571656899,17.48108684070325,60,Female,5,1.729735496924778
Conservatives,2017,E14000660,Daventry,33.01651571656899,17.48108684070325,53,Male,6,0.5179433570947595
Labour,2017,E14000663,Derby Sout,43.84406115177107,13.27000760275165,38,Male,8,1.062404336534459
Labour,2017,E14000663,Derby Sout,43.84406115177107,13.27000760275165,44,Male,5,0.4228830330911053
Labour,2017,E14000663,Derby Sout,43.84406115177107,13.27000760275165,20,Male,7,3.0390893749586034
Conservatives,2017,E14000663,Derby Sout,43.84406115177107,13.27000760275165,21,Female,,0.7326200316253187
Conservatives,2017,E14000663,Derby Sout,43.84406115177107,13.27000760275165,75,Female,5,1.1537258112902318
Labour,2017,E14000663,Derby Sout,43.84406115177107,13.27000760275165,42,Male,5,0.8457660661822106
Conservatives,2017,E14000663,Derby Sout,43.84406115177107,13.27000760275165,68,Male,5,0.5764831397693551
Labour,2017,E14000663,Derby Sout,43.84406115177107,13.27000760275165,62,Male,4,0.826375113982583
Labour,2017,E14000663,Derby Sout,43.84406115177107,13.27000760275165,62,Female,,0.37753845936031405
Conservatives,2017,E14000714,Grantham a,33.81517563774655,18.60505215966894,78,Female,10,1.1537258112902318
Labour,2017,E14000714,Grantham a,33.81517563774655,18.60505215966894,54,Male,2,1.6845633427777211
Conservatives,2017,E14000714,Grantham a,33.81517563774655,18.60505215966894,55,Female,,1.027350565853524
Conservatives,2017,E14000714,Grantham a,33.81517563774655,18.60505215966894,61,Female,,1.027350565853524
Labour,2017,E14000714,Grantham a,33.81517563774655,18.60505215966894,58,Male,3,0.826375113982583
Labour,2017,E14000728,Harborough,34.91784387355705,18.93862629393416,41,Female,1,0.48537097698877474
Labour,2017,E14000728,Harborough,34.91784387355705,18.93862629393416,28,Male,2,0.5530215542588415
Labour,2017,E14000728,Harborough,34.91784387355705,18.93862629393416,34,Female,6,0.4222507084169125
Conservatives,2017,E14000728,Harborough,34.91784387355705,18.93862629393416,82,Male,10,1.2626664584384768
Labour,2017,E14000728,Harborough,34.91784387355705,18.93862629393416,46,Female,6,0.41317850971303816
Conservatives,2017,E14000728,Harborough,34.91784387355705,18.93862629393416,94,Male,7,0.6313332292192384
Conservatives,2017,E14000728,Harborough,34.91784387355705,18.93862629393416,63,Female,10,1.027350565853524
Conservatives,2017,E14000728,Harborough,34.91784387355705,18.93862629393416,68,Female,,1.5802355570957287
Conservatives,2017,E14000792,Lincoln,42.89314800534166,14.87200707205598,24,Male,4,0.801797733621753
Labour,2017,E14000792,Lincoln,42.89314800534166,14.87200707205598,26,Male,2,1.106043108517683
Conservatives,2017,E14000792,Lincoln,42.89314800534166,14.87200707205598,57,Female,5,1.027350565853524
Conservatives,2017,E14000792,Lincoln,42.89314800534166,14.87200707205598,64,Male,5,0.5621791104380125
Labour,2017,E14000792,Lincoln,42.89314800534166,14.87200707205598,53,Female,4,1.0261481150081617
Labour,2017,E14000792,Lincoln,42.89314800534166,14.87200707205598,71,Female,5,0.4598774003023222
Conservatives,2017,E14000797,Loughborou,42.97871482299323,14.83811770874295,71,Female,8,0.5267451856985762
Labour,2017,E14000797,Loughborou,42.97871482299323,14.83811770874295,57,Female,3,0.8969333185214816
Labour,2017,E14000797,Loughborou,42.97871482299323,14.83811770874295,64,Male,5,0.4908131575415063
Labour,2017,E14000797,Loughborou,42.97871482299323,14.83811770874295,67,Female,2,0.32587264345068884
Labour,2017,E14000810,Mansfield,35.96864051461719,17.17879501464591,27,Female,5,1.0106156492623029
Labour,2017,E14000810,Mansfield,35.96864051461719,17.17879501464591,57,Female,5,0.4484666592607408
Labour,2017,E14000810,Mansfield,35.96864051461719,17.17879501464591,62,Female,5,0.4484666592607408
Conservatives,2017,E14000810,Mansfield,35.96864051461719,17.17879501464591,80,Female,7,1.1537258112902318
Labour,2017,E14000810,Mansfield,35.96864051461719,17.17879501464591,71,Female,5,0.4598774003023222
Conservatives,2017,E14000810,Mansfield,35.96864051461719,17.17879501464591,44,Male,6,0.6084408248447589
Conservatives,2017,E14000843,North East,31.36131756013897,20.91340868112054,48,Male,10,1.5538300712842774
Conservatives,2017,E14000843,North East,31.36131756013897,20.91340868112054,68,Female,8,0.7465113353066517
Labour,2017,E14000843,North East,31.36131756013897,20.91340868112054,72,Female,5,0.32587264345068884
Conservatives,2017,E14000843,North East,31.36131756013897,20.91340868112054,50,Female,6,0.9465122255730742
Conservatives,2017,E14000843,North East,31.36131756013897,20.91340868112054,59,Male,7,0.9465329511414996
Labour,2017,E14000843,North East,31.36131756013897,20.91340868112054,36,Male,3,0.8457660661822106
Labour,2017,E14000861,Northampto,39.97122702803044,15.16846111007982,30,Female,3,0.844501416833825
Labour,2017,E14000861,Northampto,39.97122702803044,15.16846111007982,63,Female,5,0.4484666592607408
Labour,2017,E14000861,Northampto,39.97122702803044,15.16846111007982,58,Male,3,0.826375113982583
Labour,2017,E14000861,Northampto,39.97122702803044,15.16846111007982,64,Female,5,0.7550769187206281
Conservatives,2017,E14000861,Northampto,39.97122702803044,15.16846111007982,58,Female,4,1.027350565853524
Labour,2017,E14000861,Northampto,39.97122702803044,15.16846111007982,33,Male,5,0.9242435271057632
Labour,2017,E14000861,Northampto,39.97122702803044,15.16846111007982,66,Male,1,1.4265727699988389
Labour,2017,E14000861,Northampto,39.97122702803044,15.16846111007982,62,Female,3,1.5101538374412562
Labour,2017,E14000862,Northampto,41.51150990760028,12.57383966244726,39,Male,4,0.5312021682672295
Labour,2017,E14000862,Northampto,41.51150990760028,12.57383966244726,42,Female,2,0.7727948535787951
Conservatives,2017,E14000909,Rutland an,32.82305847848919,19.76200384440084,61,Female,,1.027350565853524
Conservatives,2017,E14000909,Rutland an,32.82305847848919,19.76200384440084,81,Male,9,2.073787983756293
Conservatives,2017,E14000909,Rutland an,32.82305847848919,19.76200384440084,40,Female,,0.8851619331318789
Conservatives,2017,E14000909,Rutland an,32.82305847848919,19.76200384440084,51,Male,5,1.2863365036408019
Conservatives,2017,E14000909,Rutland an,32.82305847848919,19.76200384440084,73,Male,5,
Conservatives,2017,E14000909,Rutland an,32.82305847848919,19.76200384440084,72,Male,10,0.817000724705732
Labour,2017,E14000909,Rutland an,32.82305847848919,19.76200384440084,52,Female,4,0.8263570194260763
Labour,2017,E14000909,Rutland an,32.82305847848919,19.76200384440084,66,Male,5,0.7132863849994194
Conservatives,2017,E14000909,Rutland an,32.82305847848919,19.76200384440084,64,Male,7,0.9465329511414996
Conservatives,2017,E14000909,Rutland an,32.82305847848919,19.76200384440084,51,Female,5,1.4197683383596116
Conservatives,2017,E14000929,Sleaford a,30.98977092637948,21.44863852470825,52,Female,5,0.5876768232564624
Conservatives,2017,E14000929,Sleaford a,30.98977092637948,21.44863852470825,64,Male,7,0.9465329511414996
Conservatives,2017,E14000929,Sleaford a,30.98977092637948,21.44863852470825,62,Male,6,1.124358220876025
Labour,2017,E14000929,Sleaford a,30.98977092637948,21.44863852470825,52,Female,4,0.8263570194260763
Labour,2017,E14000552,Bedford,40.36866997803416,14.75372528842539,37,Male,4,0.38295259746865346
Labour,2017,E14000552,Bedford,40.36866997803416,14.75372528842539,51,Female,4,0.37416441694587194
Labour,2017,E14000552,Bedford,40.36866997803416,14.75372528842539,24,Male,4,1.1008501916690054
Conservatives,2017,E14000552,Bedford,40.36866997803416,14.75372528842539,68,Female,7,0.3380112614188117
Conservatives,2017,E14000552,Bedford,40.36866997803416,14.75372528842539,75,Female,8,0.5223930278908095
Conservatives,2017,E14000594,Brentwood,33.00128016179524,19.35303419860796,72,Male,7,0.5220491211431459
Labour,2017,E14000594,Brentwood,33.00128016179524,19.35303419860796,51,Female,5,0.4646273972704859
Labour,2017,E14000594,Brentwood,33.00128016179524,19.35303419860796,56,Male,3,0.44446846726957207
Conservatives,2017,E14000594,Brentwood,33.00128016179524,19.35303419860796,32,Female,7,1.3139381054726498
Conservatives,2017,E14000594,Brentwood,33.00128016179524,19.35303419860796,52,Female,8,1.59655754660914
Conservatives,2017,E14000594,Brentwood,33.00128016179524,19.35303419860796,44,Male,5,0.43863524699141293
Conservatives,2017,E14000594,Brentwood,33.00128016179524,19.35303419860796,53,Female,6,0.5321858488697135
Conservatives,2017,E14000622,Castle Poi,32.02440604015407,21.58934678619718,43,Female,6,1.006901680673803
Labour,2017,E14000622,Castle Poi,32.02440604015407,21.58934678619718,35,Female,4,0.8790803216439519
Conservatives,2017,E14000622,Castle Poi,32.02440604015407,21.58934678619718,68,Male,6,0.7398560007784177
Labour,2017,E14000622,Castle Poi,32.02440604015407,21.58934678619718,62,Female,6,0.4061205075706844
Conservatives,2017,E14000622,Castle Poi,32.02440604015407,21.58934678619718,43,Male,5,0.8772704939828259
Conservatives,2017,E14000622,Castle Poi,32.02440604015407,21.58934678619718,69,Female,9,0.9540152774297761
Labour,2017,E14000622,Castle Poi,32.02440604015407,21.58934678619718,20,Female,3,1.0058707681702583
Conservatives,2017,E14000622,Castle Poi,32.02440604015407,21.58934678619718,74,Male,5,0.5220491211431459
Labour,2017,E14000642,Clacton,28.80539837626964,30.20771096193723,44,Female,5,0.43954016082197594
Conservatives,2017,E14000642,Clacton,28.80539837626964,30.20771096193723,83,Female,8,0.42898596727506705
Labour,2017,E14000642,Clacton,28.80539837626964,30.20771096193723,53,Female,7,0.37416441694587194
Labour,2017,E14000642,Clacton,28.80539837626964,30.20771096193723,60,Female,3,0.4061205075706844
Conservatives,2017,E14000693,Epping For,34.50002103403307,17.43090320137983,86,Female,8,0.5223930278908095
Conservatives,2017,E14000693,Epping For,34.50002103403307,17.43090320137983,63,Female,7,1.8606874096068948
Conservatives,2017,E14000693,Epping For,34.50002103403307,17.43090320137983,65,Female,5,1.3520450456752469
Conservatives,2017,E14000693,Epping For,34.50002103403307,17.43090320137983,68,Male,7,2.0881964845725838
Conservatives,2017,E14000717,Great Yarm,34.90650410682895,20.94122968430359,65,Male,5,0.5220491211431459
Labour,2017,E14000717,Great Yarm,34.90650410682895,20.94122968430359,61,Female,,0.4061205075706844
Conservatives,2017,E14000717,Great Yarm,34.90650410682895,20.94122968430359,66,Female,6,0.6760225228376234
Labour,2017,E14000717,Great Yarm,34.90650410682895,20.94122968430359,86,Female,5,0.9121554562814995
Conservatives,2017,E14000729,Harlow,37.8568405976368,15.55938934279483,29,Female,4,0.4379793684908832
Labour,2017,E14000729,Harlow,37.8568405976368,15.55938934279483,32,Female,4,0.7647599592220995
Conservatives,2017,E14000729,Harlow,37.8568405976368,15.55938934279483,63,Male,2,0.5090957398105701
Conservatives,2017,E14000729,Harlow,37.8568405976368,15.55938934279483,53,Male,8,1.1648750759453264
Labour,2017,E14000729,Harlow,37.8568405976368,15.55938934279483,87,Male,4,0.49914290217719665
Labour,2017,E14000734,Harwich an,32.71470878578479,21.07381814193266,29,Female,5,0.9151889710460192
Labour,2017,E14000734,Harwich an,32.71470878578479,21.07381814193266,73,Male,5,0.9115549574241539
Conservatives,2017,E14000734,Harwich an,32.71470878578479,21.07381814193266,64,Female,6,0.9303437048034474
Conservatives,2017,E14000734,Harwich an,32.71470878578479,21.07381814193266,31,Male,,0.9586712070921775
Labour,2017,E14000734,Harwich an,32.71470878578479,21.07381814193266,46,Male,3,1.228484761098649
Labour,2017,E14000744,Hertford a,35.64862104187947,14.83820786985409,50,Female,4,0.37416441694587194
Conservatives,2017,E14000744,Hertford a,35.64862104187947,14.83820786985409,29,Male,7,0.47933560354608873
Conservatives,2017,E14000744,Hertford a,35.64862104187947,14.83820786985409,42,Female,5,0.4007905673058766
Conservatives,2017,E14000744,Hertford a,35.64862104187947,14.83820786985409,18,Female,,1.7281918535906475
Labour,2017,E14000744,Hertford a,35.64862104187947,14.83820786985409,78,Male,4,0.9982858043543933
Conservatives,2017,E14000744,Hertford a,35.64862104187947,14.83820786985409,52,Male,7,0.4690369166415353
Labour,2017,E14000744,Hertford a,35.64862104187947,14.83820786985409,33,Female,2,0.38237997961104975
Conservatives,2017,E14000744,Hertford a,35.64862104187947,14.83820786985409,34,Male,5,
Conservatives,2017,E14000744,Hertford a,35.64862104187947,14.83820786985409,66,Male,6,0.7398560007784177
Conservatives,2017,E14000744,Hertford a,35.64862104187947,14.83820786985409,54,Male,2,0.9380738332830706
Conservatives,2017,E14000744,Hertford a,35.64862104187947,14.83820786985409,81,Male,8,0.9389859994780884
Labour,2017,E14000757,Huntingdon,35.89079031456365,16.13647660299652,24,Male,3,1.1008501916690054
Conservatives,2017,E14000757,Huntingdon,35.89079031456365,16.13647660299652,66,Female,8,0.47700763871488805
Conservatives,2017,E14000757,Huntingdon,35.89079031456365,16.13647660299652,69,Female,8,0.47700763871488805
Labour,2017,E14000757,Huntingdon,35.89079031456365,16.13647660299652,37,Male,5,0.9620875476226106
Conservatives,2017,E14000757,Huntingdon,35.89079031456365,16.13647660299652,53,Female,6,1.064371697739427
Conservatives,2017,E14000757,Huntingdon,35.89079031456365,16.13647660299652,37,Female,,2.013803361347606
Conservatives,2017,E14000757,Huntingdon,35.89079031456365,16.13647660299652,74,Female,6,0.9540152774297761
Labour,2017,E14000757,Huntingdon,35.89079031456365,16.13647660299652,61,Female,3,0.6837793070085079
Labour,2017,E14000757,Huntingdon,35.89079031456365,16.13647660299652,58,Female,5,1.6244820302827376
Conservatives,2017,E14000801,Luton Sout,47.45144309312035,10.40206934107823,47,Female,5,
Labour,2017,E14000801,Luton Sout,47.45144309312035,10.40206934107823,64,Female,5,0.8122410151413688
Labour,2017,E14000801,Luton Sout,47.45144309312035,10.40206934107823,22,Female,4,1.0058707681702583
Conservatives,2017,E14000801,Luton Sout,47.45144309312035,10.40206934107823,35,Female,5,0.8015811346117532
Conservatives,2017,E14000801,Luton Sout,47.45144309312035,10.40206934107823,67,Female,10,0.47700763871488805
Conservatives,2017,E14000816,Mid Norfol,32.51602564102564,22.20452724358974,56,Female,5,1.1748048212749547
Labour,2017,E14000816,Mid Norfol,32.51602564102564,22.20452724358974,70,Female,7,0.4164537973434487
Labour,2017,E14000816,Mid Norfol,32.51602564102564,22.20452724358974,73,Male,0,0.32296740765159243
Labour,2017,E14000816,Mid Norfol,32.51602564102564,22.20452724358974,82,Female,3,
Conservatives,2017,E14000816,Mid Norfol,32.51602564102564,22.20452724358974,21,Female,,
Conservatives,2017,E14000816,Mid Norfol,32.51602564102564,22.20452724358974,47,Male,8,0.9380738332830706
Labour,2017,E14000816,Mid Norfol,32.51602564102564,22.20452724358974,55,Female,,0.4061205075706844
Conservatives,2017,E14000816,Mid Norfol,32.51602564102564,22.20452724358974,63,Female,5,0.9303437048034474
Conservatives,2017,E14000842,North East,33.98501459386345,19.74887876414893,85,Female,5,0.5223930278908095
Conservatives,2017,E14000842,North East,33.98501459386345,19.74887876414893,57,Male,4,1.285735855538153
Conservatives,2017,E14000842,North East,33.98501459386345,19.74887876414893,76,Female,7,0.42898596727506705
Labour,2017,E14000842,North East,33.98501459386345,19.74887876414893,67,Female,5,0.4164537973434487
Conservatives,2017,E14000842,North East,33.98501459386345,19.74887876414893,44,Male,8,1.1019784481638093
Conservatives,2017,E14000842,North East,33.98501459386345,19.74887876414893,47,Female,,1.59655754660914
Conservatives,2017,E14000845,North East,33.94727452091598,17.72348508700124,38,Female,7,0.4007905673058766
Conservatives,2017,E14000845,North East,33.94727452091598,17.72348508700124,81,Male,7,0.5717200291308294
Conservatives,2017,E14000845,North East,33.94727452091598,17.72348508700124,61,Male,5,0.857157237025435
Conservatives,2017,E14000845,North East,33.94727452091598,17.72348508700124,63,Male,5,0.857157237025435
Conservatives,2017,E14000845,North East,33.94727452091598,17.72348508700124,64,Female,7,0.7832032141833033
Conservatives,2017,E14000845,North East,33.94727452091598,17.72348508700124,60,Female,5,0.9303437048034474
Conservatives,2017,E14000845,North East,33.94727452091598,17.72348508700124,85,Female,7,0.8579719345501341
Labour,2017,E14000864,Norwich So,43.10644460535843,15.53429192096824,71,Female,3,0.8329075946868973
Conservatives,2017,E14000864,Norwich So,43.10644460535843,15.53429192096824,23,Female,,2.304255804787531
Conservatives,2017,E14000864,Norwich So,43.10644460535843,15.53429192096824,83,Male,5,1.1434400582616588
Conservatives,2017,E14000864,Norwich So,43.10644460535843,15.53429192096824,52,Male,6,1.747312613917988
Conservatives,2017,E14000864,Norwich So,43.10644460535843,15.53429192096824,24,Female,,1.7281918535906475
Conservatives,2017,E14000864,Norwich So,43.10644460535843,15.53429192096824,45,Male,6,0.4690369166415353
Conservatives,2017,E14000864,Norwich So,43.10644460535843,15.53429192096824,80,Male,6,0.5717200291308294
Labour,2017,E14000864,Norwich So,43.10644460535843,15.53429192096824,38,Female,2,0.43954016082197594
Conservatives,2017,E14000934,South Camb,34.67447430491681,16.77306546941452,81,Female,5,0.42898596727506705
Labour,2017,E14000934,South Camb,34.67447430491681,16.77306546941452,23,Female,3,0.5792219890450649
Conservatives,2017,E14000934,South Camb,34.67447430491681,16.77306546941452,80,Female,5,1.044786055781619
Labour,2017,E14000934,South Camb,34.67447430491681,16.77306546941452,25,Female,5,0.7647599592220995
Conservatives,2017,E14000934,South Camb,34.67447430491681,16.77306546941452,43,Female,5,1.006901680673803
Conservatives,2017,E14000934,South Camb,34.67447430491681,16.77306546941452,44,Male,5,0.8772704939828259
Labour,2017,E14000934,South Camb,34.67447430491681,16.77306546941452,75,Male,4,0.9982858043543933
Conservatives,2017,E14000934,South Camb,34.67447430491681,16.77306546941452,30,Female,,1.0482606542222168
Conservatives,2017,E14000934,South Camb,34.67447430491681,16.77306546941452,35,Female,4,0.8015811346117532
Conservatives,2017,E14000934,South Camb,34.67447430491681,16.77306546941452,32,Female,5,0.4379793684908832
Conservatives,2017,E14000934,South Camb,34.67447430491681,16.77306546941452,50,Female,4,2.142846171135903
Labour,2017,E14000934,South Camb,34.67447430491681,16.77306546941452,46,Female,3,0.4646273972704859
Labour,2017,E14000937,South East,34.88617255769783,16.67552426837662,69,Female,3,0.4164537973434487
Conservatives,2017,E14000937,South East,34.88617255769783,16.67552426837662,18,Male,7,1.8913765003100826
Conservatives,2017,E14000937,South East,34.88617255769783,16.67552426837662,36,Female,6,0.4007905673058766
Conservatives,2017,E14000937,South East,34.88617255769783,16.67552426837662,56,Male,6,1.527287219431709
Labour,2017,E14000937,South East,34.88617255769783,16.67552426837662,50,Female,2,0.9292547945409718
Conservatives,2017,E14000937,South East,34.88617255769783,16.67552426837662,79,Female,10,1.044786055781619
Conservatives,2017,E14000937,South East,34.88617255769783,16.67552426837662,46,Male,9,0.9380738332830706
Conservatives,2017,E14000946,South Suff,31.29087104368297,21.71614787688552,63,Male,6,1.0181914796211402
Labour,2017,E14000946,South Suff,31.29087104368297,21.71614787688552,59,Male,4,0.3741726099411827
Labour,2017,E14000946,South Suff,31.29087104368297,21.71614787688552,65,Male,4,0.9115549574241539
Labour,2017,E14000946,South Suff,31.29087104368297,21.71614787688552,24,Male,5,0.6339150692479742
Conservatives,2017,E14000946,South Suff,31.29087104368297,21.71614787688552,45,Female,5,1.064371697739427
Labour,2017,E14000946,South Suff,31.29087104368297,21.71614787688552,48,Female,2,0.37416441694587194
Conservatives,2017,E14000946,South Suff,31.29087104368297,21.71614787688552,59,Female,5,0.39160160709165165
Labour,2017,E14000946,South Suff,31.29087104368297,21.71614787688552,67,Female,5,0.4164537973434487
Conservatives,2017,E14000951,South West,34.38547512558281,17.05457273357453,75,Female,6,0.5223930278908095
Conservatives,2017,E14000951,South West,34.38547512558281,17.05457273357453,82,Female,8,0.5223930278908095
Conservatives,2017,E14000951,South West,34.38547512558281,17.05457273357453,60,Male,8,1.0181914796211402
Labour,2017,E14000951,South West,34.38547512558281,17.05457273357453,60,Male,3,1.4966904397647307
Labour,2017,E14000951,South West,34.38547512558281,17.05457273357453,42,Female,4,0.6998242382182539
Conservatives,2017,E14000951,South West,34.38547512558281,17.05457273357453,82,Female,7,1.286957901825201
Labour,2017,E14000951,South West,34.38547512558281,17.05457273357453,66,Female,3,0.5902046924948741
Labour,2017,E14000951,South West,34.38547512558281,17.05457273357453,31,Female,5,0.7647599592220995
Conservatives,2017,E14000981,Suffolk Co,29.18515673173148,25.28227885208285,56,Female,7,0.4651718524017237
Labour,2017,E14000981,Suffolk Co,29.18515673173148,25.28227885208285,57,Male,0,0.44446846726957207
Conservatives,2017,E14000981,Suffolk Co,29.18515673173148,25.28227885208285,84,Male,8,0.5717200291308294
Conservatives,2017,E14000981,Suffolk Co,29.18515673173148,25.28227885208285,90,Female,10,0.5223930278908095
Labour,2017,E14000981,Suffolk Co,29.18515673173148,25.28227885208285,72,Female,3,0.29510234624743703
Conservatives,2017,E14000981,Suffolk Co,29.18515673173148,25.28227885208285,65,Female,6,0.9540152774297761
Conservatives,2017,E14000981,Suffolk Co,29.18515673173148,25.28227885208285,66,Female,7,0.9540152774297761
Labour,2017,E14000981,Suffolk Co,29.18515673173148,25.28227885208285,59,Male,2,0.7483452198823654
Labour,2017,E14000981,Suffolk Co,29.18515673173148,25.28227885208285,55,Female,3,
Conservatives,2017,E14000981,Suffolk Co,29.18515673173148,25.28227885208285,82,Female,8,1.044786055781619
Labour,2017,E14000995,Thurrock,41.67304632058836,11.29499806459937,32,Male,1,0.8369724763170843
Conservatives,2017,E14000995,Thurrock,41.67304632058836,11.29499806459937,29,Male,5,0.5736213729616392
Labour,2017,E14000995,Thurrock,41.67304632058836,11.29499806459937,59,Male,,0.8889369345391441
Labour,2017,E14000995,Thurrock,41.67304632058836,11.29499806459937,30,Female,,0.38237997961104975
Labour,2017,E14001027,Welwyn Hat,42.50052204947131,14.89074928336845,42,Female,4,0.34991211910912695
Labour,2017,E14001027,Welwyn Hat,42.50052204947131,14.89074928336845,44,Female,2,0.6998242382182539
Conservatives,2017,E14001027,Welwyn Hat,42.50052204947131,14.89074928336845,74,Female,10,0.47700763871488805
Conservatives,2017,E14001027,Welwyn Hat,42.50052204947131,14.89074928336845,48,Male,6,0.5824375379726632
Conservatives,2017,E14001027,Welwyn Hat,42.50052204947131,14.89074928336845,74,Male,10,1.0440982422862919
Conservatives,2017,E14001027,Welwyn Hat,42.50052204947131,14.89074928336845,72,Male,3,1.0440982422862919
Conservatives,2017,E14001027,Welwyn Hat,42.50052204947131,14.89074928336845,58,Female,6,2.3258592620086183
Conservatives,2017,E14001027,Welwyn Hat,42.50052204947131,14.89074928336845,70,Female,1,0.6760225228376234
Labour,2017,E14000553,Bermondsey,47.23684418520099,6.930810451937212,19,Male,2,2.7136959891418075
Conservatives,2017,E14000553,Bermondsey,47.23684418520099,6.930810451937212,68,Female,7,0.5879336379131065
Labour,2017,E14000553,Bermondsey,47.23684418520099,6.930810451937212,28,Female,3,1.885202954682554
Labour,2017,E14000558,Bexleyheat,38.18299790547309,15.95027775248156,44,Male,6,1.1858167164546194
Conservatives,2017,E14000558,Bexleyheat,38.18299790547309,15.95027775248156,66,Male,7,1.286898632440914
Labour,2017,E14000591,Brent Cent,45.52379982246541,9.388233239715364,51,Female,5,1.1453488530593996
Labour,2017,E14000591,Brent Cent,45.52379982246541,9.388233239715364,23,Male,6,2.035271991856357
Labour,2017,E14000591,Brent Cent,45.52379982246541,9.388233239715364,64,Female,2,0.42139456779171613
Labour,2017,E14000591,Brent Cent,45.52379982246541,9.388233239715364,54,Female,1,0.5726744265296998
Labour,2017,E14000592,Brent Nort,43.03648703340494,11.99293297219887,82,Male,5,0.6152163581827887
Labour,2017,E14000592,Brent Nort,43.03648703340494,11.99293297219887,32,Male,4,1.5474100398894268
Labour,2017,E14000592,Brent Nort,43.03648703340494,11.99293297219887,47,Male,10,2.018884551924329
Labour,2017,E14000592,Brent Nort,43.03648703340494,11.99293297219887,,Female,,
Conservatives,2017,E14000592,Brent Nort,43.03648703340494,11.99293297219887,58,Female,7,2.2933819690949773
Conservatives,2017,E14000592,Brent Nort,43.03648703340494,11.99293297219887,71,Male,6,2.573797264881828
Labour,2017,E14000639,Cities of,37.6809090909091,11.94181818181818,51,Male,4,0.6267492526459908
Conservatives,2017,E14000639,Cities of,37.6809090909091,11.94181818181818,70,Female,7,0.8332285458444892
Labour,2017,E14000639,Cities of,37.6809090909091,11.94181818181818,32,Female,2,0.942601477341277
Labour,2017,E14000639,Cities of,37.6809090909091,11.94181818181818,46,Male,3,1.8802477579379713
Labour,2017,E14000639,Cities of,37.6809090909091,11.94181818181818,37,Female,5,1.0835065302400164
Conservatives,2017,E14000639,Cities of,37.6809090909091,11.94181818181818,50,Female,5,0.5282310984697359
Conservatives,2017,E14000639,Cities of,37.6809090909091,11.94181818181818,82,Male,7,
Conservatives,2017,E14000655,Croydon No,43.92255446767222,9.732880538649262,59,Male,5,0.6274836838237626
Conservatives,2017,E14000655,Croydon No,43.92255446767222,9.732880538649262,70,Female,6,0.5879336379131065
Conservatives,2017,E14000655,Croydon No,43.92255446767222,9.732880538649262,19,Female,7,1.4200501082550487
Conservatives,2017,E14000655,Croydon No,43.92255446767222,9.732880538649262,60,Female,8,0.5733454922737443
Labour,2017,E14000673,Dulwich an,41.3507987914096,8.67091241338134,67,Female,1,1.5398948123001144
Labour,2017,E14000673,Dulwich an,41.3507987914096,8.67091241338134,40,Male,2,0.9440130325149507
Labour,2017,E14000673,Dulwich an,41.3507987914096,8.67091241338134,83,Female,1,0.5621365699705435
Labour,2017,E14000673,Dulwich an,41.3507987914096,8.67091241338134,62,Male,2,2.191310509018108
Labour,2017,E14000676,"Ealing, So",43.33643132168353,10.35204722559824,24,Female,,0.713917479594235
Labour,2017,E14000676,"Ealing, So",43.33643132168353,10.35204722559824,36,Female,3,2.167013060480033
Labour,2017,E14000676,"Ealing, So",43.33643132168353,10.35204722559824,58,Female,5,1.501686061613779
Labour,2017,E14000676,"Ealing, So",43.33643132168353,10.35204722559824,33,Female,4,0.5640060425181663
Labour,2017,E14000676,"Ealing, So",43.33643132168353,10.35204722559824,57,Male,0,2.191310509018108
Labour,2017,E14000676,"Ealing, So",43.33643132168353,10.35204722559824,43,Male,10,1.8880260650299014
Labour,2017,E14000676,"Ealing, So",43.33643132168353,10.35204722559824,65,Female,3,1.4549083235092728
Conservatives,2017,E14000676,"Ealing, So",43.33643132168353,10.35204722559824,36,Male,4,0.5406379176135532
Conservatives,2017,E14000676,"Ealing, So",43.33643132168353,10.35204722559824,75,Male,7,2.8186838894258086
Labour,2017,E14000687,Edmonton,46.2827617594303,10.41861876333003,89,Female,4,0.9232462430946033
Labour,2017,E14000687,Edmonton,46.2827617594303,10.41861876333003,89,Male,0,1.2304327163655775
Labour,2017,E14000687,Edmonton,46.2827617594303,10.41861876333003,23,Male,3,0.7813291916980522
Labour,2017,E14000703,Finchley a,40.71040063677368,13.65000663305917,61,Female,3,1.2641837033751484
Labour,2017,E14000703,Finchley a,40.71040063677368,13.65000663305917,78,Male,5,1.0104238395526675
Labour,2017,E14000703,Finchley a,40.71040063677368,13.65000663305917,29,Male,3,1.0316066932596182
Labour,2017,E14000703,Finchley a,40.71040063677368,13.65000663305917,80,Female,2,0.4616231215473017
Labour,2017,E14000703,Finchley a,40.71040063677368,13.65000663305917,43,Female,0,1.0835065302400164
Labour,2017,E14000703,Finchley a,40.71040063677368,13.65000663305917,21,Male,4,1.3568479945709038
Labour,2017,E14000703,Finchley a,40.71040063677368,13.65000663305917,20,Female,3,1.8596722945382436
Conservatives,2017,E14000703,Finchley a,40.71040063677368,13.65000663305917,64,Male,5,1.2549673676475253
Labour,2017,E14000703,Finchley a,40.71040063677368,13.65000663305917,80,Male,2,0.5052119197763337
Labour,2017,E14000720,Hackney No,48.08647567871536,6.858227373551188,57,Male,2,0.9223695635685634
Conservatives,2017,E14000720,Hackney No,48.08647567871536,6.858227373551188,47,Male,5,1.1562187199330365
Labour,2017,E14000720,Hackney No,48.08647567871536,6.858227373551188,19,Male,3,1.3568479945709038
Labour,2017,E14000726,Hammersmit,43.42332284583375,8.693629689772997,31,Male,1,0.5158033466298091
Labour,2017,E14000726,Hammersmit,43.42332284583375,8.693629689772997,27,Male,5,0.5158033466298091
Labour,2017,E14000726,Hammersmit,43.42332284583375,8.693629689772997,33,Female,4,0.4713007386706385
Labour,2017,E14000726,Hammersmit,43.42332284583375,8.693629689772997,40,Female,4,0.4312826219973321
Labour,2017,E14000726,Hammersmit,43.42332284583375,8.693629689772997,31,Female,2,0.942601477341277
Conservatives,2017,E14000726,Hammersmit,43.42332284583375,8.693629689772997,29,Female,6,1.0796590349851465
Conservatives,2017,E14000726,Hammersmit,43.42332284583375,8.693629689772997,71,Female,5,0.8332285458444892
Conservatives,2017,E14000726,Hammersmit,43.42332284583375,8.693629689772997,40,Female,5,0.49399262643306374
Labour,2017,E14000727,Hampstead,39.19562424512843,11.03862634530614,,Male,5,
Conservatives,2017,E14000727,Hampstead,39.19562424512843,11.03862634530614,51,Male,5,0.5781093599665182
Conservatives,2017,E14000727,Hampstead,39.19562424512843,11.03862634530614,80,Male,7,0.5786715031544796
Conservatives,2017,E14000727,Hampstead,39.19562424512843,11.03862634530614,73,Female,7,0.5879336379131065
Conservatives,2017,E14000727,Hampstead,39.19562424512843,11.03862634530614,61,Female,5,0.4826668144985988
Labour,2017,E14000731,Harrow Eas,40.21935023756517,14.7714459189869,64,Male,3,1.095655254509054
Labour,2017,E14000731,Harrow Eas,40.21935023756517,14.7714459189869,34,Female,5,0.942601477341277
Labour,2017,E14000731,Harrow Eas,40.21935023756517,14.7714459189869,80,Female,5,1.124273139941087
Labour,2017,E14000731,Harrow Eas,40.21935023756517,14.7714459189869,57,Male,2,1.3835543453528454
Labour,2017,E14000741,Hendon,44.40208392229717,11.60050078752877,36,Female,,1.0835065302400164
Labour,2017,E14000741,Hendon,44.40208392229717,11.60050078752877,39,Female,1,0.8625652439946642
Labour,2017,E14000741,Hendon,44.40208392229717,11.60050078752877,40,Female,4,0.4312826219973321
Conservatives,2017,E14000741,Hendon,44.40208392229717,11.60050078752877,54,Female,3,2.623773179103006
Labour,2017,E14000741,Hendon,44.40208392229717,11.60050078752877,62,Female,,1.0011240410758528
Labour,2017,E14000741,Hendon,44.40208392229717,11.60050078752877,85,Female,,0.5621365699705435
Labour,2017,E14000741,Hendon,44.40208392229717,11.60050078752877,52,Male,5,2.018884551924329
Labour,2017,E14000759,Ilford Nor,40.29964226184094,13.51996802776126,48,Female,0,0.5726744265296998
Conservatives,2017,E14000759,Ilford Nor,40.29964226184094,13.51996802776126,48,Female,5,0.6559432947757515
Labour,2017,E14000759,Ilford Nor,40.29964226184094,13.51996802776126,59,Female,4,0.5005620205379264
Labour,2017,E14000763,Islington,43.63045936464061,8.59484483275184,33,Male,3,1.0316066932596182
Labour,2017,E14000763,Islington,43.63045936464061,8.59484483275184,76,Male,0,1.5156357593290009
Labour,2017,E14000763,Islington,43.63045936464061,8.59484483275184,32,Female,5,0.942601477341277
Labour,2017,E14000763,Islington,43.63045936464061,8.59484483275184,46,Female,2,0.5726744265296998
Labour,2017,E14000790,Leyton and,44.86144572531027,9.435320541739056,78,Male,5,1.0104238395526675
Labour,2017,E14000790,Leyton and,44.86144572531027,9.435320541739056,29,Female,2,0.4713007386706385
Labour,2017,E14000790,Leyton and,44.86144572531027,9.435320541739056,60,Female,2,2.502810102689632
Labour,2017,E14000882,Poplar and,51.24237834479009,5.475164084042099,,Female,4,
Conservatives,2017,E14000882,Poplar and,51.24237834479009,5.475164084042099,26,Male,,0.5908029605843929
Labour,2017,E14000887,Putney,42.34549659514326,10.08394363784316,65,Female,3,0.3637270808773182
Conservatives,2017,E14000887,Putney,42.34549659514326,10.08394363784316,73,Female,7,1.175867275826213
Conservatives,2017,E14000887,Putney,42.34549659514326,10.08394363784316,25,Male,3,2.3632118423375714
Labour,2017,E14000887,Putney,42.34549659514326,10.08394363784316,41,Male,2,0.5929083582273097
Conservatives,2017,E14000887,Putney,42.34549659514326,10.08394363784316,63,Female,6,0.9653336289971975
Conservatives,2017,E14000900,Romford,37.51225311281206,16.27839072309008,54,Female,4,1.0564621969394719
Labour,2017,E14000900,Romford,37.51225311281206,16.27839072309008,41,Female,,1.0835065302400164
Conservatives,2017,E14000900,Romford,37.51225311281206,16.27839072309008,39,Female,5,1.2410521763011182
Labour,2017,E14000978,Streatham,44.06411348504077,7.925525441997113,,Male,2,
Labour,2017,E14000978,Streatham,44.06411348504077,7.925525441997113,74,Male,0,
Labour,2017,E14000978,Streatham,44.06411348504077,7.925525441997113,27,Female,5,0.4713007386706385
Labour,2017,E14000978,Streatham,44.06411348504077,7.925525441997113,39,Female,3,0.5417532651200082
Labour,2017,E14000978,Streatham,44.06411348504077,7.925525441997113,29,Male,4,0.5158033466298091
Labour,2017,E14000978,Streatham,44.06411348504077,7.925525441997113,52,Female,2,0.4611746835444475
Labour,2017,E14000978,Streatham,44.06411348504077,7.925525441997113,37,Male,3,0.47200651625747536
Labour,2017,E14000978,Streatham,44.06411348504077,7.925525441997113,31,Male,,1.0316066932596182
Labour,2017,E14000978,Streatham,44.06411348504077,7.925525441997113,44,Female,4,0.4312826219973321
Conservatives,2017,E14000984,Sutton and,35.60491014932929,15.54247869737619,53,Female,7,1.0564621969394719
Labour,2017,E14000984,Sutton and,35.60491014932929,15.54247869737619,50,Male,,1.2534985052919816
Labour,2017,E14000984,Sutton and,35.60491014932929,15.54247869737619,87,Female,5,0.4616231215473017
Labour,2017,E14000998,Tooting,43.11628777247638,8.491907568528394,62,Male,6,0.547827627254527
Labour,2017,E14000998,Tooting,43.11628777247638,8.491907568528394,29,Female,,0.5640060425181663
Conservatives,2017,E14000998,Tooting,43.11628777247638,8.491907568528394,69,Female,7,0.5879336379131065
Conservatives,2017,E14000998,Tooting,43.11628777247638,8.491907568528394,23,Male,5,0.8949371939176608
Labour,2017,E14000998,Tooting,43.11628777247638,8.491907568528394,33,Female,2,0.5640060425181663
Labour,2017,E14000998,Tooting,43.11628777247638,8.491907568528394,59,Female,0,1.0011240410758528
Conservatives,2017,E14000998,Tooting,43.11628777247638,8.491907568528394,47,Female,7,1.0564621969394719
Conservatives,2017,E14000998,Tooting,43.11628777247638,8.491907568528394,29,Female,7,1.0796590349851465
Labour,2017,E14000998,Tooting,43.11628777247638,8.491907568528394,22,Female,2,1.8596722945382436
Labour,2017,E14000998,Tooting,43.11628777247638,8.491907568528394,33,Male,0,0.6172623558173692
Labour,2017,E14001013,Walthamsto,45.24235370248869,8.168034297115842,54,Male,5,3.1337462632299515
Labour,2017,E14001013,Walthamsto,45.24235370248869,8.168034297115842,47,Male,7,0.6267492526459908
Labour,2017,E14001013,Walthamsto,45.24235370248869,8.168034297115842,37,Female,0,0.8625652439946642
Labour,2017,E14001013,Walthamsto,45.24235370248869,8.168034297115842,63,Female,3,1.0011240410758528
Labour,2017,E14001013,Walthamsto,45.24235370248869,8.168034297115842,38,Male,4,0.9440130325149507
Labour,2017,E14001013,Walthamsto,45.24235370248869,8.168034297115842,48,Male,3,1.0094422759621644
Labour,2017,E14001013,Walthamsto,45.24235370248869,8.168034297115842,28,Female,4,0.942601477341277
Labour,2017,E14001032,West Ham,51.0484248333776,6.824878906299403,71,Female,2,1.0265965415334104
Labour,2017,E14001032,West Ham,51.0484248333776,6.824878906299403,24,Male,2,1.1719937875470778
Conservatives,2017,E14001040,Wimbledon,37.14819233362726,12.31910368795062,71,Male,6,0.45595310720955995
Conservatives,2017,E14000554,Berwick-up,29.59137853614728,22.13344251036742,67,Female,7,0.9113389193124729
Labour,2017,E14000554,Berwick-up,29.59137853614728,22.13344251036742,68,Female,0,0.5638028230329062
Conservatives,2017,E14000554,Berwick-up,29.59137853614728,22.13344251036742,75,Male,7,0.4484909761190345
Conservatives,2017,E14000554,Berwick-up,29.59137853614728,22.13344251036742,58,Female,5,1.7774525137772665
Conservatives,2017,E14000554,Berwick-up,29.59137853614728,22.13344251036742,83,Male,5,0.5461450417241752
Conservatives,2017,E14000554,Berwick-up,29.59137853614728,22.13344251036742,85,Female,8,0.8195919228252673
Conservatives,2017,E14000554,Berwick-up,29.59137853614728,22.13344251036742,57,Male,5,0.8188136695003037
Conservatives,2017,E14000554,Berwick-up,29.59137853614728,22.13344251036742,70,Female,7,0.9113389193124729
Labour,2017,E14000574,Blaydon,32.59591531586639,19.81287026653527,75,Female,5,1.3070274461622766
Labour,2017,E14000574,Blaydon,32.59591531586639,19.81287026653527,22,Female,7,0.9608747370398023
Labour,2017,E14000574,Blaydon,32.59591531586639,19.81287026653527,69,Female,3,0.3978243981973244
Labour,2017,E14000574,Blaydon,32.59591531586639,19.81287026653527,36,Female,3,0.33425935624675773
Labour,2017,E14000574,Blaydon,32.59591531586639,19.81287026653527,49,Male,4,0.7823536310569507
Labour,2017,E14000574,Blaydon,32.59591531586639,19.81287026653527,69,Male,8,0.9255599209752235
Conservatives,2017,E14000574,Blaydon,32.59591531586639,19.81287026653527,85,Male,9,1.0922900834483504
Conservatives,2017,E14000574,Blaydon,32.59591531586639,19.81287026653527,84,Female,4,0.8195919228252673
Conservatives,2017,E14000574,Blaydon,32.59591531586639,19.81287026653527,34,Male,7,1.3736798600350706
Labour,2017,E14000574,Blaydon,32.59591531586639,19.81287026653527,70,Male,3,0.43538899714004087
Conservatives,2017,E14000575,Blyth Vall,34.54133910969406,17.12098717355855,72,Male,10,0.9973921658201981
Labour,2017,E14000575,Blyth Vall,34.54133910969406,17.12098717355855,30,Male,4,0.9568005162616886
Labour,2017,E14000575,Blyth Vall,34.54133910969406,17.12098717355855,55,Male,5,0.4245858763616491
Labour,2017,E14000575,Blyth Vall,34.54133910969406,17.12098717355855,76,Male,5,0.47681453726629813
Conservatives,2017,E14000575,Blyth Vall,34.54133910969406,17.12098717355855,69,Female,7,0.45566945965623645
Conservatives,2017,E14000575,Blyth Vall,34.54133910969406,17.12098717355855,70,Male,5,0.9973921658201981
Labour,2017,E14000575,Blyth Vall,34.54133910969406,17.12098717355855,54,Female,4,0.8876860572971695
Conservatives,2017,E14000658,Darlington,36.81153395976678,17.18279969808679,20,Male,8,1.2045125178354228
Conservatives,2017,E14000658,Darlington,36.81153395976678,17.18279969808679,90,Female,8,0.49902460553565325
Labour,2017,E14000658,Darlington,36.81153395976678,17.18279969808679,26,Male,5,1.4352007743925328
Labour,2017,E14000658,Darlington,36.81153395976678,17.18279969808679,56,Female,4,0.775906703459147
Labour,2017,E14000658,Darlington,36.81153395976678,17.18279969808679,45,Male,3,0.9715058805169359
Labour,2017,E14000658,Darlington,36.81153395976678,17.18279969808679,61,Female,1,0.775906703459147
Conservatives,2017,E14000658,Darlington,36.81153395976678,17.18279969808679,57,Female,5,0.3740839312022475
Labour,2017,E14000709,Gateshead,38.66738619770173,15.53552155418704,31,Female,,0.8742494460746901
Labour,2017,E14000709,Gateshead,38.66738619770173,15.53552155418704,46,Male,3,0.48575294025846794
Labour,2017,E14000709,Gateshead,38.66738619770173,15.53552155418704,44,Female,5,0.4198780298750672
Labour,2017,E14000709,Gateshead,38.66738619770173,15.53552155418704,57,Male,6,0.7148691851116091
Labour,2017,E14000709,Gateshead,38.66738619770173,15.53552155418704,36,Male,4,0.9190500893198918
Conservatives,2017,E14000746,Hexham,29.71299648460045,21.9948580723018,73,Female,5,
Conservatives,2017,E14000746,Hexham,29.71299648460045,21.9948580723018,86,Female,,0.49902460553565325
Labour,2017,E14000746,Hexham,29.71299648460045,21.9948580723018,46,Male,5,0.7823536310569507
Conservatives,2017,E14000746,Hexham,29.71299648460045,21.9948580723018,89,Female,6,0.40979596141263364
Labour,2017,E14000746,Hexham,29.71299648460045,21.9948580723018,27,Male,5,0.7995318420015995
Labour,2017,E14000746,Hexham,29.71299648460045,21.9948580723018,38,Female,4,0.6685187124935155
Labour,2017,E14000746,Hexham,29.71299648460045,21.9948580723018,69,Female,3,
Conservatives,2017,E14000746,Hexham,29.71299648460045,21.9948580723018,90,Female,5,0.49902460553565325
Conservatives,2017,E14000746,Hexham,29.71299648460045,21.9948580723018,62,Female,7,0.748167862404495
Conservatives,2017,E14000746,Hexham,29.71299648460045,21.9948580723018,88,Male,8,0.4484909761190345
Labour,2017,E14000754,Houghton a,34.2107077998207,18.44095538033609,68,Female,3,0.7956487963946488
Labour,2017,E14000754,Houghton a,34.2107077998207,18.44095538033609,22,Female,,0.9608747370398023
Labour,2017,E14000754,Houghton a,34.2107077998207,18.44095538033609,52,Female,,0.3574267660611256
Labour,2017,E14000765,Jarrow,34.63007446552967,17.82969012731204,36,Female,,0.4198780298750672
Labour,2017,E14000765,Jarrow,34.63007446552967,17.82969012731204,91,Female,,0.43567581538742556
Labour,2017,E14000765,Jarrow,34.63007446552967,17.82969012731204,22,Male,4,1.0516054068897323
Labour,2017,E14000765,Jarrow,34.63007446552967,17.82969012731204,69,Male,,0.43538899714004087
Labour,2017,E14000765,Jarrow,34.63007446552967,17.82969012731204,52,Male,1,1.1735304465854262
Labour,2017,E14000765,Jarrow,34.63007446552967,17.82969012731204,58,Female,,1.1638600551887208
Labour,2017,E14000765,Jarrow,34.63007446552967,17.82969012731204,68,Male,1,0.8707779942800817
Conservatives,2017,E14000833,Newcastle,35.67963034270312,18.05159799768964,58,Female,6,0.8887262568886333
Labour,2017,E14000833,Newcastle,35.67963034270312,18.05159799768964,82,Female,,0.43567581538742556
Labour,2017,E14000833,Newcastle,35.67963034270312,18.05159799768964,54,Male,5,0.48575294025846794
Conservatives,2017,E14000833,Newcastle,35.67963034270312,18.05159799768964,72,Female,5,0.45566945965623645
Labour,2017,E14000833,Newcastle,35.67963034270312,18.05159799768964,69,Male,,0.43538899714004087
Conservatives,2017,E14000833,Newcastle,35.67963034270312,18.05159799768964,82,Female,7,0.9980492110713065
Labour,2017,E14000982,Sunderland,37.40101116283726,17.19877859538469,31,Female,4,0.43712472303734506
Labour,2017,E14000982,Sunderland,37.40101116283726,17.19877859538469,31,Female,1,0.36527481857973754
Labour,2017,E14000982,Sunderland,37.40101116283726,17.19877859538469,52,Female,1,0.44384302864858477
Labour,2017,E14000982,Sunderland,37.40101116283726,17.19877859538469,24,Female,5,0.48043736851990115
Labour,2017,E14000982,Sunderland,37.40101116283726,17.19877859538469,42,Female,4,0.33425935624675773
Labour,2017,E14000982,Sunderland,37.40101116283726,17.19877859538469,79,Female,5,0.35777432144709603
Labour,2017,E14000982,Sunderland,37.40101116283726,17.19877859538469,52,Male,5,1.457258820775403
Conservatives,2017,E14000982,Sunderland,37.40101116283726,17.19877859538469,82,Female,8,0.40979596141263364
Conservatives,2017,E14000532,Altrincham,34.68128500584941,17.18897205743806,80,Male,7,0.5459743345103714
Conservatives,2017,E14000532,Altrincham,34.68128500584941,17.18897205743806,70,Female,8,0.9110540643456395
Conservatives,2017,E14000532,Altrincham,34.68128500584941,17.18897205743806,78,Female,8,0.997737253281627
Conservatives,2017,E14000532,Altrincham,34.68128500584941,17.18897205743806,76,Male,5,0.8967015847931584
Labour,2017,E14000532,Altrincham,34.68128500584941,17.18897205743806,32,Female,8,0.7303212910543618
Labour,2017,E14000532,Altrincham,34.68128500584941,17.18897205743806,33,Male,4,0.799281934298209
Conservatives,2017,E14000532,Altrincham,34.68128500584941,17.18897205743806,47,Female,9,1.0164409146701026
Labour,2017,E14000532,Altrincham,34.68128500584941,17.18897205743806,56,Female,3,0.32649367966300796
Labour,2017,E14000532,Altrincham,34.68128500584941,17.18897205743806,36,Male,5,0.7314149545183104
Labour,2017,E14000559,Birkenhead,38.46517597784233,15.69614267378234,40,Female,5,0.6683097552421143
Labour,2017,E14000559,Birkenhead,38.46517597784233,15.69614267378234,66,Female,5,0.3977000512026413
Labour,2017,E14000559,Birkenhead,38.46517597784233,15.69614267378234,74,Female,5,0.5636265965697842
Labour,2017,E14000559,Birkenhead,38.46517597784233,15.69614267378234,55,Male,3,1.0719686103102977
Labour,2017,E14000559,Birkenhead,38.46517597784233,15.69614267378234,84,Female,7,0.8710792745365463
Labour,2017,E14000559,Birkenhead,38.46517597784233,15.69614267378234,66,Male,1,
Labour,2017,E14000559,Birkenhead,38.46517597784233,15.69614267378234,33,Male,2,0.9565014514751965
Labour,2017,E14000570,Blackburn,44.92754974544506,12.37248941685471,34,Female,0,0.3651606455271809
Labour,2017,E14000570,Blackburn,44.92754974544506,12.37248941685471,21,Male,5,1.5769150637572702
Labour,2017,E14000570,Blackburn,44.92754974544506,12.37248941685471,22,Male,5,0.3026843038846543
Labour,2017,E14000570,Blackburn,44.92754974544506,12.37248941685471,22,Male,5,1.5769150637572702
Labour,2017,E14000570,Blackburn,44.92754974544506,12.37248941685471,55,Female,5,1.3059747186520319
Labour,2017,E14000570,Blackburn,44.92754974544506,12.37248941685471,24,Female,3,0.2765692330942338
Labour,2017,E14000570,Blackburn,44.92754974544506,12.37248941685471,41,Male,5,0.9187628240915958
Labour,2017,E14000570,Blackburn,44.92754974544506,12.37248941685471,61,Male,2,0.7146457402068651
Labour,2017,E14000570,Blackburn,44.92754974544506,12.37248941685471,39,Male,5,0.7314149545183104
Conservatives,2017,E14000570,Blackburn,44.92754974544506,12.37248941685471,95,Female,8,
Labour,2017,E14000570,Blackburn,44.92754974544506,12.37248941685471,32,Female,4,0.7303212910543618
Labour,2017,E14000579,Bolton Sou,42.24399736601571,13.80876094626869,69,Female,3,0.3977000512026413
Labour,2017,E14000579,Bolton Sou,42.24399736601571,13.80876094626869,50,Female,4,0.4437042977236504
Labour,2017,E14000579,Bolton Sou,42.24399736601571,13.80876094626869,59,Male,3,0.8489063291949792
Labour,2017,E14000579,Bolton Sou,42.24399736601571,13.80876094626869,39,Female,3,0.4197467896309169
Labour,2017,E14000579,Bolton Sou,42.24399736601571,13.80876094626869,33,Female,3,0.873976184073377
Conservatives,2017,E14000579,Bolton Sou,42.24399736601571,13.80876094626869,54,Male,5,1.1124184250529912
Conservatives,2017,E14000579,Bolton Sou,42.24399736601571,13.80876094626869,65,Male,2,1.4956206201023068
Labour,2017,E14000579,Bolton Sou,42.24399736601571,13.80876094626869,47,Male,5,1.4568033289663038
Labour,2017,E14000609,Burnley,37.81228821833469,16.23496709128293,60,Male,4,1.273359493792468
Labour,2017,E14000609,Burnley,37.81228821833469,16.23496709128293,60,Female,5,0.7756641802072634
Labour,2017,E14000609,Burnley,37.81228821833469,16.23496709128293,41,Male,5,1.0971224317774655
Labour,2017,E14000609,Burnley,37.81228821833469,16.23496709128293,22,Female,4,0.48028719939206593
Labour,2017,E14000609,Burnley,37.81228821833469,16.23496709128293,31,Male,3,0.799281934298209
Labour,2017,E14000609,Burnley,37.81228821833469,16.23496709128293,57,Female,3,0.6529873593260159
Conservatives,2017,E14000611,Bury North,36.44545850627163,16.31199981655163,67,Female,10,0.45552703217281976
Labour,2017,E14000611,Bury North,36.44545850627163,16.31199981655163,69,Female,2,0.3977000512026413
Conservatives,2017,E14000611,Bury North,36.44545850627163,16.31199981655163,80,Female,8,0.4096678724958508
Labour,2017,E14000611,Bury North,36.44545850627163,16.31199981655163,47,Female,4,0.7146300921101238
Labour,2017,E14000611,Bury North,36.44545850627163,16.31199981655163,42,Female,2,0.6683097552421143
Labour,2017,E14000611,Bury North,36.44545850627163,16.31199981655163,34,Male,4,0.799281934298209
Conservatives,2017,E14000637,Chorley,34.69430750431889,16.73829688619222,48,Female,7,0.8185398115386296
Labour,2017,E14000637,Chorley,34.69430750431889,16.73829688619222,78,Male,4,0.4766655005179266
Labour,2017,E14000637,Chorley,34.69430750431889,16.73829688619222,26,Male,2,0.9565014514751965
Labour,2017,E14000637,Chorley,34.69430750431889,16.73829688619222,70,Male,4,0.8705058173419263
Conservatives,2017,E14000637,Chorley,34.69430750431889,16.73829688619222,37,Male,3,1.0523541580232598
Conservatives,2017,E14000637,Chorley,34.69430750431889,16.73829688619222,34,Male,5,0.9155003281975834
Labour,2017,E14000637,Chorley,34.69430750431889,16.73829688619222,35,Male,5,0.7314149545183104
Conservatives,2017,E14000637,Chorley,34.69430750431889,16.73829688619222,46,Male,5,0.8958304952634724
Conservatives,2017,E14000637,Chorley,34.69430750431889,16.73829688619222,57,Male,4,0.9723402839942689
Conservatives,2017,E14000637,Chorley,34.69430750431889,16.73829688619222,79,Female,3,0.997737253281627
Conservatives,2017,E14000637,Chorley,34.69430750431889,16.73829688619222,76,Male,3,1.0919486690207427
Labour,2017,E14000637,Chorley,34.69430750431889,16.73829688619222,33,Female,3,0.7303212910543618
Conservatives,2017,E14000637,Chorley,34.69430750431889,16.73829688619222,65,Female,5,0.9110540643456395
Labour,2017,E14000640,City of Ch,36.85359427926232,17.8848325178773,28,Female,,1.3109642761100653
Labour,2017,E14000640,City of Ch,36.85359427926232,17.8848325178773,33,Female,,0.4369880920366885
Labour,2017,E14000640,City of Ch,36.85359427926232,17.8848325178773,44,Male,5,0.7314149545183104
Conservatives,2017,E14000640,City of Ch,36.85359427926232,17.8848325178773,43,Female,5,0.9615588872389392
Labour,2017,E14000640,City of Ch,36.85359427926232,17.8848325178773,68,Female,6,0.5636265965697842
Labour,2017,E14000640,City of Ch,36.85359427926232,17.8848325178773,42,Female,3,0.33415487762105717
Conservatives,2017,E14000640,City of Ch,36.85359427926232,17.8848325178773,75,Female,8,0.4988686266408135
Labour,2017,E14000640,City of Ch,36.85359427926232,17.8848325178773,56,Female,5,0.6529873593260159
Labour,2017,E14000640,City of Ch,36.85359427926232,17.8848325178773,49,Male,3,0.39105454635237413
Labour,2017,E14000688,Ellesmere,33.98225812018915,18.58180019099559,28,Male,3,0.799281934298209
Conservatives,2017,E14000688,Ellesmere,33.98225812018915,18.58180019099559,63,Male,5,0.9723402839942689
Labour,2017,E14000688,Ellesmere,33.98225812018915,18.58180019099559,66,Female,1,0.7954001024052826
Labour,2017,E14000688,Ellesmere,33.98225812018915,18.58180019099559,82,Male,5,0.4766655005179266
Labour,2017,E14000688,Ellesmere,33.98225812018915,18.58180019099559,35,Female,5,0.8394935792618338
Labour,2017,E14000688,Ellesmere,33.98225812018915,18.58180019099559,62,Male,4,0.8489063291949792
Conservatives,2017,E14000688,Ellesmere,33.98225812018915,18.58180019099559,64,Female,6,0.8884484699061341
Conservatives,2017,E14000747,Heywood an,37.11956417117447,16.00573661616648,67,Female,5,0.9110540643456395
Labour,2017,E14000747,Heywood an,37.11956417117447,16.00573661616648,73,Female,5,0.7954001024052826
Labour,2017,E14000747,Heywood an,37.11956417117447,16.00573661616648,42,Female,,0.8394935792618338
Labour,2017,E14000794,"Liverpool,",39.43140754930559,14.55004571378815,34,Female,2,0.7303212910543618
Labour,2017,E14000794,"Liverpool,",39.43140754930559,14.55004571378815,29,Female,2,0.3651606455271809
Labour,2017,E14000794,"Liverpool,",39.43140754930559,14.55004571378815,22,Female,0,0.9605743987841319
Labour,2017,E14000794,"Liverpool,",39.43140754930559,14.55004571378815,71,Female,5,0.3977000512026413
Labour,2017,E14000794,"Liverpool,",39.43140754930559,14.55004571378815,50,Female,,1.3311128931709515
Labour,2017,E14000794,"Liverpool,",39.43140754930559,14.55004571378815,25,Female,,0.873976184073377
Labour,2017,E14000794,"Liverpool,",39.43140754930559,14.55004571378815,37,Male,5,0.7314149545183104
Labour,2017,E14000794,"Liverpool,",39.43140754930559,14.55004571378815,63,Female,5,0.3878320901036317
Labour,2017,E14000796,"Liverpool,",38.97853916078509,14.95631620221567,30,Male,3,0.9565014514751965
Labour,2017,E14000796,"Liverpool,",38.97853916078509,14.95631620221567,54,Male,3,1.1731636390571218
Conservatives,2017,E14000796,"Liverpool,",38.97853916078509,14.95631620221567,86,Female,7,0.8193357449917016
Conservatives,2017,E14000796,"Liverpool,",38.97853916078509,14.95631620221567,70,Male,5,0.9970804134015376
Labour,2017,E14000796,"Liverpool,",38.97853916078509,14.95631620221567,45,Male,3,0.7821090927047483
Labour,2017,E14000796,"Liverpool,",38.97853916078509,14.95631620221567,69,Female,,0.3977000512026413
Labour,2017,E14000796,"Liverpool,",38.97853916078509,14.95631620221567,58,Female,5,0.6529873593260159
Labour,2017,E14000796,"Liverpool,",38.97853916078509,14.95631620221567,76,Male,1,0.9533310010358532
Labour,2017,E14000796,"Liverpool,",38.97853916078509,14.95631620221567,70,Male,3,0.3084235403282804
Labour,2017,E14000796,"Liverpool,",38.97853916078509,14.95631620221567,66,Male,5,0.6168470806565608
Conservatives,2017,E14000796,"Liverpool,",38.97853916078509,14.95631620221567,75,Female,6,0.997737253281627
Labour,2017,E14000796,"Liverpool,",38.97853916078509,14.95631620221567,74,Male,5,0.8705058173419263
Labour,2017,E14000805,Makerfield,35.65609661717684,16.45485835319036,45,Female,1,0.8874085954473008
Labour,2017,E14000805,Makerfield,35.65609661717684,16.45485835319036,77,Female,5,0.8710792745365463
Labour,2017,E14000805,Makerfield,35.65609661717684,16.45485835319036,56,Female,10,1.5513283604145267
Conservatives,2017,E14000805,Makerfield,35.65609661717684,16.45485835319036,42,Female,,0.4807794436194696
Labour,2017,E14000805,Makerfield,35.65609661717684,16.45485835319036,84,Male,5,0.39143480078964166
Conservatives,2017,E14000805,Makerfield,35.65609661717684,16.45485835319036,63,Female,5,0.8884484699061341
Conservatives,2017,E14000805,Makerfield,35.65609661717684,16.45485835319036,73,Female,7,0.45552703217281976
Labour,2017,E14000808,Manchester,53.55492005251894,8.242054713214266,38,Female,5,0.4197467896309169
Labour,2017,E14000808,Manchester,53.55492005251894,8.242054713214266,48,Male,,0.7821090927047483
Conservatives,2017,E14000808,Manchester,53.55492005251894,8.242054713214266,72,Female,5,0.6455798786364246
Conservatives,2017,E14000808,Manchester,53.55492005251894,8.242054713214266,57,Female,10,0.3739670047070025
Labour,2017,E14000808,Manchester,53.55492005251894,8.242054713214266,22,Male,2,0.9080529116539628
Labour,2017,E14000808,Manchester,53.55492005251894,8.242054713214266,51,Female,,1.7748171908946015
Labour,2017,E14000808,Manchester,53.55492005251894,8.242054713214266,72,Female,,0.5636265965697842
Labour,2017,E14000808,Manchester,53.55492005251894,8.242054713214266,61,Female,,1.163496270310895
Conservatives,2017,E14000808,Manchester,53.55492005251894,8.242054713214266,40,Male,6,0.8377652517544634
Labour,2017,E14000808,Manchester,53.55492005251894,8.242054713214266,52,Female,4,1.3311128931709515
Conservatives,2017,E14000825,Morecambe,33.06000022809439,21.39069146812951,78,Female,7,0.997737253281627
Conservatives,2017,E14000825,Morecambe,33.06000022809439,21.39069146812951,58,Male,3,0.48617014199713443
Labour,2017,E14000825,Morecambe,33.06000022809439,21.39069146812951,26,Female,3,0.7303212910543618
Labour,2017,E14000825,Morecambe,33.06000022809439,21.39069146812951,41,Female,0,0.6683097552421143
Labour,2017,E14000825,Morecambe,33.06000022809439,21.39069146812951,44,Female,6,0.8394935792618338
Labour,2017,E14000825,Morecambe,33.06000022809439,21.39069146812951,48,Female,4,0.4437042977236504
Conservatives,2017,E14000825,Morecambe,33.06000022809439,21.39069146812951,75,Male,5,1.0919486690207427
Conservatives,2017,E14000875,Pendle,38.78281089299288,16.04212314984573,48,Female,4,0.5082204573350513
Conservatives,2017,E14000875,Pendle,38.78281089299288,16.04212314984573,61,Female,6,0.747934009414005
Conservatives,2017,E14000875,Pendle,38.78281089299288,16.04212314984573,42,Male,7,0.8377652517544634
Conservatives,2017,E14000875,Pendle,38.78281089299288,16.04212314984573,73,Female,6,0.6455798786364246
Conservatives,2017,E14000875,Pendle,38.78281089299288,16.04212314984573,63,Female,6,0.747934009414005
Conservatives,2017,E14000877,Penrith an,29.80459208597949,21.69027845627748,63,Male,4,0.9723402839942689
Conservatives,2017,E14000877,Penrith an,29.80459208597949,21.69027845627748,78,Female,8,0.4988686266408135
Conservatives,2017,E14000877,Penrith an,29.80459208597949,21.69027845627748,69,Male,5,0.9970804134015376
Conservatives,2017,E14000877,Penrith an,29.80459208597949,21.69027845627748,71,Female,7,0.45552703217281976
Labour,2017,E14000877,Penrith an,29.80459208597949,21.69027845627748,49,Male,5,0.48560110965543496
Labour,2017,E14000894,Ribble Val,33.25630100382755,19.0304243312115,50,Male,5,0.7821090927047483
Labour,2017,E14000894,Ribble Val,33.25630100382755,19.0304243312115,66,Male,4,0.8705058173419263
Labour,2017,E14000894,Ribble Val,33.25630100382755,19.0304243312115,24,Male,6,0.5256383545857569
Labour,2017,E14000894,Ribble Val,33.25630100382755,19.0304243312115,48,Male,3,0.48560110965543496
Labour,2017,E14000894,Ribble Val,33.25630100382755,19.0304243312115,55,Female,,0.6529873593260159
Labour,2017,E14000894,Ribble Val,33.25630100382755,19.0304243312115,61,Male,5,0.8489063291949792
Conservatives,2017,E14000894,Ribble Val,33.25630100382755,19.0304243312115,18,Male,5,1.2041360263172314
Conservatives,2017,E14000894,Ribble Val,33.25630100382755,19.0304243312115,37,Male,8,0.8377652517544634
Conservatives,2017,E14000894,Ribble Val,33.25630100382755,19.0304243312115,46,Female,7,0.8185398115386296
Conservatives,2017,E14000894,Ribble Val,33.25630100382755,19.0304243312115,71,Female,10,0.9110540643456395
Conservatives,2017,E14000894,Ribble Val,33.25630100382755,19.0304243312115,53,Male,6,1.1124184250529912
Labour,2017,E14000894,Ribble Val,33.25630100382755,19.0304243312115,55,Female,5,0.7756641802072634
Labour,2017,E14000894,Ribble Val,33.25630100382755,19.0304243312115,18,Female,3,1.4408615981761987
Labour,2017,E14000897,Rochdale,42.48689763925607,13.15987199109503,70,Male,2,0.3084235403282804
Conservatives,2017,E14000897,Rochdale,42.48689763925607,13.15987199109503,44,Male,5,0.5261770790116299
Labour,2017,E14000897,Rochdale,42.48689763925607,13.15987199109503,38,Female,5,0.8394935792618338
Labour,2017,E14000897,Rochdale,42.48689763925607,13.15987199109503,44,Male,4,0.4593814120457979
Labour,2017,E14000897,Rochdale,42.48689763925607,13.15987199109503,23,Female,5,0.2765692330942338
Conservatives,2017,E14000897,Rochdale,42.48689763925607,13.15987199109503,71,Male,7,0.9970804134015376
Conservatives,2017,E14000897,Rochdale,42.48689763925607,13.15987199109503,49,Male,2,1.1124184250529912
Conservatives,2017,E14000897,Rochdale,42.48689763925607,13.15987199109503,68,Male,5,0.7065388075918987
Conservatives,2017,E14000897,Rochdale,42.48689763925607,13.15987199109503,54,Male,5,0.8958304952634724
Conservatives,2017,E14000943,South Ribb,33.3507923303653,18.39253987326822,71,Male,5,0.9970804134015376
Labour,2017,E14000943,South Ribb,33.3507923303653,18.39253987326822,43,Female,4,0.33415487762105717
Labour,2017,E14000943,South Ribb,33.3507923303653,18.39253987326822,45,Female,3,0.4437042977236504
Conservatives,2017,E14000943,South Ribb,33.3507923303653,18.39253987326822,68,Male,7,0.9970804134015376
Labour,2017,E14000943,South Ribb,33.3507923303653,18.39253987326822,72,Male,0,0.3084235403282804
Conservatives,2017,E14000943,South Ribb,33.3507923303653,18.39253987326822,66,Female,7,0.9110540643456395
Labour,2017,E14000958,Southport,31.7445038227061,23.16969274515661,37,Female,3,0.6683097552421143
Conservatives,2017,E14000958,Southport,31.7445038227061,23.16969274515661,79,Female,8,0.8193357449917016
Labour,2017,E14000962,St. Helens,35.23487846826499,17.54802213058704,65,Male,5,0.8705058173419263
Conservatives,2017,E14000962,St. Helens,35.23487846826499,17.54802213058704,31,Male,5,0.9155003281975834
Labour,2017,E14000962,St. Helens,35.23487846826499,17.54802213058704,71,Male,4,0.8705058173419263
Conservatives,2017,E14000962,St. Helens,35.23487846826499,17.54802213058704,72,Male,4,0.7065388075918987
Conservatives,2017,E14000962,St. Helens,35.23487846826499,17.54802213058704,67,Male,8,0.9970804134015376
Conservatives,2017,E14000962,St. Helens,35.23487846826499,17.54802213058704,71,Male,4,0.9970804134015376
Labour,2017,E14000962,St. Helens,35.23487846826499,17.54802213058704,64,Male,5,0.35732287010343255
Labour,2017,E14000963,St. Helens,35.74912822754503,17.91628997486514,22,Female,0,0.48028719939206593
Labour,2017,E14000963,St. Helens,35.74912822754503,17.91628997486514,59,Female,2,0.3878320901036317
Labour,2017,E14000963,St. Helens,35.74912822754503,17.91628997486514,57,Male,7,0.8489063291949792
Conservatives,2017,E14000963,St. Helens,35.74912822754503,17.91628997486514,73,Male,2,0.4985402067007688
Labour,2017,E14000963,St. Helens,35.74912822754503,17.91628997486514,33,Female,1,0.3651606455271809
Conservatives,2017,E14000963,St. Helens,35.74912822754503,17.91628997486514,63,Female,7,0.8884484699061341
Labour,2017,E14000969,Stockport,37.958530819622,13.84736613075847,41,Male,2,0.3657074772591552
Conservatives,2017,E14000969,Stockport,37.958530819622,13.84736613075847,54,Male,8,1.1124184250529912
Conservatives,2017,E14000969,Stockport,37.958530819622,13.84736613075847,72,Male,5,0.4985402067007688
Labour,2017,E14000969,Stockport,37.958530819622,13.84736613075847,51,Male,3,0.7821090927047483
Conservatives,2017,E14000969,Stockport,37.958530819622,13.84736613075847,61,Male,7,0.9723402839942689
Labour,2017,E14000979,Stretford,38.23329856504876,14.77888383679835,66,Female,2,0.3977000512026413
Labour,2017,E14000979,Stretford,38.23329856504876,14.77888383679835,58,Female,3,0.7756641802072634
Labour,2017,E14000979,Stretford,38.23329856504876,14.77888383679835,34,Male,5,0.799281934298209
Labour,2017,E14000979,Stretford,38.23329856504876,14.77888383679835,46,Female,3,0.4437042977236504
Labour,2017,E14000979,Stretford,38.23329856504876,14.77888383679835,66,Male,4,1.3057587260128902
Labour,2017,E14000979,Stretford,38.23329856504876,14.77888383679835,39,Male,2,1.4628299090366208
Labour,2017,E14000979,Stretford,38.23329856504876,14.77888383679835,18,Female,3,1.4408615981761987
Labour,2017,E14000979,Stretford,38.23329856504876,14.77888383679835,41,Female,2,0.6683097552421143
Labour,2017,E14000979,Stretford,38.23329856504876,14.77888383679835,81,Male,6,0.9533310010358532
Conservatives,2017,E14000979,Stretford,38.23329856504876,14.77888383679835,82,Male,6,1.0919486690207427
Labour,2017,E14001033,West Lanca,36.06232264734115,18.49742080445584,42,Female,1,0.8394935792618338
Labour,2017,E14001033,West Lanca,36.06232264734115,18.49742080445584,52,Female,3,1.3311128931709515
Labour,2017,E14001033,West Lanca,36.06232264734115,18.49742080445584,22,Female,0,0.9605743987841319
Labour,2017,E14001033,West Lanca,36.06232264734115,18.49742080445584,75,Female,5,0.3576624928064993
Labour,2017,E14001033,West Lanca,36.06232264734115,18.49742080445584,54,Male,3,0.7821090927047483
Labour,2017,E14001033,West Lanca,36.06232264734115,18.49742080445584,73,Female,5,0.7954001024052826
Conservatives,2017,E14001033,West Lanca,36.06232264734115,18.49742080445584,74,Female,8,0.3227899393182123
Conservatives,2017,E14001039,Wigan,36.3886216847602,16.77889240071458,29,Male,6,0.9155003281975834
Conservatives,2017,E14001039,Wigan,36.3886216847602,16.77889240071458,67,Female,5,1.3665810965184593
Labour,2017,E14001039,Wigan,36.3886216847602,16.77889240071458,59,Male,3,0.8489063291949792
Labour,2017,E14001039,Wigan,36.3886216847602,16.77889240071458,32,Female,3,0.3651606455271809
Labour,2017,E14001039,Wigan,36.3886216847602,16.77889240071458,41,Female,4,0.6683097552421143
Labour,2017,E14001039,Wigan,36.3886216847602,16.77889240071458,57,Female,5,0.6529873593260159
Conservatives,2017,E14001039,Wigan,36.3886216847602,16.77889240071458,55,Male,4,0.48617014199713443
Conservatives,2017,E14001053,Workington,32.08784758112885,20.20596454959611,51,Male,7,1.1124184250529912
Conservatives,2017,E14001053,Workington,32.08784758112885,20.20596454959611,81,Male,8,1.0919486690207427
Labour,2017,E14001053,Workington,32.08784758112885,20.20596454959611,86,Male,3,0.4766655005179266
Labour,2017,E14001053,Workington,32.08784758112885,20.20596454959611,52,Female,5,1.3311128931709515
Labour,2017,E14001053,Workington,32.08784758112885,20.20596454959611,31,Female,,0.3651606455271809
Labour,2017,E14001053,Workington,32.08784758112885,20.20596454959611,37,Female,5,0.6683097552421143
Labour,2017,E14001053,Workington,32.08784758112885,20.20596454959611,28,Male,5,0.799281934298209
Conservatives,2017,E14001053,Workington,32.08784758112885,20.20596454959611,94,Male,10,0.5459743345103714
Conservatives,2017,S14000004,Angus,33.18450304636993,19.75722059439096,63,Female,3,0.5556333955862955
Conservatives,2017,S14000004,Angus,33.18450304636993,19.75722059439096,65,Male,7,1.247143069151588
Conservatives,2017,S14000004,Angus,33.18450304636993,19.75722059439096,59,Female,7,0.5556333955862955
Labour,2017,S14000004,Angus,33.18450304636993,19.75722059439096,63,Female,4,0.48509838992548004
Conservatives,2017,S14000004,Angus,33.18450304636993,19.75722059439096,66,Female,5,0.5697708764004569
Conservatives,2017,S14000004,Angus,33.18450304636993,19.75722059439096,59,Male,,0.6080991210645658
Conservatives,2017,S14000006,"Ayr, Carri",32.42380074591675,20.55450765207699,55,Male,5,1.023847818179045
Labour,2017,S14000006,"Ayr, Carri",32.42380074591675,20.55450765207699,38,Female,5,
Conservatives,2017,S14000014,Dumfriessh,30.56105839965709,21.14018929783709,82,Male,9,0.682901898450039
Labour,2017,S14000014,Dumfriessh,30.56105839965709,21.14018929783709,57,Female,3,0.9701967798509601
Conservatives,2017,S14000014,Dumfriessh,30.56105839965709,21.14018929783709,73,Male,7,0.623571534575794
Labour,2017,S14000014,Dumfriessh,30.56105839965709,21.14018929783709,91,Female,2,0.5447707453272148
Conservatives,2017,S14000014,Dumfriessh,30.56105839965709,21.14018929783709,60,Male,8,1.2161982421291315
Conservatives,2017,S14000017,Dunfermlin,34.84000895054822,15.17931609674729,83,Male,10,0.682901898450039
Labour,2017,S14000017,Dunfermlin,34.84000895054822,15.17931609674729,58,Male,5,1.3408128419008063
Conservatives,2017,S14000017,Dunfermlin,34.84000895054822,15.17931609674729,69,Female,8,
Labour,2017,S14000023,Edinburgh,39.26805609184144,11.74858499006432,40,Female,5,0.8359184154998974
Labour,2017,S14000023,Edinburgh,39.26805609184144,11.74858499006432,27,Female,5,1.0931649302509332
Conservatives,2017,S14000023,Edinburgh,39.26805609184144,11.74858499006432,43,Male,6,1.0478724817562466
Conservatives,2017,S14000023,Edinburgh,39.26805609184144,11.74858499006432,40,Male,,1.0478724817562466
Conservatives,2017,S14000023,Edinburgh,39.26805609184144,11.74858499006432,86,Female,5,1.2479646411060505
Labour,2017,S14000023,Edinburgh,39.26805609184144,11.74858499006432,59,Male,3,0.8938752279338705
Labour,2017,S14000025,Edinburgh,41.02845741464792,13.46991011326535,40,Male,6,0.9148500752205502
Conservatives,2017,S14000025,Edinburgh,41.02845741464792,13.46991011326535,97,Female,7,0.6239823205530253
Labour,2017,S14000025,Edinburgh,41.02845741464792,13.46991011326535,44,Female,3,0.8359184154998974
Labour,2017,S14000028,Falkirk,34.32426231012803,16.06810150979762,40,Male,4,0.4574250376102751
Labour,2017,S14000028,Falkirk,34.32426231012803,16.06810150979762,87,Male,3,0.5962107642317146
Labour,2017,S14000028,Falkirk,34.32426231012803,16.06810150979762,69,Female,1,0.4974411850760768
Labour,2017,S14000028,Falkirk,34.32426231012803,16.06810150979762,42,Female,1,0.5250171324707522
Labour,2017,S14000028,Falkirk,34.32426231012803,16.06810150979762,56,Female,3,0.48509838992548004
Labour,2017,S14000028,Falkirk,34.32426231012803,16.06810150979762,60,Female,4,0.48509838992548004
Labour,2017,S14000029,Glasgow Ce,48.34588031603055,10.17894517680835,49,Female,5,0.8938556553746928
Conservatives,2017,S14000029,Glasgow Ce,48.34588031603055,10.17894517680835,72,Female,5,0.5697708764004569
Labour,2017,S14000029,Glasgow Ce,48.34588031603055,10.17894517680835,22,Male,4,0.6574657590208559
Conservatives,2017,S14000029,Glasgow Ce,48.34588031603055,10.17894517680835,49,Male,5,1.1205001906426484
Labour,2017,S14000037,Gordon,33.49919903884661,15.38045654785743,28,Male,3,0.9997377455820639
Conservatives,2017,S14000037,Gordon,33.49919903884661,15.38045654785743,58,Male,5,0.5119239090895225
Conservatives,2017,S14000039,"Inverness,",34.51381258829069,16.89785747920264,58,Male,5,1.2161982421291315
Labour,2017,S14000039,"Inverness,",34.51381258829069,16.89785747920264,68,Female,5,0.3524906286662898
Labour,2017,S14000039,"Inverness,",34.51381258829069,16.89785747920264,70,Female,3,0.4974411850760768
Conservatives,2017,S14000032,Glenrothes,39.08262864863605,15.34581964730822,55,Male,7,0.6080991210645658
Labour,2017,S14000032,Glenrothes,39.08262864863605,15.34581964730822,46,Female,4,0.8938556553746928
Labour,2017,S14000041,Kirkcaldy,34.19074041605215,18.13756329995152,49,Male,2,1.214774756657879
Labour,2017,S14000041,Kirkcaldy,34.19074041605215,18.13756329995152,58,Male,4,1.061807684299659
Labour,2017,S14000041,Kirkcaldy,34.19074041605215,18.13756329995152,48,Female,2,2.7749153038270364
Conservatives,2017,S14000041,Kirkcaldy,34.19074041605215,18.13756329995152,32,Female,5,1.0463056285751697
Labour,2017,S14000041,Kirkcaldy,34.19074041605215,18.13756329995152,69,Male,3,0.3857745829861236
Labour,2017,S14000043,Linlithgow,35.88841484595584,15.67429390859779,72,Male,,0.5444121066677284
Labour,2017,S14000043,Linlithgow,35.88841484595584,15.67429390859779,36,Female,5,1.253877623249846
Labour,2017,S14000043,Linlithgow,35.88841484595584,15.67429390859779,62,Male,4,0.44693761396693527
Labour,2017,S14000043,Linlithgow,35.88841484595584,15.67429390859779,79,Female,5,1.0895414906544296
Labour,2017,S14000043,Linlithgow,35.88841484595584,15.67429390859779,52,Female,4,1.109966121530814
Conservatives,2017,S14000045,Midlothian,34.84919518674793,16.71294793657663,70,Male,7,0.623571534575794
Labour,2017,S14000045,Midlothian,34.84919518674793,16.71294793657663,33,Female,5,0.5465824651254666
Labour,2017,S14000045,Midlothian,34.84919518674793,16.71294793657663,34,Female,3,1.0931649302509332
Conservatives,2017,S14000045,Midlothian,34.84919518674793,16.71294793657663,72,Male,5,0.623571534575794
Conservatives,2017,S14000045,Midlothian,34.84919518674793,16.71294793657663,70,Male,2,0.623571534575794
Labour,2017,S14000045,Midlothian,34.84919518674793,16.71294793657663,52,Female,2,0.4469278276873464
Labour,2017,S14000045,Midlothian,34.84919518674793,16.71294793657663,63,Female,8,0.48509838992548004
Labour,2017,S14000045,Midlothian,34.84919518674793,16.71294793657663,78,Male,5,0.5962107642317146
Labour,2017,S14000048,North Ayrs,32.90582631000366,19.79270271685075,52,Male,4,1.8221621349868184
Labour,2017,S14000048,North Ayrs,32.90582631000366,19.79270271685075,74,Female,,0.9948823701521536
Conservatives,2017,S14000048,North Ayrs,32.90582631000366,19.79270271685075,58,Female,5,1.111266791172591
Labour,2017,S14000048,North Ayrs,32.90582631000366,19.79270271685075,71,Female,5,0.7049812573325795
Labour,2017,S14000053,Paisley an,35.08658209093435,16.9136031113992,69,Female,4,0.9948823701521536
Conservatives,2017,S14000053,Paisley an,35.08658209093435,16.9136031113992,69,Female,5,1.1395417528009137
Labour,2017,S14000053,Paisley an,35.08658209093435,16.9136031113992,51,Female,5,0.554983060765407
Conservatives,2017,S14000053,Paisley an,35.08658209093435,16.9136031113992,56,Female,,0.5556333955862955
Labour,2017,S14000057,Stirling,37.11480714040356,17.21165246490188,51,Female,3,1.109966121530814
Conservatives,2017,S14000057,Stirling,37.11480714040356,17.21165246490188,72,Male,7,1.247143069151588
Conservatives,2017,S14000057,Stirling,37.11480714040356,17.21165246490188,75,Male,6,1.121589744960391
Conservatives,2017,S14000058,West Aberd,33.71606149820085,15.49776469305419,46,Male,7,1.1205001906426484
Conservatives,2017,S14000058,West Aberd,33.71606149820085,15.49776469305419,53,Male,,1.1205001906426484
Labour,2017,S14000058,West Aberd,33.71606149820085,15.49776469305419,54,Male,5,1.214774756657879
Conservatives,2017,S14000058,West Aberd,33.71606149820085,15.49776469305419,80,Male,5,1.365803796900078
Conservatives,2017,S14000058,West Aberd,33.71606149820085,15.49776469305419,32,Female,,1.0463056285751697
Labour,2017,S14000059,West Dunba,35.56547619047619,16.44179894179894,70,Female,5,0.4974411850760768
Labour,2017,S14000059,West Dunba,35.56547619047619,16.44179894179894,70,Female,5,0.9948823701521536
Conservatives,2017,S14000059,West Dunba,35.56547619047619,16.44179894179894,89,Male,10,1.365803796900078
Labour,2017,E14000534,Arundel an,29.02834465954537,23.88271458973753,54,Male,2,2.004018926916448
Conservatives,2017,E14000534,Arundel an,29.02834465954537,23.88271458973753,52,Female,7,1.048683163294515
Labour,2017,E14000534,Arundel an,29.02834465954537,23.88271458973753,28,Female,,0.9356608327756063
Conservatives,2017,E14000534,Arundel an,29.02834465954537,23.88271458973753,29,Male,7,1.1729054184508645
Conservatives,2017,E14000534,Arundel an,29.02834465954537,23.88271458973753,83,Male,8,0.6994822782238411
Labour,2017,E14000534,Arundel an,29.02834465954537,23.88271458973753,51,Female,2,1.3733367669144716
Conservatives,2017,E14000534,Arundel an,29.02834465954537,23.88271458973753,60,Female,,0.569123785252421
Labour,2017,E14000534,Arundel an,29.02834465954537,23.88271458973753,62,Male,1,0.4577889461884268
Conservatives,2017,E14000536,Ashford,37.03470869488224,16.75048698423942,82,Female,8,1.2782643484882943
Labour,2017,E14000536,Ashford,37.03470869488224,16.75048698423942,66,Male,2,0.7902818393108553
Conservatives,2017,E14000536,Ashford,37.03470869488224,16.75048698423942,67,Male,7,0.452595793931545
Conservatives,2017,E14000536,Ashford,37.03470869488224,16.75048698423942,52,Female,8,1.5730247449417722
Labour,2017,E14000536,Ashford,37.03470869488224,16.75048698423942,47,Male,5,1.002009463458224
Labour,2017,E14000536,Ashford,37.03470869488224,16.75048698423942,33,Female,2,1.1197062090789758
Labour,2017,E14000557,Bexhill an,28.87408539914819,26.90639054076862,62,Female,2,0.41829171893432177
Labour,2017,E14000557,Bexhill an,28.87408539914819,26.90639054076862,52,Female,3,0.9155578446096476
Conservatives,2017,E14000557,Bexhill an,28.87408539914819,26.90639054076862,76,Female,5,1.2782643484882943
Conservatives,2017,E14000557,Bexhill an,28.87408539914819,26.90639054076862,45,Male,7,1.1477051504467417
Conservatives,2017,E14000557,Bexhill an,28.87408539914819,26.90639054076862,60,Male,5,1.0487061260773192
Conservatives,2017,E14000557,Bexhill an,28.87408539914819,26.90639054076862,70,Male,7,1.9161342440133362
Conservatives,2017,E14000598,"Brighton,",44.82059598621529,10.3192300638074,31,Female,6,1.0717091963798826
Labour,2017,E14000598,"Brighton,",44.82059598621529,10.3192300638074,49,Female,3,0.9155578446096476
Conservatives,2017,E14000598,"Brighton,",44.82059598621529,10.3192300638074,80,Female,7,0.6391321742441471
Labour,2017,E14000598,"Brighton,",44.82059598621529,10.3192300638074,53,Female,4,0.4577789223048238
Labour,2017,E14000598,"Brighton,",44.82059598621529,10.3192300638074,86,Female,,0.5579973974535056
Labour,2017,E14000619,Canterbury,43.51299414348463,17.64275256222547,62,Male,5,1.087587631159358
Conservatives,2017,E14000619,Canterbury,43.51299414348463,17.64275256222547,69,Female,6,1.167209028397052
Labour,2017,E14000619,Canterbury,43.51299414348463,17.64275256222547,32,Female,5,0.9356608327756063
Conservatives,2017,E14000619,Canterbury,43.51299414348463,17.64275256222547,40,Male,7,1.0733140916587347
Conservatives,2017,E14000619,Canterbury,43.51299414348463,17.64275256222547,36,Female,7,0.9807104345668719
Labour,2017,E14000619,Canterbury,43.51299414348463,17.64275256222547,23,Male,4,1.551152082294912
Conservatives,2017,E14000619,Canterbury,43.51299414348463,17.64275256222547,70,Female,,1.167209028397052
Conservatives,2017,E14000619,Canterbury,43.51299414348463,17.64275256222547,38,Female,7,1.231913953785858
Labour,2017,E14000626,Chatham an,40.10341176591524,13.40035567068595,53,Female,3,0.5684576607575913
Labour,2017,E14000626,Chatham an,40.10341176591524,13.40035567068595,70,Female,0,0.5095187086302082
Labour,2017,E14000626,Chatham an,40.10341176591524,13.40035567068595,24,Male,0,0.673428567145388
Conservatives,2017,E14000626,Chatham an,40.10341176591524,13.40035567068595,36,Male,,1.3482375222135252
Conservatives,2017,E14000626,Chatham an,40.10341176591524,13.40035567068595,48,Male,7,1.4251896565651878
Conservatives,2017,E14000626,Chatham an,40.10341176591524,13.40035567068595,78,Female,8,1.2782643484882943
Conservatives,2017,E14000626,Chatham an,40.10341176591524,13.40035567068595,29,Male,0,1.4036170305493278
Conservatives,2017,E14000633,Chichester,31.19646655297296,24.47831835514592,46,Male,7,1.7215577256701116
Conservatives,2017,E14000633,Chichester,31.19646655297296,24.47831835514592,69,Female,6,0.4135466227446801
Conservatives,2017,E14000633,Chichester,31.19646655297296,24.47831835514592,59,Male,10,0.6228633417970744
Conservatives,2017,E14000652,Crawley,40.22627278441232,12.63450190905935,33,Male,,1.4036170305493278
Labour,2017,E14000652,Crawley,40.22627278441232,12.63450190905935,70,Male,8,1.115260102597132
Conservatives,2017,E14000652,Crawley,40.22627278441232,12.63450190905935,81,Male,8,0.6994822782238411
Labour,2017,E14000652,Crawley,40.22627278441232,12.63450190905935,64,Male,5,1.087587631159358
Labour,2017,E14000652,Crawley,40.22627278441232,12.63450190905935,62,Male,5,1.087587631159358
Conservatives,2017,E14000680,East Hamps,33.36097059255684,18.96370773073613,67,Male,7,0.90519158786309
Conservatives,2017,E14000680,East Hamps,33.36097059255684,18.96370773073613,62,Male,6,1.2457266835941487
Conservatives,2017,E14000680,East Hamps,33.36097059255684,18.96370773073613,67,Male,7,1.2774228293422245
Conservatives,2017,E14000680,East Hamps,33.36097059255684,18.96370773073613,73,Female,7,0.4135466227446801
Labour,2017,E14000680,East Hamps,33.36097059255684,18.96370773073613,49,Female,4,1.1369153215151826
Conservatives,2017,E14000680,East Hamps,33.36097059255684,18.96370773073613,54,Male,7,1.4251896565651878
Conservatives,2017,E14000680,East Hamps,33.36097059255684,18.96370773073613,44,Male,6,1.0733140916587347
Conservatives,2017,E14000680,East Hamps,33.36097059255684,18.96370773073613,58,Female,7,0.9582256010901581
Conservatives,2017,E14000680,East Hamps,33.36097059255684,18.96370773073613,47,Female,6,1.3022267929699942
Labour,2017,E14000680,East Hamps,33.36097059255684,18.96370773073613,39,Female,3,0.8562139291312992
Conservatives,2017,E14000680,East Hamps,33.36097059255684,18.96370773073613,65,Female,6,1.167209028397052
Conservatives,2017,E14000680,East Hamps,33.36097059255684,18.96370773073613,71,Male,9,0.452595793931545
Labour,2017,E14000685,Eastleigh,36.06969729094186,15.64526854466428,26,Male,3,1.0240106778049456
Conservatives,2017,E14000685,Eastleigh,36.06969729094186,15.64526854466428,58,Female,4,1.138247570504842
Conservatives,2017,E14000685,Eastleigh,36.06969729094186,15.64526854466428,55,Male,9,1.2457266835941487
Labour,2017,E14000700,Faversham,34.83686048015172,17.93888194474376,29,Female,5,0.5598531045394879
Conservatives,2017,E14000700,Faversham,34.83686048015172,17.93888194474376,72,Female,5,1.167209028397052
Labour,2017,E14000700,Faversham,34.83686048015172,17.93888194474376,70,Male,3,0.7902818393108553
Labour,2017,E14000700,Faversham,34.83686048015172,17.93888194474376,70,Male,3,0.39514091965542764
Conservatives,2017,E14000700,Faversham,34.83686048015172,17.93888194474376,26,Male,6,1.4036170305493278
Labour,2017,E14000700,Faversham,34.83686048015172,17.93888194474376,28,Female,6,0.46783041638780315
Conservatives,2017,E14000700,Faversham,34.83686048015172,17.93888194474376,59,Female,,1.138247570504842
Conservatives,2017,E14000700,Faversham,34.83686048015172,17.93888194474376,34,Female,8,1.0717091963798826
Labour,2017,E14000713,Gosport,35.60326373592282,18.61136102751838,43,Male,3,0.4685309971321884
Labour,2017,E14000713,Gosport,35.60326373592282,18.61136102751838,26,Female,0,0.46783041638780315
Labour,2017,E14000713,Gosport,35.60326373592282,18.61136102751838,19,Female,,0.7086607007813489
Conservatives,2017,E14000713,Gosport,35.60326373592282,18.61136102751838,55,Female,5,0.569123785252421
Conservatives,2017,E14000713,Gosport,35.60326373592282,18.61136102751838,23,Male,3,1.7766950302363897
Conservatives,2017,E14000713,Gosport,35.60326373592282,18.61136102751838,56,Female,7,1.138247570504842
Conservatives,2017,E14000713,Gosport,35.60326373592282,18.61136102751838,22,Male,7,0.8883475151181949
Labour,2017,E14000713,Gosport,35.60326373592282,18.61136102751838,24,Male,,1.346857134290776
Conservatives,2017,E14000736,Havant,34.43265306122449,20.86204081632653,46,Female,5,1.9533401894549913
Conservatives,2017,E14000736,Havant,34.43265306122449,20.86204081632653,51,Female,7,1.048683163294515
Conservatives,2017,E14000736,Havant,34.43265306122449,20.86204081632653,69,Male,5,1.2774228293422245
Labour,2017,E14000755,Hove,35.47762974547132,14.60607701021523,43,Female,5,1.0755283614255666
Labour,2017,E14000755,Hove,35.47762974547132,14.60607701021523,36,Female,4,0.5377641807127833
Labour,2017,E14000755,Hove,35.47762974547132,14.60607701021523,55,Female,1,0.8365834378686435
Labour,2017,E14000755,Hove,35.47762974547132,14.60607701021523,60,Male,2,0.4577889461884268
Conservatives,2017,E14000786,Lewes,30.28279208998549,24.24482946298984,72,Female,,0.583604514198526
Labour,2017,E14000786,Lewes,30.28279208998549,24.24482946298984,55,Male,3,1.087587631159358
Labour,2017,E14000786,Lewes,30.28279208998549,24.24482946298984,64,Male,2,0.4577889461884268
Labour,2017,E14000786,Lewes,30.28279208998549,24.24482946298984,89,Female,5,0.5579973974535056
Conservatives,2017,E14000803,Maidenhead,34.07585732534145,17.32141102485998,66,Female,7,0.8270932454893603
Conservatives,2017,E14000803,Maidenhead,34.07585732534145,17.32141102485998,64,Female,8,1.138247570504842
Conservatives,2017,E14000803,Maidenhead,34.07585732534145,17.32141102485998,60,Female,8,0.569123785252421
Conservatives,2017,E14000803,Maidenhead,34.07585732534145,17.32141102485998,69,Female,7,0.8270932454893603
Conservatives,2017,E14000803,Maidenhead,34.07585732534145,17.32141102485998,70,Male,8,0.90519158786309
Labour,2017,E14000803,Maidenhead,34.07585732534145,17.32141102485998,63,Female,3,0.41829171893432177
Labour,2017,E14000803,Maidenhead,34.07585732534145,17.32141102485998,73,Male,1,0.39514091965542764
Labour,2017,S14000045,Milton Key,34.84919518674793,16.71294793657663,30,Male,5,1.2254345527107768
Conservatives,2017,E14000822,Milton Key,40.53832770443149,10.89409004668446,36,Male,7,0.6741187611067626
Conservatives,2017,E14000822,Milton Key,40.53832770443149,10.89409004668446,35,Female,,0.9807104345668719
Labour,2017,E14000822,Milton Key,40.53832770443149,10.89409004668446,52,Male,5,0.6221343184463485
Conservatives,2017,E14000822,Milton Key,40.53832770443149,10.89409004668446,44,Female,5,0.9807104345668719
Conservatives,2017,E14000824,Mole Valle,31.46170277693012,20.50235181463281,51,Female,5,0.5243415816472575
Conservatives,2017,E14000824,Mole Valle,31.46170277693012,20.50235181463281,34,Female,6,1.0717091963798826
Conservatives,2017,E14000824,Mole Valle,31.46170277693012,20.50235181463281,47,Male,8,1.1477051504467417
Labour,2017,E14000824,Mole Valle,31.46170277693012,20.50235181463281,82,Male,5,
Labour,2017,E14000824,Mole Valle,31.46170277693012,20.50235181463281,31,Female,5,0.9356608327756063
Labour,2017,E14000830,Newbury,35.77880938869301,15.20034235424361,28,Male,4,0.5120053389024728
Conservatives,2017,E14000830,Newbury,35.77880938869301,15.20034235424361,53,Male,6,1.1477051504467417
Conservatives,2017,E14000830,Newbury,35.77880938869301,15.20034235424361,46,Male,8,1.1477051504467417
Conservatives,2017,E14000830,Newbury,35.77880938869301,15.20034235424361,47,Female,6,2.6044535859399884
Labour,2017,E14000844,North East,33.63340236655601,16.59190958382333,32,Female,,0.9356608327756063
Conservatives,2017,E14000844,North East,33.63340236655601,16.59190958382333,66,Male,10,1.2774228293422245
Conservatives,2017,E14000844,North East,33.63340236655601,16.59190958382333,61,Male,,1.0487061260773192
Conservatives,2017,E14000844,North East,33.63340236655601,16.59190958382333,33,Female,4,1.0717091963798826
Conservatives,2017,E14000844,North East,33.63340236655601,16.59190958382333,68,Female,5,0.583604514198526
Conservatives,2017,E14000844,North East,33.63340236655601,16.59190958382333,51,Female,10,1.3022267929699942
Conservatives,2017,E14000844,North East,33.63340236655601,16.59190958382333,69,Female,7,0.4135466227446801
Conservatives,2017,E14000844,North East,33.63340236655601,16.59190958382333,60,Male,6,
Conservatives,2017,E14000844,North East,33.63340236655601,16.59190958382333,47,Female,5,1.5730247449417722
Conservatives,2017,E14000889,Reading Ea,44.02356747614758,11.69090207180543,42,Male,5,1.0733140916587347
Conservatives,2017,E14000889,Reading Ea,44.02356747614758,11.69090207180543,36,Male,5,0.6741187611067626
Labour,2017,E14000889,Reading Ea,44.02356747614758,11.69090207180543,24,Female,6,1.062991051172023
Labour,2017,E14000889,Reading Ea,44.02356747614758,11.69090207180543,31,Male,4,0.5120053389024728
Conservatives,2017,E14000889,Reading Ea,44.02356747614758,11.69090207180543,54,Female,8,1.048683163294515
Labour,2017,E14000889,Reading Ea,44.02356747614758,11.69090207180543,43,Female,5,0.8562139291312992
Conservatives,2017,E14000898,Rochester,38.99459490267975,14.60041226928594,45,Female,7,1.048683163294515
Conservatives,2017,E14000898,Rochester,38.99459490267975,14.60041226928594,46,Male,8,1.1477051504467417
Conservatives,2017,E14000898,Rochester,38.99459490267975,14.60041226928594,49,Female,7,1.3022267929699942
Conservatives,2017,E14000898,Rochester,38.99459490267975,14.60041226928594,55,Male,6,1.8685900253912227
Labour,2017,E14000898,Rochester,38.99459490267975,14.60041226928594,41,Male,5,1.177085208445364
Conservatives,2017,E14000901,Romsey and,37.47506799637353,17.99297370806891,71,Male,5,0.90519158786309
Conservatives,2017,E14000901,Romsey and,37.47506799637353,17.99297370806891,74,Male,5,1.2774228293422245
Conservatives,2017,E14000901,Romsey and,37.47506799637353,17.99297370806891,76,Male,8,0.6994822782238411
Conservatives,2017,E14000901,Romsey and,37.47506799637353,17.99297370806891,79,Female,7,1.91739652273244
Conservatives,2017,E14000901,Romsey and,37.47506799637353,17.99297370806891,90,Male,7,1.3989645564476823
Conservatives,2017,E14000907,Runnymede,36.18574737809229,16.69908416494805,30,Male,8,1.1729054184508645
Labour,2017,E14000907,Runnymede,36.18574737809229,16.69908416494805,33,Male,4,0.6127172763553884
Conservatives,2017,E14000907,Runnymede,36.18574737809229,16.69908416494805,67,Male,7,0.90519158786309
Conservatives,2017,E14000918,Sevenoaks,33.80462587363937,18.4960023974912,80,Female,7,1.2782643484882943
Conservatives,2017,E14000918,Sevenoaks,33.80462587363937,18.4960023974912,45,Female,6,0.6511133964849971
Conservatives,2017,E14000918,Sevenoaks,33.80462587363937,18.4960023974912,76,Female,7,1.91739652273244
Conservatives,2017,E14000918,Sevenoaks,33.80462587363937,18.4960023974912,47,Female,7,1.3022267929699942
Labour,2017,E14000619,Canterbury,43.51299414348463,17.64275256222547,52,Female,2,0.5684576607575913
Labour,2017,E14000948,South Than,34.78364389233954,21.01449275362319,82,Female,6,0.5579973974535056
Conservatives,2017,E14000948,South Than,34.78364389233954,21.01449275362319,78,Female,6,1.2782643484882943
Labour,2017,E14000948,South Than,34.78364389233954,21.01449275362319,55,Male,5,0.9155778923768536
Conservatives,2017,E14000948,South Than,34.78364389233954,21.01449275362319,40,Female,5,1.231913953785858
Labour,2017,E14000956,Southampto,46.42536926053513,11.68703694964844,72,Male,5,0.557630051298566
Labour,2017,E14000956,Southampto,46.42536926053513,11.68703694964844,82,Female,0,0.5579973974535056
Labour,2017,E14000956,Southampto,46.42536926053513,11.68703694964844,34,Female,3,0.9356608327756063
Labour,2017,E14000956,Southampto,46.42536926053513,11.68703694964844,49,Male,2,1.002009463458224
Conservatives,2017,E14000956,Southampto,46.42536926053513,11.68703694964844,63,Female,7,1.707371355757263
Conservatives,2017,E14000983,Surrey Hea,34.13144739831856,16.65151859425888,42,Female,,0.49035521728343595
Conservatives,2017,E14000983,Surrey Hea,34.13144739831856,16.65151859425888,50,Female,6,1.3022267929699942
Labour,2017,E14000983,Surrey Hea,34.13144739831856,16.65151859425888,58,Female,0,0.8365834378686435
Conservatives,2017,E14000983,Surrey Hea,34.13144739831856,16.65151859425888,31,Male,6,1.1729054184508645
Conservatives,2017,E14000983,Surrey Hea,34.13144739831856,16.65151859425888,67,Male,7,1.9161342440133362
Conservatives,2017,E14000983,Surrey Hea,34.13144739831856,16.65151859425888,91,Male,10,
Conservatives,2017,E14000983,Surrey Hea,34.13144739831856,16.65151859425888,69,Male,7,1.2774228293422245
Conservatives,2017,E14000983,Surrey Hea,34.13144739831856,16.65151859425888,34,Male,7,1.1729054184508645
Conservatives,2017,E14001004,Tunbridge,35.9731607499762,16.3605215570572,62,Female,,0.569123785252421
Labour,2017,E14001004,Tunbridge,35.9731607499762,16.3605215570572,28,Female,5,0.9356608327756063
Conservatives,2017,E14001004,Tunbridge,35.9731607499762,16.3605215570572,68,Female,7,0.583604514198526
Conservatives,2017,E14001004,Tunbridge,35.9731607499762,16.3605215570572,70,Male,6,0.90519158786309
Conservatives,2017,E14001004,Tunbridge,35.9731607499762,16.3605215570572,88,Male,7,0.5744105791900848
Conservatives,2017,E14001004,Tunbridge,35.9731607499762,16.3605215570572,53,Female,5,0.6511133964849971
Conservatives,2017,E14001004,Tunbridge,35.9731607499762,16.3605215570572,69,Male,10,0.90519158786309
Conservatives,2017,E14001046,Witney,33.90564903272602,18.38345469989216,74,Male,7,0.90519158786309
Labour,2017,E14001046,Witney,33.90564903272602,18.38345469989216,18,Female,4,1.8459789949675482
Conservatives,2017,E14001046,Witney,33.90564903272602,18.38345469989216,36,Female,6,1.231913953785858
Labour,2017,E14001046,Witney,33.90564903272602,18.38345469989216,30,Male,2,0.6127172763553884
Conservatives,2017,E14001048,Wokingham,35.99699349249362,14.10289376347489,28,Female,6,0.5358545981899413
Labour,2017,E14001048,Wokingham,35.99699349249362,14.10289376347489,42,Male,4,0.9370619942643768
Conservatives,2017,E14001056,Wycombe,41.25497454881999,13.1568718186025,41,Male,7,1.0733140916587347
Conservatives,2017,E14001056,Wycombe,41.25497454881999,13.1568718186025,71,Male,6,0.6387114146711123
Conservatives,2017,E14001056,Wycombe,41.25497454881999,13.1568718186025,71,Female,5,0.583604514198526
Conservatives,2017,E14001056,Wycombe,41.25497454881999,13.1568718186025,29,Female,6,1.0717091963798826
Conservatives,2017,E14001056,Wycombe,41.25497454881999,13.1568718186025,32,Male,8,1.4036170305493278
Conservatives,2017,E14000547,Bath,42.87466660664649,15.91847758808899,66,Male,5,0.49789202251827297
Conservatives,2017,E14000547,Bath,42.87466660664649,15.91847758808899,20,Female,3,0.7753337013135442
Conservatives,2017,E14000547,Bath,42.87466660664649,15.91847758808899,69,Female,5,0.6420122233151977
Conservatives,2017,E14000547,Bath,42.87466660664649,15.91847758808899,74,Male,5,0.49789202251827297
Conservatives,2017,E14000547,Bath,42.87466660664649,15.91847758808899,65,Female,6,0.6420122233151977
Labour,2017,E14000547,Bath,42.87466660664649,15.91847758808899,80,Male,2,0.6718044290488223
Conservatives,2017,E14000547,Bath,42.87466660664649,15.91847758808899,66,Male,7,0.9957840450365459
Conservatives,2017,E14000595,Bridgwater,32.65852512916862,21.99436355096289,75,Male,8,1.5389742940175564
Conservatives,2017,E14000595,Bridgwater,32.65852512916862,21.99436355096289,33,Male,8,1.5440923922660181
Conservatives,2017,E14000595,Bridgwater,32.65852512916862,21.99436355096289,70,Female,8,0.6420122233151977
Conservatives,2017,E14000595,Bridgwater,32.65852512916862,21.99436355096289,35,Female,8,0.5394304457954463
Conservatives,2017,E14000595,Bridgwater,32.65852512916862,21.99436355096289,62,Male,4,1.370400225357557
Labour,2017,E14000595,Bridgwater,32.65852512916862,21.99436355096289,80,Female,5,1.2276846426905992
Labour,2017,E14000595,Bridgwater,32.65852512916862,21.99436355096289,74,Female,5,1.1210236761023145
Labour,2017,E14000602,Bristol We,52.63368941070799,7.202547075995252,22,Male,5,0.7408259551088828
Labour,2017,E14000602,Bristol We,52.63368941070799,7.202547075995252,55,Male,4,0.5036049105192058
Conservatives,2017,E14000602,Bristol We,52.63368941070799,7.202547075995252,78,Female,5,0.7030971457482219
Labour,2017,E14000638,Christchur,25.88520981865161,32.1713957605627,58,Male,7,1.0072098210384115
Labour,2017,E14000638,Christchur,25.88520981865161,32.1713957605627,99,Female,5,0.5040835691086731
Conservatives,2017,E14000638,Christchur,25.88520981865161,32.1713957605627,76,Female,10,0.7030971457482219
Conservatives,2017,E14000638,Christchur,25.88520981865161,32.1713957605627,77,Female,5,0.7030971457482219
Conservatives,2017,E14000638,Christchur,25.88520981865161,32.1713957605627,75,Male,6,1.5389742940175564
Conservatives,2017,E14000678,East Devon,29.29882072459449,26.7274043169143,49,Female,4,1.1536363973204284
Labour,2017,E14000678,East Devon,29.29882072459449,26.7274043169143,54,Female,5,1.2506989160107478
Labour,2017,E14000678,East Devon,29.29882072459449,26.7274043169143,62,Female,5,0.46015476222996976
Conservatives,2017,E14000678,East Devon,29.29882072459449,26.7274043169143,50,Female,8,0.5768181986602142
Conservatives,2017,E14000702,Filton and,38.95370800099298,14.86654218518958,74,Female,7,0.4549347721845878
Conservatives,2017,E14000702,Filton and,38.95370800099298,14.86654218518958,79,Female,5,0.5773790863460451
Labour,2017,E14000702,Filton and,38.95370800099298,14.86654218518958,40,Male,2,1.0308440728016652
Labour,2017,E14000702,Filton and,38.95370800099298,14.86654218518958,21,Female,1,0.7795841550498563
Labour,2017,E14000774,Kingswood,36.06262186030508,17.12237641931414,61,Female,5,0.46015476222996976
Conservatives,2017,E14000774,Kingswood,36.06262186030508,17.12237641931414,56,Female,5,1.252164497778968
Conservatives,2017,E14000774,Kingswood,36.06262186030508,17.12237641931414,68,Female,8,1.2840244466303954
Labour,2017,E14000774,Kingswood,36.06262186030508,17.12237641931414,29,Female,5,1.2317674988135667
Conservatives,2017,E14000774,Kingswood,36.06262186030508,17.12237641931414,26,Male,6,1.5440923922660181
Conservatives,2017,E14000774,Kingswood,36.06262186030508,17.12237641931414,43,Female,5,1.3552051040750368
Conservatives,2017,E14000815,Mid Dorset,31.61536271706708,21.6120208433899,65,Female,4,0.9098695443691756
Conservatives,2017,E14000815,Mid Dorset,31.61536271706708,21.6120208433899,66,Female,7,0.6420122233151977
Conservatives,2017,E14000815,Mid Dorset,31.61536271706708,21.6120208433899,27,Male,6,1.2902909369579103
Conservatives,2017,E14000815,Mid Dorset,31.61536271706708,21.6120208433899,54,Male,6,1.2625686015478004
Conservatives,2017,E14000815,Mid Dorset,31.61536271706708,21.6120208433899,19,Female,7,0.7753337013135442
Conservatives,2017,E14000815,Mid Dorset,31.61536271706708,21.6120208433899,72,Female,6,0.9098695443691756
Conservatives,2017,E14000815,Mid Dorset,31.61536271706708,21.6120208433899,71,Female,4,0.4549347721845878
Conservatives,2017,E14000815,Mid Dorset,31.61536271706708,21.6120208433899,77,Male,8,0.7694871470087782
Conservatives,2017,E14000838,North Devo,32.09454770623592,22.21486756274889,42,Male,7,1.4831704487104613
Labour,2017,E14000838,North Devo,32.09454770623592,22.21486756274889,22,Female,3,0.7795841550498563
Conservatives,2017,E14000838,North Devo,32.09454770623592,22.21486756274889,56,Female,8,1.252164497778968
Conservatives,2017,E14000846,North East,33.07364870291543,20.27605355852083,42,Female,7,0.5394304457954463
Conservatives,2017,E14000846,North East,33.07364870291543,20.27605355852083,56,Male,5,1.1536616582409367
Conservatives,2017,E14000846,North East,33.07364870291543,20.27605355852083,80,Female,7,1.1547581726920901
Conservatives,2017,E14000846,North East,33.07364870291543,20.27605355852083,85,Male,8,0.7694871470087782
Labour,2017,E14000846,North East,33.07364870291543,20.27605355852083,85,Male,3,0.5516816983158923
Conservatives,2017,E14000846,North East,33.07364870291543,20.27605355852083,95,Female,,0.5773790863460451
Conservatives,2017,E14000879,"Plymouth,",37.35359671357399,17.82623896512543,62,Male,6,1.370400225357557
Labour,2017,E14000880,"Plymouth,",46.35250773600487,12.51916986542528,31,Female,5,0.6158837494067834
Conservatives,2017,E14000880,"Plymouth,",46.35250773600487,12.51916986542528,54,Male,7,1.567824027738733
Conservatives,2017,E14000880,"Plymouth,",46.35250773600487,12.51916986542528,74,Male,5,0.7026342761466455
Conservatives,2017,E14000880,"Plymouth,",46.35250773600487,12.51916986542528,20,Female,7,3.8766685065677207
Labour,2017,E14000880,"Plymouth,",46.35250773600487,12.51916986542528,30,Female,3,1.0293026817041946
Conservatives,2017,E14000938,South East,29.95822738830367,21.7228932074101,78,Female,8,1.4061942914964438
Conservatives,2017,E14000938,South East,29.95822738830367,21.7228932074101,50,Male,5,1.8938529023216997
Labour,2017,E14000938,South East,29.95822738830367,21.7228932074101,52,Male,5,2.053194383879739
Conservatives,2017,E14000938,South East,29.95822738830367,21.7228932074101,65,Male,7,0.49789202251827297
Conservatives,2017,E14000938,South East,29.95822738830367,21.7228932074101,46,Male,7,1.567824027738733
Conservatives,2017,E14000961,St. Austel,32.97921757922162,20.96924040151072,56,Female,7,0.626082248889484
Labour,2017,E14000961,St. Austel,32.97921757922162,20.96924040151072,36,Female,,0.9419046544386972
Labour,2017,E14000961,St. Austel,32.97921757922162,20.96924040151072,31,Male,5,1.348077238219378
Conservatives,2017,E14000961,St. Austel,32.97921757922162,20.96924040151072,71,Male,8,1.405268552293291
Labour,2017,E14000961,St. Austel,32.97921757922162,20.96924040151072,53,Female,5,1.0071877668711067
Conservatives,2017,E14000964,St. Ives,30.04102648500594,23.02890662654143,71,Female,5,1.2840244466303954
Labour,2017,E14000964,St. Ives,30.04102648500594,23.02890662654143,63,Female,,0.5466040977913881
Conservatives,2017,E14000964,St. Ives,30.04102648500594,23.02890662654143,57,Male,8,1.370400225357557
Conservatives,2017,E14000964,St. Ives,30.04102648500594,23.02890662654143,83,Male,4,1.5389742940175564
Conservatives,2017,E14000964,St. Ives,30.04102648500594,23.02890662654143,68,Female,5,0.6420122233151977
Conservatives,2017,E14000990,Tewkesbury,32.2395907636497,20.07764892901543,85,Male,9,
Labour,2017,E14000990,Tewkesbury,32.2395907636497,20.07764892901543,27,Male,4,1.1264946654138068
Labour,2017,E14000990,Tewkesbury,32.2395907636497,20.07764892901543,65,Female,3,0.7943659515821292
Labour,2017,E14000990,Tewkesbury,32.2395907636497,20.07764892901543,20,Male,2,2.2224778653266477
Conservatives,2017,E14000990,Tewkesbury,32.2395907636497,20.07764892901543,35,Female,,1.0788608915908926
Conservatives,2017,E14000990,Tewkesbury,32.2395907636497,20.07764892901543,36,Male,4,1.4831704487104613
Conservatives,2017,E14000990,Tewkesbury,32.2395907636497,20.07764892901543,63,Male,5,1.370400225357557
Conservatives,2017,E14000991,The Cotswo,29.95701348023872,22.40828846876174,68,Male,10,0.7026342761466455
Conservatives,2017,E14000991,The Cotswo,29.95701348023872,22.40828846876174,47,Male,7,1.567824027738733
Conservatives,2017,E14000991,The Cotswo,29.95701348023872,22.40828846876174,62,Male,7,1.1536616582409367
Labour,2017,E14000991,The Cotswo,29.95701348023872,22.40828846876174,61,Female,4,0.9203095244599395
Labour,2017,E14000991,The Cotswo,29.95701348023872,22.40828846876174,50,Male,2,0.684398127959913
Conservatives,2017,E14001003,Truro and,33.86419379766824,20.92530994859389,73,Female,7,0.6420122233151977
Labour,2017,E14001003,Truro and,33.86419379766824,20.92530994859389,86,Female,2,0.6138423213452996
Conservatives,2017,E14001003,Truro and,33.86419379766824,20.92530994859389,75,Male,7,0.7694871470087782
Labour,2017,E14001003,Truro and,33.86419379766824,20.92530994859389,19,Female,4,1.353817582419771
Labour,2017,E14001003,Truro and,33.86419379766824,20.92530994859389,87,Female,6,0.6138423213452996
Conservatives,2017,E14001003,Truro and,33.86419379766824,20.92530994859389,95,Female,9,0.7030971457482219
Conservatives,2017,E14001031,West Dorse,28.42342342342343,26.5723863398282,61,Female,5,0.626082248889484
Conservatives,2017,E14001031,West Dorse,28.42342342342343,26.5723863398282,75,Female,7,0.7030971457482219
Conservatives,2017,E14001031,West Dorse,28.42342342342343,26.5723863398282,62,Female,7,1.054125754044738
Conservatives,2017,E14001031,West Dorse,28.42342342342343,26.5723863398282,67,Male,5,0.9957840450365459
Labour,2017,E14001031,West Dorse,28.42342342342343,26.5723863398282,62,Male,1,0.5982172311412292
Conservatives,2017,E14001038,Weston-Sup,33.69994630254679,20.71762810678122,67,Female,6,0.6420122233151977
Conservatives,2017,E14001038,Weston-Sup,33.69994630254679,20.71762810678122,21,Male,5,2.4431355026477455
Labour,2017,E14001038,Weston-Sup,33.69994630254679,20.71762810678122,64,Female,3,0.9203095244599395
Labour,2017,E14001038,Weston-Sup,33.69994630254679,20.71762810678122,41,Female,2,0.9419046544386972
Conservatives,2017,E14001038,Weston-Sup,33.69994630254679,20.71762810678122,59,Male,6,0.5768308291204683
Conservatives,2017,E14001038,Weston-Sup,33.69994630254679,20.71762810678122,72,Female,5,1.2840244466303954
Conservatives,2017,E14001038,Weston-Sup,33.69994630254679,20.71762810678122,71,Male,5,
Labour,2017,W07000057,Arfon,42.42154095058854,15.92458686213329,26,Male,5,0.4118532430848628
Conservatives,2017,W07000057,Arfon,42.42154095058854,15.92458686213329,35,Female,,0.9909423174293218
Conservatives,2017,W07000057,Arfon,42.42154095058854,15.92458686213329,,Female,10,
Labour,2017,W07000057,Arfon,42.42154095058854,15.92458686213329,24,Male,0,0.9358012999147931
Labour,2017,W07000072,Blaenau Gw,36.08302059758788,17.87177356977111,34,Male,5,0.8237064861697256
Labour,2017,W07000072,Blaenau Gw,36.08302059758788,17.87177356977111,47,Female,5,0.9145261322520873
Labour,2017,W07000072,Blaenau Gw,36.08302059758788,17.87177356977111,47,Male,5,1.0008803315831283
Labour,2017,W07000072,Blaenau Gw,36.08302059758788,17.87177356977111,66,Female,6,1.229559049198124
Labour,2017,W07000072,Blaenau Gw,36.08302059758788,17.87177356977111,65,Female,8,0.8197060327987493
Labour,2017,W07000072,Blaenau Gw,36.08302059758788,17.87177356977111,42,Male,5,0.9468384871232511
Labour,2017,W07000072,Blaenau Gw,36.08302059758788,17.87177356977111,25,Female,3,0.45034162583143966
Labour,2017,W07000050,Cardiff Ce,55.42072942324937,10.39762988524013,19,Female,3,0.9899277448598872
Labour,2017,W07000050,Cardiff Ce,55.42072942324937,10.39762988524013,23,Female,1,0.5700413368525139
Labour,2017,W07000050,Cardiff Ce,55.42072942324937,10.39762988524013,22,Female,3,2.4748193621497165
Labour,2017,W07000050,Cardiff Ce,55.42072942324937,10.39762988524013,22,Female,,0.28502066842625695
Conservatives,2017,W07000079,Cardiff We,39.4443406901249,14.30125127709361,79,Male,5,1.1253165655827342
Labour,2017,W07000079,Cardiff We,39.4443406901249,14.30125127709361,67,Female,,0.40985301639937466
Labour,2017,W07000079,Cardiff We,39.4443406901249,14.30125127709361,34,Female,2,0.45034162583143966
Conservatives,2017,W07000079,Cardiff We,39.4443406901249,14.30125127709361,78,Female,10,1.0282262262600026
Labour,2017,W07000079,Cardiff We,39.4443406901249,14.30125127709361,41,Male,4,0.37688280959787546
Labour,2017,W07000079,Cardiff We,39.4443406901249,14.30125127709361,54,Male,0,0.40300443742599407
Conservatives,2017,W07000079,Cardiff We,39.4443406901249,14.30125127709361,51,Female,5,0.4217764239501498
Labour,2017,W07000059,Clwyd West,31.27029220779221,23.93127705627706,32,Male,5,0.9857303359454174
Labour,2017,W07000059,Clwyd West,31.27029220779221,23.93127705627706,29,Female,1,0.7526385354343342
Labour,2017,W07000059,Clwyd West,31.27029220779221,23.93127705627706,87,Female,1,0.4488489090109166
Labour,2017,W07000059,Clwyd West,31.27029220779221,23.93127705627706,45,Female,0,0.9145261322520873
Conservatives,2017,W07000059,Clwyd West,31.27029220779221,23.93127705627706,60,Male,3,0.4217856594950255
Conservatives,2017,W07000059,Clwyd West,31.27029220779221,23.93127705627706,55,Male,7,0.5010265866908555
Conservatives,2017,W07000059,Clwyd West,31.27029220779221,23.93127705627706,79,Female,8,0.5141131131300013
Conservatives,2017,W07000059,Clwyd West,31.27029220779221,23.93127705627706,45,Male,8,0.9232053894788166
Conservatives,2017,W07000059,Clwyd West,31.27029220779221,23.93127705627706,88,Male,8,0.4620515489326831
Conservatives,2017,W07000042,Delyn,33.8023742517964,18.78687447322181,72,Female,7,0.33265379245709714
Labour,2017,W07000042,Delyn,33.8023742517964,18.78687447322181,63,Male,5,0.43742365459717086
Conservatives,2017,W07000042,Delyn,33.8023742517964,18.78687447322181,78,Female,7,0.5141131131300013
Labour,2017,W07000042,Delyn,33.8023742517964,18.78687447322181,24,Male,2,1.0834017471745585
Labour,2017,W07000042,Delyn,33.8023742517964,18.78687447322181,60,Female,0,0.7993670179562289
Labour,2017,W07000042,Delyn,33.8023742517964,18.78687447322181,89,Female,3,0.4488489090109166
Conservatives,2017,W07000042,Delyn,33.8023742517964,18.78687447322181,27,Male,5,1.1290589807521514
Labour,2017,W07000042,Delyn,33.8023742517964,18.78687447322181,46,Male,5,1.501320497374692
Labour,2017,W07000042,Delyn,33.8023742517964,18.78687447322181,68,Female,3,0.8712749471435264
Conservatives,2017,W07000063,Montgomery,32.32098339578859,21.37067059690493,64,Male,4,0.4217856594950255
Conservatives,2017,W07000063,Montgomery,32.32098339578859,21.37067059690493,66,Female,2,0.9388941621853387
Labour,2017,W07000063,Montgomery,32.32098339578859,21.37067059690493,73,Female,3,0.8197060327987493
Conservatives,2017,W07000063,Montgomery,32.32098339578859,21.37067059690493,52,Male,7,1.3848080842182249
Labour,2017,W07000056,Newport We,37.50073184154752,16.98106579548249,26,Male,2,0.9857303359454174
Labour,2017,W07000056,Newport We,37.50073184154752,16.98106579548249,32,Female,5,0.45034162583143966
Conservatives,2017,W07000056,Newport We,37.50073184154752,16.98106579548249,51,Male,5,0.9232053894788166
Labour,2017,W07000056,Newport We,37.50073184154752,16.98106579548249,77,Male,4,0.9824630025066106
Conservatives,2017,W07000056,Newport We,37.50073184154752,16.98106579548249,31,Female,7,0.8620748157022687
Labour,2017,W07000056,Newport We,37.50073184154752,16.98106579548249,35,Female,4,0.6887320437772401
Conservatives,2017,W07000056,Newport We,37.50073184154752,16.98106579548249,68,Male,4,1.092193956044556
Labour,2017,W07000075,Pontypridd,37.64993971335878,16.16427798978235,36,Male,5,1.8936769742465023
Labour,2017,W07000075,Pontypridd,37.64993971335878,16.16427798978235,36,Female,5,0.8651469233355858
Labour,2017,W07000075,Pontypridd,37.64993971335878,16.16427798978235,34,Male,0,0.9857303359454174
Conservatives,2017,W07000075,Pontypridd,37.64993971335878,16.16427798978235,50,Female,5,0.5237507181725429
Labour,2017,W07000075,Pontypridd,37.64993971335878,16.16427798978235,65,Male,5,
Conservatives,2017,W07000075,Pontypridd,37.64993971335878,16.16427798978235,64,Male,6,1.002053173381711
Labour,2017,W07000047,Swansea We,42.98358704814797,17.24227698715724,79,Male,0,1.2101889351699744
Conservatives,2017,W07000047,Swansea We,42.98358704814797,17.24227698715724,80,Male,5,1.1253165655827342
Conservatives,2017,W07000047,Swansea We,42.98358704814797,17.24227698715724,74,Female,8,0.6653075849141943
Conservatives,2017,W07000047,Swansea We,42.98358704814797,17.24227698715724,71,Female,6,0.33265379245709714
Labour,2017,W07000078,Vale of Gl,35.71874392477464,17.68594026582628,31,Male,7,0.9857303359454174
Labour,2017,W07000078,Vale of Gl,35.71874392477464,17.68594026582628,,Female,5,
Labour,2017,W07000078,Vale of Gl,35.71874392477464,17.68594026582628,83,Male,3,0.8067926234466494
Labour,2017,W07000078,Vale of Gl,35.71874392477464,17.68594026582628,61,Male,4,0.7364839692502463
Conservatives,2017,W07000078,Vale of Gl,35.71874392477464,17.68594026582628,52,Female,5,1.2653292718504494
Labour,2017,W07000041,Ynys Mon,32.12140327737237,22.43121962409141,79,Male,0,0.9824630025066106
Labour,2017,W07000041,Ynys Mon,32.12140327737237,22.43121962409141,40,Male,5,0.9468384871232511
Labour,2017,W07000041,Ynys Mon,32.12140327737237,22.43121962409141,21,Male,2,1.0834017471745585
Conservatives,2017,W07000041,Ynys Mon,32.12140327737237,22.43121962409141,70,Female,5,0.46944708109266936
Labour,2017,W07000041,Ynys Mon,32.12140327737237,22.43121962409141,53,Female,5,0.45726306612604367
Labour,2017,W07000041,Ynys Mon,32.12140327737237,22.43121962409141,67,Female,4,0.8197060327987493
Conservatives,2017,W07000041,Ynys Mon,32.12140327737237,22.43121962409141,62,Male,6,0.4217856594950255
Labour,2017,W07000041,Ynys Mon,32.12140327737237,22.43121962409141,38,Female,,0.6887320437772401
Labour,2017,W07000041,Ynys Mon,32.12140327737237,22.43121962409141,52,Female,3,0.36823392148855705
Conservatives,2017,W07000041,Ynys Mon,32.12140327737237,22.43121962409141,58,Female,6,0.4577988916588045
Conservatives,2017,E14000560,Birmingham,44.11192113329468,13.80374451163947,63,Male,8,0.46497891664320073
Labour,2017,E14000560,Birmingham,44.11192113329468,13.80374451163947,33,Female,3,0.8358812360895516
Labour,2017,E14000560,Birmingham,44.11192113329468,13.80374451163947,40,Female,0,0.4014508309895255
Labour,2017,E14000560,Birmingham,44.11192113329468,13.80374451163947,31,Female,3,0.6984879847226868
Labour,2017,E14000560,Birmingham,44.11192113329468,13.80374451163947,20,Female,3,0.9187048004780028
Conservatives,2017,E14000560,Birmingham,44.11192113329468,13.80374451163947,36,Male,6,0.8012486689575534
Labour,2017,E14000560,Birmingham,44.11192113329468,13.80374451163947,54,Male,3,0.7480184552855446
Labour,2017,E14000561,Birmingham,42.19763136901962,14.14019513592014,72,Male,5,0.8325621359973165
Conservatives,2017,E14000561,Birmingham,42.19763136901962,14.14019513592014,74,Male,8,0.953619587836257
Conservatives,2017,E14000561,Birmingham,42.19763136901962,14.14019513592014,67,Male,8,0.4768097939181285
Conservatives,2017,E14000561,Birmingham,42.19763136901962,14.14019513592014,72,Male,1,0.953619587836257
Conservatives,2017,E14000561,Birmingham,42.19763136901962,14.14019513592014,29,Male,8,0.8755954223003604
Labour,2017,E14000562,Birmingham,47.7438224737714,10.98409028161237,64,Female,0,0.3122624454824141
Labour,2017,E14000562,Birmingham,47.7438224737714,10.98409028161237,40,Female,3,0.31958970649455537
Labour,2017,E14000562,Birmingham,47.7438224737714,10.98409028161237,38,Female,4,0.802901661979051
Labour,2017,E14000563,Birmingham,51.95105113496277,10.48751623136475,56,Female,5,0.7418544641802286
Labour,2017,E14000563,Birmingham,51.95105113496277,10.48751623136475,41,Female,0,0.802901661979051
Labour,2017,E14000563,Birmingham,51.95105113496277,10.48751623136475,23,Male,4,1.4474543739670616
Labour,2017,E14000563,Birmingham,51.95105113496277,10.48751623136475,60,Male,4,1.0252435516711296
Conservatives,2017,E14000563,Birmingham,51.95105113496277,10.48751623136475,80,Female,8,1.4313716959859744
Labour,2017,E14000563,Birmingham,51.95105113496277,10.48751623136475,42,Male,3,0.8787157122468366
Labour,2017,E14000567,Birmingham,46.01843043423948,13.74499120758742,85,Female,5,0.8331105972911348
Labour,2017,E14000567,Birmingham,46.01843043423948,13.74499120758742,35,Female,3,0.6391794129891107
Labour,2017,E14000567,Birmingham,46.01843043423948,13.74499120758742,62,Male,5,0.34174785055704343
Labour,2017,E14000567,Birmingham,46.01843043423948,13.74499120758742,43,Female,,0.31958970649455537
Labour,2017,E14000567,Birmingham,46.01843043423948,13.74499120758742,27,Female,5,0.6984879847226868
Labour,2017,E14000567,Birmingham,46.01843043423948,13.74499120758742,56,Female,5,0.3709272320901143
Conservatives,2017,E14000567,Birmingham,46.01843043423948,13.74499120758742,70,Female,7,0.871342962574031
Labour,2017,E14000567,Birmingham,46.01843043423948,13.74499120758742,71,Male,5,0.41628106799865827
Conservatives,2017,E14000567,Birmingham,46.01843043423948,13.74499120758742,73,Male,7,0.4768097939181285
Labour,2017,E14000567,Birmingham,46.01843043423948,13.74499120758742,67,Male,5,0.8325621359973165
Labour,2017,E14000568,Birmingham,43.50465626112537,13.90694972736982,48,Male,6,0.4644346873314386
Labour,2017,E14000568,Birmingham,43.50465626112537,13.90694972736982,66,Male,10,0.8325621359973165
Labour,2017,E14000568,Birmingham,43.50465626112537,13.90694972736982,60,Male,8,0.6834957011140869
Conservatives,2017,E14000568,Birmingham,43.50465626112537,13.90694972736982,52,Male,,2.127860472921122
Conservatives,2017,E14000568,Birmingham,43.50465626112537,13.90694972736982,30,Male,7,1.0478258751972005
Conservatives,2017,E14000568,Birmingham,43.50465626112537,13.90694972736982,70,Male,6,0.3378710670825155
Labour,2017,E14000568,Birmingham,43.50465626112537,13.90694972736982,51,Female,0,0.8487281543780664
Conservatives,2017,E14000568,Birmingham,43.50465626112537,13.90694972736982,44,Male,7,
Labour,2017,E14000568,Birmingham,43.50465626112537,13.90694972736982,27,Female,,0.4179406180447758
Conservatives,2017,E14000605,Bromsgrove,31.9852195179256,20.43529801253778,53,Female,2,0.4860681009673297
Labour,2017,E14000605,Bromsgrove,31.9852195179256,20.43529801253778,55,Male,4,0.6834957011140869
Conservatives,2017,E14000605,Bromsgrove,31.9852195179256,20.43529801253778,56,Female,4,0.42486135135042774
Conservatives,2017,E14000605,Bromsgrove,31.9852195179256,20.43529801253778,69,Male,5,0.4768097939181285
Conservatives,2017,E14000605,Bromsgrove,31.9852195179256,20.43529801253778,67,Female,7,0.871342962574031
Conservatives,2017,E14000605,Bromsgrove,31.9852195179256,20.43529801253778,65,Female,7,0.6174402881713436
Conservatives,2017,E14000605,Bromsgrove,31.9852195179256,20.43529801253778,61,Female,5,0.7153329984217323
Labour,2017,E14000618,Cannock Ch,36.32492663807432,16.06472266113973,30,Female,7,0.8358812360895516
Conservatives,2017,E14000618,Cannock Ch,36.32492663807432,16.06472266113973,39,Female,,0.919646376966603
Labour,2017,E14000618,Cannock Ch,36.32492663807432,16.06472266113973,58,Male,5,0.811904128170348
Labour,2017,E14000618,Cannock Ch,36.32492663807432,16.06472266113973,67,Male,4,0.8325621359973165
Labour,2017,E14000618,Cannock Ch,36.32492663807432,16.06472266113973,24,Male,7,0.5789817495868246
Conservatives,2017,E14000618,Cannock Ch,36.32492663807432,16.06472266113973,65,Male,9,0.953619587836257
Labour,2017,E14000618,Cannock Ch,36.32492663807432,16.06472266113973,64,Female,0,0.3709272320901143
Conservatives,2017,E14000618,Cannock Ch,36.32492663807432,16.06472266113973,61,Female,8,0.8497227027008555
Conservatives,2017,E14000618,Cannock Ch,36.32492663807432,16.06472266113973,65,Male,8,0.675742134165031
Labour,2017,E14000618,Cannock Ch,36.32492663807432,16.06472266113973,73,Male,5,0.294979948912514
Conservatives,2017,E14000618,Cannock Ch,36.32492663807432,16.06472266113973,29,Female,,0.9574212967118985
Conservatives,2017,E14000618,Cannock Ch,36.32492663807432,16.06472266113973,69,Male,5,0.4768097939181285
Conservatives,2017,E14000618,Cannock Ch,36.32492663807432,16.06472266113973,61,Male,8,0.3914391854990445
Conservatives,2017,E14000618,Cannock Ch,36.32492663807432,16.06472266113973,63,Male,7,0.782878370998089
Labour,2017,E14000650,Coventry N,40.20243476881592,16.21956538980093,73,Male,4,0.8325621359973165
Labour,2017,E14000650,Coventry N,40.20243476881592,16.21956538980093,51,Female,5,1.3669614701758248
Labour,2017,E14000650,Coventry N,40.20243476881592,16.21956538980093,38,Female,3,1.2043524929685758
Conservatives,2017,E14000650,Coventry N,40.20243476881592,16.21956538980093,68,Male,6,0.675742134165031
Conservatives,2017,E14000650,Coventry N,40.20243476881592,16.21956538980093,32,Male,6,0.5239129375986002
Conservatives,2017,E14000650,Coventry N,40.20243476881592,16.21956538980093,42,Male,2,1.5097260836891548
Labour,2017,E14000650,Coventry N,40.20243476881592,16.21956538980093,23,Male,5,1.5081803563093379
Conservatives,2017,E14000722,Halesowen,36.19372645128781,18.57213206747672,77,Female,10,0.9542477973239829
Labour,2017,E14000722,Halesowen,36.19372645128781,18.57213206747672,24,Male,2,1.0054535708728916
Conservatives,2017,E14000722,Halesowen,36.19372645128781,18.57213206747672,81,Female,9,0.47712389866199145
Labour,2017,E14000722,Halesowen,36.19372645128781,18.57213206747672,45,Female,5,0.3417403675439562
Conservatives,2017,E14000722,Halesowen,36.19372645128781,18.57213206747672,51,Female,7,0.7828612288592685
Conservatives,2017,E14000767,Kenilworth,31.66048068147246,21.01734104046243,48,Female,7,0.7828612288592685
Conservatives,2017,E14000767,Kenilworth,31.66048068147246,21.01734104046243,50,Female,3,0.3914306144296342
Labour,2017,E14000767,Kenilworth,31.66048068147246,21.01734104046243,40,Female,4,0.6391794129891107
Conservatives,2017,E14000767,Kenilworth,31.66048068147246,21.01734104046243,58,Female,6,0.42486135135042774
Labour,2017,E14000767,Kenilworth,31.66048068147246,21.01734104046243,45,Female,5,0.8487281543780664
Conservatives,2017,E14000767,Kenilworth,31.66048068147246,21.01734104046243,77,Female,7,0.47712389866199145
Conservatives,2017,E14000767,Kenilworth,31.66048068147246,21.01734104046243,66,Male,5,0.953619587836257
Conservatives,2017,E14000767,Kenilworth,31.66048068147246,21.01734104046243,54,Female,5,1.1742918432889022
Conservatives,2017,E14000767,Kenilworth,31.66048068147246,21.01734104046243,79,Male,10,1.0443527178891265
Labour,2017,E14000767,Kenilworth,31.66048068147246,21.01734104046243,76,Female,0,0.34207266975694445
Conservatives,2017,E14000791,Lichfield,31.90514599128892,20.06452653653815,80,Male,9,1.0443527178891265
Conservatives,2017,E14000791,Lichfield,31.90514599128892,20.06452653653815,47,Male,7,
Labour,2017,E14000791,Lichfield,31.90514599128892,20.06452653653815,26,Female,,0.8358812360895516
Conservatives,2017,E14000791,Lichfield,31.90514599128892,20.06452653653815,71,Female,10,0.871342962574031
Conservatives,2017,E14000791,Lichfield,31.90514599128892,20.06452653653815,79,Male,5,0.4288080400583523
Labour,2017,E14000791,Lichfield,31.90514599128892,20.06452653653815,62,Female,5,0.3709272320901143
Conservatives,2017,E14000791,Lichfield,31.90514599128892,20.06452653653815,72,Male,8,0.953619587836257
Conservatives,2017,E14000791,Lichfield,31.90514599128892,20.06452653653815,72,Male,5,0.675742134165031
Labour,2017,E14000791,Lichfield,31.90514599128892,20.06452653653815,42,Female,4,0.6391794129891107
Conservatives,2017,E14000791,Lichfield,31.90514599128892,20.06452653653815,59,Female,7,0.8497227027008555
Labour,2017,E14000791,Lichfield,31.90514599128892,20.06452653653815,80,Female,5,0.8331105972911348
Conservatives,2017,E14000849,North Shro,34.11880922238846,19.53331798826102,53,Male,7,0.8567829597112665
Conservatives,2017,E14000849,North Shro,34.11880922238846,19.53331798826102,75,Male,6,1.0443527178891265
Labour,2017,E14000849,North Shro,34.11880922238846,19.53331798826102,89,Female,2,0.4165552986455674
Conservatives,2017,E14000849,North Shro,34.11880922238846,19.53331798826102,72,Male,5,0.675742134165031
Conservatives,2017,E14000849,North Shro,34.11880922238846,19.53331798826102,53,Female,5,0.7828612288592685
Conservatives,2017,E14000849,North Shro,34.11880922238846,19.53331798826102,88,Female,8,0.47712389866199145
Conservatives,2017,E14000849,North Shro,34.11880922238846,19.53331798826102,65,Male,6,0.675742134165031
Conservatives,2017,E14000849,North Shro,34.11880922238846,19.53331798826102,50,Male,5,1.063930236460561
Conservatives,2017,E14000854,North Warw,33.95383966057268,18.13426039051914,90,Male,5,0.5221763589445633
Labour,2017,E14000854,North Warw,33.95383966057268,18.13426039051914,55,Male,10,0.405952064085174
Labour,2017,E14000854,North Warw,33.95383966057268,18.13426039051914,69,Male,5,0.294979948912514
Conservatives,2017,E14000854,North Warw,33.95383966057268,18.13426039051914,48,Male,5,1.063930236460561
Conservatives,2017,E14000854,North Warw,33.95383966057268,18.13426039051914,71,Male,7,0.953619587836257
Conservatives,2017,E14000854,North Warw,33.95383966057268,18.13426039051914,67,Male,5,0.953619587836257
Conservatives,2017,E14000854,North Warw,33.95383966057268,18.13426039051914,32,Male,4,0.8755954223003604
Conservatives,2017,E14000854,North Warw,33.95383966057268,18.13426039051914,40,Female,8,1.3794695654499038
Labour,2017,E14000905,Rugby,35.75179442562844,17.45124237433842,36,Female,5,0.802901661979051
Labour,2017,E14000905,Rugby,35.75179442562844,17.45124237433842,42,Female,4,0.4014508309895255
Labour,2017,E14000905,Rugby,35.75179442562844,17.45124237433842,53,Male,4,0.7480184552855446
Conservatives,2017,E14000905,Rugby,35.75179442562844,17.45124237433842,65,Male,5,
Conservatives,2017,E14000905,Rugby,35.75179442562844,17.45124237433842,78,Male,7,0.8576160801167046
Labour,2017,E14000945,South Staf,31.71213496342961,20.77732101863221,62,Female,3,0.6245248909648282
Conservatives,2017,E14000945,South Staf,31.71213496342961,20.77732101863221,75,Male,6,0.5221763589445633
Labour,2017,E14000945,South Staf,31.71213496342961,20.77732101863221,52,Female,3,0.6834807350879124
Labour,2017,E14000945,South Staf,31.71213496342961,20.77732101863221,32,Female,3,0.6984879847226868
Labour,2017,E14000945,South Staf,31.71213496342961,20.77732101863221,78,Female,5,0.4165552986455674
Labour,2017,E14000945,South Staf,31.71213496342961,20.77732101863221,62,Female,,0.7418544641802286
Conservatives,2017,E14000945,South Staf,31.71213496342961,20.77732101863221,75,Male,7,1.0443527178891265
Conservatives,2017,E14000965,Stafford,35.03963046559235,18.29300299196893,75,Female,8,0.7836224690975301
Conservatives,2017,E14000965,Stafford,35.03963046559235,18.29300299196893,57,Female,5,0.8497227027008555
Labour,2017,E14000965,Stafford,35.03963046559235,18.29300299196893,63,Female,4,0.3122624454824141
Labour,2017,E14000965,Stafford,35.03963046559235,18.29300299196893,49,Female,3,0.8487281543780664
Conservatives,2017,E14000965,Stafford,35.03963046559235,18.29300299196893,68,Female,8,0.871342962574031
Conservatives,2017,E14000965,Stafford,35.03963046559235,18.29300299196893,64,Female,6,0.7153329984217323
Conservatives,2017,E14000965,Stafford,35.03963046559235,18.29300299196893,76,Female,6,0.9542477973239829
Labour,2017,E14000965,Stafford,35.03963046559235,18.29300299196893,42,Female,2,0.31958970649455537
Conservatives,2017,E14000965,Stafford,35.03963046559235,18.29300299196893,62,Female,3,0.7153329984217323
Conservatives,2017,E14000989,Telford,40.06684447592382,13.26043891587999,48,Male,5,0.5319651182302805
Labour,2017,E14000989,Telford,40.06684447592382,13.26043891587999,45,Male,2,0.7480184552855446
Labour,2017,E14000989,Telford,40.06684447592382,13.26043891587999,69,Male,3,0.8325621359973165
Conservatives,2017,E14000989,Telford,40.06684447592382,13.26043891587999,50,Female,5,1.9442724038693189
Labour,2017,E14000989,Telford,40.06684447592382,13.26043891587999,71,Male,6,0.589959897825028
Conservatives,2017,E14001029,West Bromw,39.68874247415654,16.48869703510167,49,Male,,0.5319651182302805
Conservatives,2017,E14001029,West Bromw,39.68874247415654,16.48869703510167,57,Male,7,1.1743175564971335
Labour,2017,E14001029,West Bromw,39.68874247415654,16.48869703510167,39,Male,3,0.8787157122468366
Labour,2017,E14001029,West Bromw,39.68874247415654,16.48869703510167,80,Male,4,0.9117771285646783
Conservatives,2017,E14001029,West Bromw,39.68874247415654,16.48869703510167,26,Female,4,0.9574212967118985
Labour,2017,E14001029,West Bromw,39.68874247415654,16.48869703510167,76,Female,4,0.8331105972911348
Labour,2017,E14001029,West Bromw,39.68874247415654,16.48869703510167,54,Female,4,0.6834807350879124
Conservatives,2017,E14001029,West Bromw,39.68874247415654,16.48869703510167,53,Male,8,1.063930236460561
Labour,2017,E14001029,West Bromw,39.68874247415654,16.48869703510167,71,Male,3,0.8325621359973165
Conservatives,2017,E14001035,West Worce,29.30677082196862,24.37648650417857,68,Female,8,0.4356714812870155
Conservatives,2017,E14001035,West Worce,29.30677082196862,24.37648650417857,73,Female,9,0.871342962574031
Conservatives,2017,E14001035,West Worce,29.30677082196862,24.37648650417857,61,Male,,0.782878370998089
Labour,2017,E14001035,West Worce,29.30677082196862,24.37648650417857,43,Female,2,0.6391794129891107
Conservatives,2017,E14001035,West Worce,29.30677082196862,24.37648650417857,62,Male,6,0.782878370998089
Labour,2017,E14001035,West Worce,29.30677082196862,24.37648650417857,84,Female,5,0.4165552986455674
Conservatives,2017,E14001058,Wyre Fores,32.24291911201837,20.88594029089053,68,Female,5,0.6174402881713436
Conservatives,2017,E14001058,Wyre Fores,32.24291911201837,20.88594029089053,80,Female,,0.47712389866199145
Labour,2017,E14001058,Wyre Fores,32.24291911201837,20.88594029089053,35,Female,5,0.6391794129891107
Labour,2017,E14001058,Wyre Fores,32.24291911201837,20.88594029089053,36,Female,3,0.6391794129891107
Labour,2017,E14001058,Wyre Fores,32.24291911201837,20.88594029089053,23,Male,4,1.4474543739670616
Labour,2017,E14001058,Wyre Fores,32.24291911201837,20.88594029089053,81,Male,2,0.7487458150348011
Conservatives,2017,E14000556,Beverley a,30.41765248426034,20.98187432329471,66,Female,8,0.4022949017773311
Conservatives,2017,E14000556,Beverley a,30.41765248426034,20.98187432329471,,Female,7,
Labour,2017,E14000556,Beverley a,30.41765248426034,20.98187432329471,50,Male,4,1.4621203868375736
Labour,2017,E14000556,Beverley a,30.41765248426034,20.98187432329471,58,Female,4,0.40691089402716846
Conservatives,2017,E14000556,Beverley a,30.41765248426034,20.98187432329471,77,Female,8,1.243485503780909
Labour,2017,E14000556,Beverley a,30.41765248426034,20.98187432329471,39,Female,5,
Labour,2017,E14000556,Beverley a,30.41765248426034,20.98187432329471,52,Male,5,0.9747469245583824
Conservatives,2017,E14000588,Bradford S,41.99812890836575,12.95780195972229,48,Female,5,0.5100753663191836
Labour,2017,E14000588,Bradford S,41.99812890836575,12.95780195972229,45,Female,2,1.1059822821488077
Labour,2017,E14000588,Bradford S,41.99812890836575,12.95780195972229,44,Female,6,0.416459087773665
Conservatives,2017,E14000588,Bradford S,41.99812890836575,12.95780195972229,67,Male,5,1.242666880574741
Conservatives,2017,E14000588,Bradford S,41.99812890836575,12.95780195972229,67,Male,8,0.6213334402873705
Labour,2017,E14000588,Bradford S,41.99812890836575,12.95780195972229,48,Female,5,0.4453237348719727
Labour,2017,E14000596,Brigg and,32.74975203561461,19.0874910617489,67,Male,3,0.38438997858562346
Conservatives,2017,E14000596,Brigg and,32.74975203561461,19.0874910617489,69,Male,8,0.8805632567186346
Conservatives,2017,E14000596,Brigg and,32.74975203561461,19.0874910617489,66,Female,8,0.8045898035546623
Conservatives,2017,E14000596,Brigg and,32.74975203561461,19.0874910617489,48,Female,5,1.0201507326383672
Conservatives,2017,E14000596,Brigg and,32.74975203561461,19.0874910617489,75,Male,8,0.5587820933017343
Labour,2017,E14000596,Brigg and,32.74975203561461,19.0874910617489,55,Female,2,0.8138217880543369
Conservatives,2017,E14000667,Don Valley,35.41985972533774,18.19307558794572,56,Female,5,1.1072782834868935
Labour,2017,E14000667,Don Valley,35.41985972533774,18.19307558794572,67,Female,5,0.49565579204029203
Labour,2017,E14000667,Don Valley,35.41985972533774,18.19307558794572,41,Male,3,0.9115665373831346
Conservatives,2017,E14000667,Don Valley,35.41985972533774,18.19307558794572,90,Male,7,1.360901716693629
Conservatives,2017,E14000667,Don Valley,35.41985972533774,18.19307558794572,89,Male,8,0.5587820933017343
Labour,2017,E14000667,Don Valley,35.41985972533774,18.19307558794572,31,Female,,0.9102034985079578
Labour,2017,E14000689,Elmet and,31.7657569035263,20.55750178171708,72,Female,,0.9913115840805841
Labour,2017,E14000689,Elmet and,31.7657569035263,20.55750178171708,32,Female,,0.4551017492539789
Conservatives,2017,E14000689,Elmet and,31.7657569035263,20.55750178171708,50,Male,8,1.1164785428640005
Conservatives,2017,E14000689,Elmet and,31.7657569035263,20.55750178171708,52,Male,4,0.5582392714320003
Labour,2017,E14000689,Elmet and,31.7657569035263,20.55750178171708,57,Male,0,1.586995039450322
Labour,2017,E14000689,Elmet and,31.7657569035263,20.55750178171708,60,Female,2,0.9667145941653862
Labour,2017,E14000716,Great Grim,39.86945140124429,15.47204877440704,35,Female,5,0.83291817554733
Conservatives,2017,E14000716,Great Grim,39.86945140124429,15.47204877440704,85,Male,4,0.6804508583468145
Conservatives,2017,E14000723,Halifax,39.2851831656174,15.12021018192634,73,Male,7,0.6213334402873705
Labour,2017,E14000723,Halifax,39.2851831656174,15.12021018192634,52,Female,,0.8906474697439454
Labour,2017,E14000773,Kingston u,38.02565677565677,15.66693441693442,45,Male,3,0.6052073714701864
Conservatives,2017,E14000773,Kingston u,38.02565677565677,15.66693441693442,89,Female,8,0.6217427518904545
Conservatives,2017,E14000773,Kingston u,38.02565677565677,15.66693441693442,70,Female,7,1.1354517619226443
Conservatives,2017,E14000779,Leeds Nort,37.76844172850284,15.20296813618507,53,Female,5,0.5100753663191836
Conservatives,2017,E14000779,Leeds Nort,37.76844172850284,15.20296813618507,54,Female,5,1.0201507326383672
Labour,2017,E14000779,Leeds Nort,37.76844172850284,15.20296813618507,31,Male,6,0.9961495328201859
Labour,2017,E14000779,Leeds Nort,37.76844172850284,15.20296813618507,42,Male,4,1.145059232190691
Labour,2017,E14000779,Leeds Nort,37.76844172850284,15.20296813618507,64,Female,1,0.9667145941653862
Conservatives,2017,E14000779,Leeds Nort,37.76844172850284,15.20296813618507,37,Female,6,0.4770136983921952
Conservatives,2017,E14000779,Leeds Nort,37.76844172850284,15.20296813618507,62,Female,5,0.4660771638184637
Labour,2017,E14000779,Leeds Nort,37.76844172850284,15.20296813618507,74,Female,4,0.35122548550468347
Labour,2017,E14000779,Leeds Nort,37.76844172850284,15.20296813618507,54,Female,2,0.8906474697439454
Labour,2017,E14000779,Leeds Nort,37.76844172850284,15.20296813618507,19,Female,2,1.7957538464096654
Labour,2017,E14000779,Leeds Nort,37.76844172850284,15.20296813618507,64,Female,3,0.8138217880543369
Conservatives,2017,E14000779,Leeds Nort,37.76844172850284,15.20296813618507,58,Female,7,0.4660771638184637
Labour,2017,E14000876,Penistone,30.90884076082595,20.00894280047236,80,Male,2,1.782212615887583
Conservatives,2017,E14000876,Penistone,30.90884076082595,20.00894280047236,47,Female,5,1.266795981291597
Conservatives,2017,E14000876,Penistone,30.90884076082595,20.00894280047236,73,Female,,0.5677258809613221
Conservatives,2017,E14000876,Penistone,30.90884076082595,20.00894280047236,71,Female,7,1.1354517619226443
Labour,2017,E14000876,Penistone,30.90884076082595,20.00894280047236,39,Female,3,0.416459087773665
Conservatives,2017,E14000876,Penistone,30.90884076082595,20.00894280047236,69,Female,7,1.1354517619226443
Labour,2017,E14000904,Rotherham,39.00687871389233,15.70286631659922,63,Female,5,0.9667145941653862
Labour,2017,E14000904,Rotherham,39.00687871389233,15.70286631659922,37,Female,4,0.83291817554733
Labour,2017,E14000904,Rotherham,39.00687871389233,15.70286631659922,37,Female,5,0.5231327651121511
Conservatives,2017,E14000904,Rotherham,39.00687871389233,15.70286631659922,81,Male,5,1.1175641866034687
Labour,2017,E14000904,Rotherham,39.00687871389233,15.70286631659922,75,Female,3,1.0856309584187123
Conservatives,2017,E14000913,Scarboroug,32.14714730130699,22.35443895727882,66,Female,5,0.4022949017773311
Labour,2017,E14000913,Scarboroug,32.14714730130699,22.35443895727882,67,Male,5,1.0849162555185219
Conservatives,2017,E14000913,Scarboroug,32.14714730130699,22.35443895727882,62,Female,7,1.1072782834868935
Labour,2017,E14000913,Scarboroug,32.14714730130699,22.35443895727882,59,Male,4,0.890666972054194
Labour,2017,E14000913,Scarboroug,32.14714730130699,22.35443895727882,52,Female,1,1.1059822821488077
Conservatives,2017,E14000913,Scarboroug,32.14714730130699,22.35443895727882,58,Male,,
Labour,2017,E14000913,Scarboroug,32.14714730130699,22.35443895727882,22,Female,3,0.5985846154698887
Labour,2017,E14000913,Scarboroug,32.14714730130699,22.35443895727882,24,Female,4,0.6893795556161504
Labour,2017,E14000913,Scarboroug,32.14714730130699,22.35443895727882,52,Male,3,0.9747469245583824
Conservatives,2017,E14000913,Scarboroug,32.14714730130699,22.35443895727882,74,Male,10,1.242666880574741
Labour,2017,E14000917,Selby and,33.4755063613761,17.09197207860434,,Female,3,
Conservatives,2017,E14000917,Selby and,33.4755063613761,17.09197207860434,80,Female,7,0.5105713544701795
Labour,2017,E14000917,Selby and,33.4755063613761,17.09197207860434,53,Male,3,1.2104147429403729
Conservatives,2017,E14000917,Selby and,33.4755063613761,17.09197207860434,34,Male,5,1.1409931653609666
Conservatives,2017,E14000917,Selby and,33.4755063613761,17.09197207860434,72,Male,5,0.6213334402873705
Conservatives,2017,E14000917,Selby and,33.4755063613761,17.09197207860434,65,Male,7,1.320844885077952
Conservatives,2017,E14000917,Selby and,33.4755063613761,17.09197207860434,58,Female,7,0.4660771638184637
Labour,2017,E14000917,Selby and,33.4755063613761,17.09197207860434,63,Female,5,1.450071891248079
Conservatives,2017,E14000917,Selby and,33.4755063613761,17.09197207860434,35,Male,7,1.311554856793664
Conservatives,2017,E14000917,Selby and,33.4755063613761,17.09197207860434,,Female,,
Labour,2017,E14000917,Selby and,33.4755063613761,17.09197207860434,31,Female,3,0.9102034985079578
Labour,2017,E14000919,Sheffield,58.16852295201416,8.761840324763194,26,Male,5,0.5960465469956149
Labour,2017,E14000919,Sheffield,58.16852295201416,8.761840324763194,54,Female,3,1.1059822821488077
Conservatives,2017,E14000919,Sheffield,58.16852295201416,8.761840324763194,30,Male,8,1.1409931653609666
Labour,2017,E14000919,Sheffield,58.16852295201416,8.761840324763194,25,Male,1,0.9961495328201859
Labour,2017,E14000919,Sheffield,58.16852295201416,8.761840324763194,62,Female,1,0.8138217880543369
Labour,2017,E14000919,Sheffield,58.16852295201416,8.761840324763194,38,Female,3,0.83291817554733
Labour,2017,E14000920,Sheffield,36.67319572095826,17.46486149077681,63,Male,3,0.890666972054194
Conservatives,2017,E14000920,Sheffield,36.67319572095826,17.46486149077681,46,Female,2,1.266795981291597
Labour,2017,E14000922,"Sheffield,",37.26890192040825,18.86722771834012,53,Female,1,0.4453237348719727
Labour,2017,E14000922,"Sheffield,",37.26890192040825,18.86722771834012,44,Male,3,0.9115665373831346
Labour,2017,E14000922,"Sheffield,",37.26890192040825,18.86722771834012,37,Female,3,0.416459087773665
Labour,2017,E14000922,"Sheffield,",37.26890192040825,18.86722771834012,76,Female,8,0.4457567596962208
Labour,2017,E14000922,"Sheffield,",37.26890192040825,18.86722771834012,22,Male,4,0.754474272389112
Labour,2017,E14000922,"Sheffield,",37.26890192040825,18.86722771834012,42,Male,2,0.9115665373831346
Labour,2017,E14000922,"Sheffield,",37.26890192040825,18.86722771834012,39,Female,2,0.83291817554733
Conservatives,2017,E14000922,"Sheffield,",37.26890192040825,18.86722771834012,75,Male,8,1.1175641866034687
Labour,2017,E14000922,"Sheffield,",37.26890192040825,18.86722771834012,48,Male,7,0.4873734622791912
Conservatives,2017,E14000922,"Sheffield,",37.26890192040825,18.86722771834012,89,Male,9,1.360901716693629
Labour,2017,E14000923,"Sheffield,",36.44212868850705,17.80112554297819,29,Female,5,1.0892413929323739
Labour,2017,E14000923,"Sheffield,",36.44212868850705,17.80112554297819,51,Male,6,1.2104147429403729
Labour,2017,E14000923,"Sheffield,",36.44212868850705,17.80112554297819,35,Female,3,0.83291817554733
Labour,2017,E14000923,"Sheffield,",36.44212868850705,17.80112554297819,66,Female,2,0.35122548550468347
Labour,2017,E14000923,"Sheffield,",36.44212868850705,17.80112554297819,39,Male,2,0.4557832686915673
Conservatives,2017,E14000928,Skipton an,30.87461970866158,21.70128744988213,73,Male,5,0.8805632567186346
Conservatives,2017,E14000928,Skipton an,30.87461970866158,21.70128744988213,84,Male,8,0.5587820933017343
Conservatives,2017,E14000928,Skipton an,30.87461970866158,21.70128744988213,54,Female,8,1.0201507326383672
Labour,2017,E14000928,Skipton an,30.87461970866158,21.70128744988213,22,Female,5,1.7957538464096654
Conservatives,2017,E14000928,Skipton an,30.87461970866158,21.70128744988213,65,Male,7,0.8805632567186346
Labour,2017,E14001061,York Centr,44.63438706771817,13.17183951551855,19,Female,4,1.1971692309397775
Labour,2017,E14001061,York Centr,44.63438706771817,13.17183951551855,31,Female,,0.5446206964661869
Labour,2017,E14001061,York Centr,44.63438706771817,13.17183951551855,44,Female,3,0.83291817554733
Labour,2017,E14001061,York Centr,44.63438706771817,13.17183951551855,77,Male,5,0.5940708719625277
Conservatives,2017,E14001061,York Centr,44.63438706771817,13.17183951551855,75,Male,6,1.360901716693629
Labour,2017,E14001061,York Centr,44.63438706771817,13.17183951551855,44,Male,3,0.9115665373831346
Labour,2017,E14001062,York Outer,33.25684156598216,20.99325449344661,55,Male,3,0.890666972054194
Conservatives,2017,E14001062,York Outer,33.25684156598216,20.99325449344661,75,Female,7,0.6217427518904545
Conservatives,2017,E14001062,York Outer,33.25684156598216,20.99325449344661,53,Female,7,1.0201507326383672
Conservatives,2017,E14001062,York Outer,33.25684156598216,20.99325449344661,53,Male,5,0.5582392714320003
Labour,2017,E14001062,York Outer,33.25684156598216,20.99325449344661,46,Female,4,0.4453237348719727
Conservatives,2017,E14001062,York Outer,33.25684156598216,20.99325449344661,50,Female,5,0.5100753663191836
Conservatives,2017,E14001062,York Outer,33.25684156598216,20.99325449344661,82,Female,5,0.6217427518904545
Conservatives,2017,E14001062,York Outer,33.25684156598216,20.99325449344661,86,Male,8,0.5587820933017343
